ridership_id,trip_id,station_id,boardings,alightings
1,2381,200,40,20
2,4799,35,45,4
3,4590,86,47,28
4,5182,86,40,3
5,2301,118,13,31
6,3462,36,25,43
7,4780,98,56,53
8,4610,160,56,31
9,4672,22,45,30
10,5175,40,51,55
11,167,12,35,45
12,191,202,1,6
13,1458,130,52,26
14,4884,15,25,11
15,2637,126,20,37
16,2076,150,49,48
17,4629,180,25,28
18,5713,201,-9,51
19,65,1,45,16
20,2893,132,44,30
21,2236,41,42,11
22,5517,165,18,56
23,5672,151,25,27
24,5401,33,39,19
25,1626,219,2,60
26,942,117,7,37
27,2719,17,11,41
28,2098,53,48,60
29,1901,111,29,23
30,5570,124,31,28
31,5917,202,52,8
32,2743,137,54,30
33,1695,171,4,0
34,5301,152,28,38
35,9,121,58,30
36,5618,161,11,55
37,3383,22,60,42
38,4886,10,30,53
39,3231,101,56,45
40,4950,196,31,53
41,3888,39,50,54
42,739,118,7,48
43,2375,197,14,23
44,4100,169,51,15
45,5066,13,13,9
46,1616,100,59,54
47,3046,184,9,56
48,4359,115,46,47
49,4011,53,-9,46
50,767,192,3,42
51,4282,177,14,41
52,3779,216,24,17
53,3402,192,43,60
54,5570,97,5,16
55,5235,202,38,13
56,5491,61,6,49
57,1443,113,21,25
58,2095,58,37,55
59,4777,82,4,40
60,2760,101,56,25
61,136,16,41,25
62,1189,183,59,7
63,441,92,43,4
64,463,115,32,29
65,5836,217,41,3
66,4108,28,5,13
67,2982,196,55,57
68,5635,187,30,47
69,5496,162,15,38
70,1312,124,59,40
71,4880,82,37,47
72,3610,118,30,44
73,2954,77,33,37
74,303,122,5,11
75,4958,99,38,48
76,788,84,18,45
77,3918,3,3,42
78,2026,56,49,44
79,1738,33,25,32
80,3859,209,-2,26
81,2046,112,48,34
82,2353,20,23,31
83,5679,35,47,38
84,4312,69,11,44
85,3068,17,46,37
86,3389,193,5,30
87,2987,87,35,38
88,1804,178,23,23
89,5660,140,20,35
90,212,112,12,0
91,1240,197,9,35
92,5845,46,38,59
93,1930,92,60,9
94,3595,135,39,31
95,5950,50,22,51
96,5316,105,19,31
97,3364,135,42,19
98,4087,69,26,17
99,2630,9,29,43
100,4260,63,-2,48
101,4511,91,,43
102,4476,13,59,34
103,3303,190,19,52
104,2873,193,1,47
105,4448,29,41,0
106,87,28,0,35
107,4556,175,52,26
108,4030,206,16,16
109,651,151,13,28
110,5980,141,27,24
111,3147,202,40,18
112,2708,63,59,14
113,3639,114,17,47
114,1875,51,60,30
115,1212,40,50,55
116,3526,44,32,7
117,609,89,0,11
118,2378,53,35,56
119,2007,74,20,3
120,1349,30,-1,18
121,2069,122,8,48
122,5115,123,55,58
123,3499,42,38,4
124,4813,125,28,15
125,3357,97,1,36
126,2598,149,7,38
127,3597,193,19,31
128,1900,100,27,23
129,3615,166,33,33
130,3690,207,19,32
131,5596,175,22,57
132,2968,116,7,15
133,5176,157,34,16
134,2163,203,46,38
135,529,112,15,54
136,1484,87,30,16
137,3960,72,15,28
138,651,37,14,32
139,3729,114,23,24
140,596,202,54,58
141,4492,194,36,53
142,2721,96,31,37
143,4407,218,14,8
144,4872,11,40,530
145,2652,151,0,20
146,929,113,14,24
147,2985,73,2,20
148,551,147,14,17
149,1515,75,26,8
150,3845,27,8,12
151,2024,15,49,48
152,1940,52,23,56
153,5847,95,39,60
154,4795,172,34,1
155,1282,129,11,46
156,4870,104,58,0
157,4589,126,48,40
158,3856,130,41,55
159,5748,202,30,12
160,3481,64,3,37
161,3733,57,37,41
162,5938,64,55,27
163,3375,7,36,31
164,4085,129,51,20
165,92,203,,48
166,5265,75,17,23
167,3635,181,8,38
168,4996,187,49,541
169,142,114,39,14
170,5651,38,25,22
171,4234,41,22,18
172,129,86,39,19
173,2878,109,31,7
174,3622,82,13,37
175,5940,202,28,10
176,5223,81,35,5
177,4836,202,54,54
178,5494,9,32,42
179,59,127,21,45
180,1643,177,-4,51
181,3211,87,39,40
182,3584,134,13,55
183,3039,9,49,29
184,197,90,5,51
185,373,105,38,26
186,532,200,8,34
187,3180,141,15,35
188,231,212,59,11
189,4266,86,14,28
190,4561,198,9,7
191,5940,147,10,19
192,3876,27,-7,15
193,5641,50,36,2
194,4336,96,33,786
195,2137,175,58,32
196,3483,200,59,48
197,1013,109,28,10
198,3234,109,21,42
199,3270,122,30,23
200,2867,145,22,28
201,4704,193,50,20
202,25,82,60,47
203,5482,114,30,57
204,2899,4,18,2
205,5640,212,51,47
206,5037,189,32,35
207,5147,139,58,20
208,4331,115,9,13
209,4128,75,48,23
210,5156,39,2,647
211,936,5,50,18
212,486,203,29,47
213,2482,149,15,7
214,113,134,42,7
215,5575,211,7,5
216,3005,162,24,27
217,5308,73,1,45
218,5436,168,,2
219,2555,86,35,828
220,4537,151,8,8
221,190,104,55,57
222,5586,10,59,41
223,4973,203,19,39
224,3581,167,22,47
225,5321,212,,60
226,5553,58,50,41
227,4608,56,25,18
228,1350,78,23,20
229,797,125,2,33
230,1931,90,4,50
231,2432,165,42,11
232,5300,163,55,50
233,5818,105,25,44
234,4977,10,49,2
235,2129,92,13,37
236,5817,141,1,17
237,5934,141,55,48
238,3418,127,40,10
239,856,78,0,43
240,897,190,28,3
241,4113,115,13,4
242,114,152,32,7
243,3329,137,58,35
244,146,59,54,40
245,3111,155,6,43
246,786,94,3,6
247,2667,67,59,26
248,1258,95,28,14
249,2861,57,26,6
250,3297,152,32,28
251,1326,202,48,60
252,2906,128,50,47
253,2532,126,17,530
254,5169,145,41,32
255,3698,31,29,57
256,1807,23,48,21
257,771,109,2,57
258,3135,212,5,16
259,2069,115,5,57
260,303,218,16,16
261,3031,48,27,16
262,2827,175,42,32
263,1176,154,57,50
264,4883,74,46,23
265,5406,173,53,36
266,939,214,14,59
267,3793,143,2,16
268,3974,213,27,596
269,4486,207,12,28
270,3213,84,47,10
271,1423,210,30,42
272,5776,206,31,18
273,992,80,27,16
274,2214,1,50,10
275,1016,49,22,12
276,2667,91,21,24
277,1618,37,52,60
278,1249,213,5,13
279,1007,177,23,22
280,73,148,42,22
281,1086,161,23,49
282,3943,87,0,23
283,4434,129,40,3
284,2244,166,56,33
285,5711,4,28,10
286,1240,101,12,13
287,5672,170,11,42
288,4004,136,59,6
289,2034,39,26,30
290,2028,63,9,56
291,3677,115,58,46
292,2388,112,56,39
293,4151,204,32,55
294,5199,217,18,48
295,3657,164,45,29
296,4781,176,9,36
297,4974,157,12,50
298,3417,126,22,40
299,1287,213,46,48
300,3350,130,16,45
301,38,176,21,14
302,3463,113,41,32
303,1530,9,12,4
304,5843,183,49,13
305,3963,116,38,0
306,2478,11,58,13
307,4375,57,12,12
308,2613,204,42,60
309,786,132,1,6
310,2291,139,52,0
311,3469,35,34,3
312,4891,57,32,33
313,5035,165,55,23
314,590,29,22,17
315,5474,62,36,30
316,773,93,31,15
317,710,82,37,51
318,5520,97,-7,27
319,1503,61,45,24
320,2374,102,2,60
321,5350,45,51,9
322,4051,142,40,38
323,2760,27,40,50
324,5705,38,55,57
325,5253,26,60,50
326,2764,12,26,8
327,4337,75,2,4
328,3933,217,39,56
329,5338,5,25,8
330,4289,17,2,36
331,3913,165,22,11
332,3463,136,25,26
333,407,137,13,26
334,3206,143,59,51
335,1344,30,18,2
336,1852,121,12,3
337,3715,22,59,17
338,4740,5,-3,39
339,215,14,21,54
340,5448,101,11,25
341,3952,2,40,11
342,2331,127,18,32
343,5352,115,39,33
344,4339,158,10,4
345,3784,59,34,7
346,1427,40,38,50
347,1417,35,36,29
348,1431,198,20,651
349,4856,172,54,43
350,5603,217,57,18
351,3014,75,15,41
352,4400,103,50,19
353,2198,117,,3
354,5155,213,53,36
355,2209,193,27,13
356,4905,214,33,15
357,2871,93,40,41
358,140,72,53,58
359,1999,139,31,879
360,4095,192,29,2
361,445,188,12,7
362,1187,25,40,56
363,1860,197,23,37
364,20,73,12,13
365,3071,173,26,37
366,151,30,3,5
367,254,24,56,39
368,1711,84,11,0
369,3562,43,11,51
370,447,176,36,13
371,3177,191,17,8
372,3266,215,59,14
373,3106,25,18,3
374,1280,49,6,0
375,703,177,28,7
376,4769,76,20,29
377,2049,12,21,48
378,5455,164,36,537
379,4899,182,0,0
380,2726,106,49,28
381,1907,164,22,10
382,1851,94,38,23
383,3541,62,23,11
384,1965,167,60,1
385,1522,207,59,33
386,3084,123,6,3
387,2675,191,27,1
388,4761,43,12,23
389,3607,114,18,5
390,4752,12,23,30
391,2762,50,9,8
392,5590,160,59,39
393,4041,178,50,43
394,1338,101,7,20
395,4282,160,45,58
396,4294,153,51,45
397,5970,142,55,15
398,868,82,55,7
399,2115,42,46,16
400,2399,180,51,32
401,2985,79,26,28
402,5512,53,28,4
403,3850,216,56,45
404,4698,1,43,26
405,2632,80,57,60
406,439,139,22,30
407,41,50,16,0
408,5321,204,5,59
409,732,119,1,24
410,5327,10,7,6
411,3703,55,34,14
412,5445,134,40,53
413,3728,42,1,60
414,2605,121,37,24
415,3457,67,0,1
416,523,171,49,54
417,2599,75,54,8
418,5922,15,45,57
419,4530,210,9,54
420,1008,108,55,17
421,5641,45,19,42
422,572,215,7,16
423,3876,82,56,18
424,3576,37,17,58
425,1195,33,14,60
426,5278,109,57,56
427,601,204,5,27
428,2144,103,3,14
429,4896,208,22,6
430,2769,158,9,15
431,5648,109,25,20
432,4058,74,27,16
433,1914,26,60,27
434,2215,149,-1,20
435,2651,166,52,18
436,5661,55,30,59
437,1834,165,43,18
438,1984,162,6,48
439,4067,140,38,54
440,5235,124,34,27
441,5608,192,20,28
442,439,29,35,51
443,1864,4,17,6
444,2644,163,54,17
445,4002,79,53,31
446,2192,180,14,23
447,5350,220,38,30
448,4940,123,2,6
449,4113,198,23,9
450,2973,215,15,4
451,5754,124,51,55
452,2082,2,50,36
453,152,22,58,47
454,2683,160,25,35
455,3668,69,41,1
456,2937,44,36,1
457,5384,91,2,38
458,4674,40,32,4
459,3662,187,9,24
460,407,102,60,13
461,4968,156,40,57
462,631,110,60,40
463,4890,89,55,853
464,5907,186,59,57
465,3124,46,47,31
466,5009,7,32,34
467,5376,14,25,32
468,730,196,7,9
469,965,118,59,37
470,1144,142,9,49
471,1313,54,15,5
472,3197,125,31,8
473,5654,182,53,13
474,2819,194,57,27
475,1433,177,29,44
476,2140,24,12,17
477,4070,168,45,31
478,1652,81,41,31
479,4015,66,11,58
480,5540,80,-5,9
481,1517,9,28,38
482,3942,67,7,23
483,3731,17,39,45
484,1176,88,3,55
485,4642,35,42,54
486,1854,165,-10,58
487,2984,92,44,54
488,4485,126,31,38
489,5785,156,14,25
490,1493,126,13,29
491,3718,39,14,33
492,816,109,43,50
493,1046,150,9,5
494,850,27,42,56
495,1961,168,13,3
496,3895,85,12,23
497,5542,12,11,55
498,4725,72,33,53
499,2363,183,46,56
500,1730,36,52,46
501,1869,220,10,747
502,2043,135,48,20
503,3888,16,60,49
504,5895,148,19,13
505,859,64,30,0
506,2894,144,56,28
507,1681,123,39,10
508,915,109,52,60
509,1523,36,,41
510,54,159,51,38
511,554,96,6,39
512,3680,216,34,19
513,4904,140,35,50
514,2019,139,0,12
515,2280,167,28,56
516,1895,140,7,6
517,1712,115,3,42
518,2184,102,10,19
519,2566,79,1,28
520,125,4,20,58
521,2917,83,41,60
522,1067,219,13,58
523,5928,26,42,7
524,225,171,35,51
525,5341,191,14,33
526,475,207,59,8
527,4383,72,31,30
528,4533,196,10,21
529,2901,57,29,4
530,3492,198,18,6
531,1924,56,47,2
532,133,98,26,26
533,4043,16,41,56
534,3290,55,48,57
535,819,147,50,4
536,5710,24,6,37
537,1805,7,38,15
538,5951,30,53,12
539,468,59,31,31
540,3822,3,49,60
541,4688,162,41,549
542,4412,149,,56
543,120,74,58,23
544,370,123,9,51
545,1496,213,17,28
546,2446,33,19,27
547,3918,63,9,23
548,2632,16,49,27
549,1102,148,42,866
550,1793,99,51,58
551,5115,163,7,730
552,1302,192,46,2
553,3906,141,52,42
554,186,217,14,20
555,5749,83,0,58
556,809,146,38,48
557,3395,139,55,51
558,2155,72,20,27
559,5768,115,47,44
560,651,212,46,28
561,1520,9,,16
562,5209,93,57,5
563,3031,177,42,20
564,2299,3,36,50
565,959,187,25,41
566,2589,154,47,38
567,291,7,4,14
568,5142,21,19,877
569,5154,138,3,24
570,157,147,4,53
571,2227,111,22,19
572,46,13,0,2
573,307,6,18,45
574,2940,65,39,29
575,1729,76,46,34
576,2876,44,-9,26
577,4760,155,9,55
578,3482,35,20,28
579,682,50,33,2
580,4936,85,47,5
581,4155,29,10,42
582,3147,91,11,43
583,491,143,43,7
584,2703,155,1,19
585,2771,6,28,55
586,579,199,31,16
587,3546,176,17,30
588,3967,220,49,46
589,1546,210,49,53
590,5127,11,44,57
591,1281,180,15,7
592,3294,121,3,10
593,3079,26,26,32
594,2397,72,24,37
595,2994,195,60,41
596,1475,65,43,19
597,5442,139,14,11
598,552,23,54,51
599,3637,162,8,17
600,5594,175,17,49
601,5836,153,52,45
602,4738,118,47,45
603,4708,24,45,54
604,2453,136,58,58
605,2505,6,56,0
606,2536,99,21,54
607,4460,66,57,25
608,4752,40,41,47
609,4122,127,35,1
610,3905,193,15,30
611,5232,173,51,30
612,2087,219,36,30
613,3710,136,2,20
614,1213,90,7,36
615,4408,117,7,27
616,4410,147,28,19
617,3750,111,27,44
618,470,178,39,5
619,4927,49,57,23
620,2074,33,21,36
621,5008,54,7,28
622,4747,128,54,59
623,4350,204,22,26
624,3666,82,36,691
625,5347,112,46,50
626,5444,152,41,42
627,3406,125,2,42
628,2274,201,28,30
629,910,70,2,22
630,3835,15,8,23
631,150,179,5,23
632,2311,66,39,817
633,5669,160,56,34
634,2653,34,23,24
635,1774,126,16,60
636,4503,69,22,21
637,5813,172,41,30
638,5515,105,13,15
639,5652,70,11,0
640,2736,7,36,57
641,1768,200,0,43
642,3854,188,30,8
643,5790,179,49,9
644,4685,84,43,32
645,4080,16,60,45
646,2234,216,60,55
647,5285,110,52,709
648,3471,208,39,825
649,1536,200,29,27
650,2509,68,34,11
651,4916,211,51,18
652,2953,12,3,30
653,3262,206,6,27
654,3918,127,55,49
655,4305,66,8,17
656,3442,74,36,4
657,3192,50,60,43
658,2734,6,54,53
659,1423,88,38,11
660,812,100,38,4
661,5023,122,33,3
662,4175,37,13,3
663,378,6,33,4
664,2523,212,-4,37
665,3935,77,14,11
666,3541,147,55,45
667,2284,160,18,6
668,740,179,24,43
669,2888,157,39,7
670,5688,45,36,54
671,2154,11,15,4
672,4444,40,35,29
673,774,68,27,58
674,2859,25,5,41
675,1545,212,14,36
676,488,95,38,60
677,3541,175,27,41
678,1264,56,36,60
679,1548,143,43,13
680,2927,174,47,56
681,1303,136,32,19
682,3884,185,30,15
683,4505,162,,20
684,1996,3,52,46
685,3675,122,50,8
686,650,117,36,13
687,3286,41,22,2
688,2704,91,12,10
689,5058,156,9,17
690,5363,163,19,43
691,4187,63,44,29
692,4575,184,29,48
693,4827,62,46,32
694,4314,146,53,17
695,650,206,10,54
696,3574,114,10,32
697,2107,128,50,34
698,5051,22,-7,18
699,5776,220,50,10
700,5083,204,24,20
701,2308,26,47,20
702,609,171,32,3
703,2341,6,16,4
704,66,118,51,6
705,1104,153,49,51
706,5640,64,29,3
707,1475,109,23,28
708,817,75,39,25
709,2930,82,1,5
710,3032,54,57,4
711,249,30,46,20
712,3026,102,28,53
713,751,209,,30
714,380,186,44,45
715,5441,178,29,17
716,756,116,23,26
717,4094,60,0,11
718,5781,180,54,28
719,1746,61,53,38
720,5191,169,2,5
721,47,26,42,56
722,4635,44,26,10
723,4519,158,54,10
724,1305,186,43,57
725,1,107,4,13
726,2742,70,54,44
727,3301,14,10,58
728,697,70,15,21
729,340,214,17,53
730,526,213,35,45
731,267,78,21,3
732,2588,192,15,59
733,922,147,60,20
734,5138,105,3,53
735,3948,104,38,49
736,5758,71,50,59
737,4051,125,38,27
738,2682,66,58,32
739,2723,97,9,20
740,68,215,17,10
741,3283,67,48,3
742,2159,170,47,44
743,899,200,46,48
744,2113,28,47,33
745,4088,28,50,7
746,4572,212,50,6
747,3024,143,1,60
748,4090,172,50,55
749,4015,11,35,10
750,4493,98,54,20
751,2152,70,46,18
752,2450,72,47,8
753,2135,197,9,47
754,5155,5,33,34
755,2839,218,2,4
756,1015,59,28,42
757,3401,198,56,11
758,2065,159,,28
759,1172,66,4,26
760,5451,130,7,18
761,46,114,24,42
762,3598,168,0,2
763,638,68,14,27
764,3870,40,42,59
765,5330,202,29,25
766,859,175,3,20
767,3761,201,5,753
768,3543,4,5,44
769,3746,90,48,7
770,4399,2,0,57
771,3877,142,16,11
772,3013,93,29,27
773,5122,110,58,30
774,375,111,27,31
775,757,155,46,10
776,1449,142,48,14
777,962,67,13,0
778,4849,204,9,7
779,3707,46,47,23
780,4381,57,12,27
781,3800,72,,44
782,4292,174,36,6
783,369,89,37,37
784,2348,177,29,40
785,3204,152,47,54
786,4420,8,5,11
787,1354,88,48,25
788,499,137,13,26
789,120,144,34,2
790,4022,211,42,2
791,3305,167,,45
792,5356,102,45,15
793,1856,96,59,21
794,5102,28,20,7
795,3104,193,4,27
796,1243,147,25,56
797,2845,139,55,25
798,1580,99,54,3
799,2948,63,55,24
800,1541,37,51,3
801,1457,84,55,17
802,4503,6,24,39
803,5018,113,35,51
804,1674,211,57,41
805,4080,25,52,53
806,1640,163,56,18
807,459,14,40,0
808,2643,139,18,32
809,1974,219,45,48
810,4617,60,-7,48
811,508,58,44,51
812,5326,183,26,0
813,4991,179,54,60
814,313,99,17,36
815,5598,63,30,23
816,44,73,18,29
817,418,163,53,60
818,4543,211,15,3
819,121,33,31,41
820,194,41,54,29
821,3018,30,12,0
822,392,83,58,40
823,969,160,34,59
824,4022,85,19,30
825,4442,131,49,0
826,1475,125,19,1
827,4183,43,32,20
828,3641,42,22,20
829,108,95,44,8
830,2956,19,20,53
831,460,30,12,21
832,3835,21,5,51
833,4180,122,43,48
834,2831,4,46,23
835,5099,192,44,7
836,5203,69,5,883
837,759,211,18,6
838,5843,212,0,31
839,342,71,47,23
840,3505,149,38,58
841,1772,206,49,9
842,5736,160,9,50
843,4602,147,57,58
844,3671,58,32,29
845,1664,11,36,59
846,3029,46,54,13
847,3076,14,23,26
848,372,113,5,9
849,1009,53,30,13
850,2434,158,5,8
851,4385,209,4,36
852,3525,100,37,18
853,3529,77,13,27
854,5680,50,5,42
855,2582,178,38,50
856,3447,142,48,7
857,4449,150,20,6
858,3126,180,14,50
859,884,137,28,39
860,3924,106,49,14
861,5520,195,2,8
862,2304,40,51,52
863,1819,178,33,33
864,1961,27,42,36
865,1190,84,1,39
866,5399,40,31,1
867,199,200,19,15
868,4476,112,59,24
869,2484,120,2,51
870,1252,100,2,47
871,2577,123,46,32
872,3495,52,26,605
873,3978,50,33,3
874,4308,38,12,12
875,354,145,29,1
876,4758,139,10,18
877,413,162,43,29
878,4290,178,59,25
879,27,145,32,42
880,5376,213,57,26
881,3308,118,33,59
882,1425,130,41,41
883,3471,140,60,36
884,113,97,49,56
885,4131,175,58,33
886,1308,125,37,3
887,1339,95,10,34
888,3092,83,32,779
889,616,174,28,38
890,5172,74,6,42
891,3739,155,28,0
892,339,143,3,33
893,4578,186,0,39
894,2833,186,16,16
895,3736,142,36,2
896,2226,137,15,12
897,2608,139,24,58
898,5198,35,24,3
899,1774,18,42,32
900,3460,181,27,47
901,2439,15,20,59
902,4735,122,40,43
903,5246,7,33,31
904,71,216,44,13
905,1418,165,49,21
906,1976,113,6,8
907,4309,136,31,1
908,658,86,50,20
909,5216,26,15,40
910,1641,183,4,18
911,979,216,30,42
912,1127,70,30,38
913,5920,65,15,12
914,4070,140,10,28
915,320,91,41,55
916,3347,112,8,2
917,115,113,33,17
918,3285,65,57,0
919,2721,114,28,18
920,3164,36,7,38
921,3980,131,42,20
922,2810,162,8,20
923,5440,219,19,9
924,4606,202,27,25
925,4999,46,,38
926,3795,42,8,45
927,5046,70,2,27
928,811,81,49,16
929,4234,42,28,45
930,1912,143,26,42
931,1792,61,39,8
932,4395,171,48,38
933,1130,40,22,41
934,3467,167,32,47
935,4613,106,57,27
936,495,59,23,25
937,2202,165,35,3
938,2558,52,31,41
939,5784,79,53,49
940,3363,38,30,14
941,34,166,,2
942,633,39,52,27
943,2338,219,24,40
944,4797,205,27,4
945,298,146,58,54
946,385,153,6,27
947,5456,152,55,20
948,2548,185,,2
949,3888,133,55,17
950,1068,168,47,55
951,2443,195,41,44
952,35,166,20,11
953,1070,88,42,43
954,4149,118,43,59
955,463,128,49,12
956,3373,102,23,52
957,3276,146,,6
958,3666,16,40,34
959,3310,193,58,4
960,4053,24,13,42
961,8,164,9,511
962,3336,70,11,9
963,3445,202,16,15
964,4713,166,19,48
965,2773,36,58,27
966,2918,16,54,20
967,2331,128,56,31
968,2158,21,-9,26
969,3064,180,36,56
970,5875,215,57,35
971,4084,88,22,38
972,4596,127,59,20
973,1535,16,16,46
974,2821,83,10,50
975,1350,196,14,3
976,811,103,59,60
977,1893,6,58,42
978,1097,155,31,29
979,2416,165,49,18
980,5879,38,37,44
981,5564,117,33,27
982,4087,178,41,46
983,5795,14,18,54
984,3723,34,16,40
985,3223,185,17,58
986,1232,202,55,50
987,4178,55,42,49
988,4612,204,0,26
989,5400,20,1,2
990,3624,144,18,18
991,5027,131,10,37
992,541,98,40,16
993,1055,129,8,27
994,2857,155,,49
995,1475,73,33,37
996,2805,165,23,30
997,4653,23,23,49
998,4332,191,16,14
999,2874,97,22,7
1000,1827,74,13,58
1001,458,184,55,29
1002,4212,198,1,26
1003,1774,19,60,46
1004,2694,157,41,18
1005,3685,139,47,50
1006,2208,220,20,741
1007,1715,177,46,53
1008,4285,42,4,40
1009,585,47,25,19
1010,776,169,32,5
1011,2152,197,31,35
1012,1782,197,29,40
1013,425,125,3,23
1014,3637,7,39,23
1015,5911,6,40,25
1016,3153,172,13,11
1017,1469,66,45,42
1018,1657,34,27,21
1019,28,197,31,38
1020,2092,190,31,2
1021,5092,203,47,54
1022,3613,155,59,33
1023,5436,85,10,44
1024,1564,159,37,39
1025,1599,100,36,51
1026,4254,77,23,17
1027,5562,207,37,34
1028,4153,93,28,45
1029,1259,135,10,25
1030,4954,5,6,26
1031,2883,27,20,38
1032,2570,43,30,59
1033,4452,213,47,31
1034,2959,165,21,47
1035,1678,19,41,28
1036,1866,19,50,42
1037,2448,210,31,21
1038,521,158,53,27
1039,3808,98,,40
1040,923,206,1,522
1041,1406,128,33,27
1042,5004,198,36,22
1043,4275,172,58,48
1044,3802,15,49,0
1045,5215,33,60,20
1046,5340,14,55,41
1047,1584,25,-4,44
1048,4063,214,57,24
1049,1706,44,46,35
1050,4715,212,43,10
1051,4080,74,43,53
1052,1535,46,25,58
1053,5006,122,20,12
1054,2851,42,42,16
1055,1691,138,31,8
1056,216,114,20,28
1057,4851,25,19,55
1058,2057,168,38,17
1059,943,152,45,36
1060,2214,81,43,36
1061,5339,99,11,40
1062,1659,142,17,0
1063,5871,213,9,49
1064,5447,20,54,22
1065,1873,171,40,26
1066,46,166,28,3
1067,900,139,9,22
1068,972,203,1,60
1069,5350,137,27,28
1070,156,123,22,37
1071,2276,213,47,23
1072,633,159,26,51
1073,3762,176,-2,50
1074,5898,86,3,45
1075,2230,1,-3,5
1076,3213,168,23,21
1077,5689,78,29,23
1078,5263,217,49,53
1079,2972,191,29,56
1080,1141,151,41,30
1081,2465,22,48,3
1082,3549,134,20,885
1083,5952,39,,15
1084,2433,110,48,44
1085,2545,180,31,714
1086,801,215,24,60
1087,1805,218,53,57
1088,104,83,13,49
1089,2428,43,-8,38
1090,5811,136,4,40
1091,3424,39,37,12
1092,4715,206,41,24
1093,461,123,7,54
1094,3538,102,7,25
1095,1805,111,54,55
1096,2717,148,3,17
1097,3770,169,53,36
1098,5580,121,28,38
1099,1661,27,38,36
1100,3379,114,2,36
1101,3173,173,3,35
1102,5046,108,52,4
1103,1226,155,55,59
1104,151,132,42,48
1105,4236,80,45,30
1106,4614,139,32,58
1107,2097,200,13,29
1108,3304,136,47,25
1109,3530,46,28,16
1110,1536,179,14,0
1111,293,146,45,28
1112,2658,66,31,52
1113,2908,5,7,51
1114,1771,99,28,54
1115,5390,23,4,53
1116,3655,196,46,33
1117,2270,5,34,10
1118,1496,76,48,53
1119,4990,165,53,53
1120,976,165,15,28
1121,2672,15,36,17
1122,1374,170,51,50
1123,867,96,58,36
1124,1932,121,34,5
1125,968,168,53,39
1126,871,132,46,4
1127,3123,207,37,641
1128,3606,153,3,19
1129,2501,73,,16
1130,2844,175,51,34
1131,805,155,48,14
1132,1276,127,35,36
1133,5762,161,4,39
1134,1316,112,50,53
1135,446,6,39,32
1136,3490,174,3,40
1137,4282,19,57,53
1138,662,110,57,40
1139,5919,100,6,6
1140,3823,176,9,53
1141,1337,1,26,56
1142,411,143,1,21
1143,2824,142,9,17
1144,96,66,39,41
1145,5831,176,37,44
1146,3967,46,18,530
1147,1617,22,23,4
1148,4260,106,5,28
1149,4575,156,27,11
1150,5622,80,39,19
1151,3836,108,16,41
1152,4998,70,37,53
1153,4146,55,11,23
1154,4691,10,5,0
1155,3306,60,13,16
1156,1097,38,28,58
1157,5713,195,30,3
1158,4729,79,54,43
1159,4147,45,15,39
1160,2953,190,23,16
1161,2280,66,34,50
1162,1975,134,40,0
1163,2567,166,54,21
1164,4932,71,49,6
1165,3037,27,13,39
1166,2970,95,51,15
1167,1678,121,23,0
1168,1768,157,31,15
1169,2619,43,52,20
1170,5877,57,9,17
1171,5724,38,6,47
1172,2863,205,47,30
1173,3543,84,60,27
1174,54,126,12,56
1175,156,4,26,45
1176,5659,84,49,20
1177,363,79,50,33
1178,2398,11,30,54
1179,1305,133,24,11
1180,2846,134,28,47
1181,1551,188,47,719
1182,1289,162,40,23
1183,3794,186,-1,24
1184,3009,91,34,8
1185,1114,108,9,48
1186,5790,171,5,26
1187,3058,218,1,4
1188,1622,218,8,40
1189,201,199,13,53
1190,782,213,57,55
1191,3636,123,59,21
1192,5718,140,32,44
1193,1733,189,31,5
1194,3602,152,37,34
1195,4301,8,55,51
1196,2727,64,32,11
1197,4779,141,47,4
1198,5771,39,41,50
1199,5399,157,24,51
1200,3711,177,47,23
1201,5286,125,50,48
1202,2361,86,7,10
1203,3142,40,60,10
1204,4438,169,13,50
1205,3342,213,16,43
1206,1078,151,36,43
1207,1000,54,33,3
1208,4580,174,56,60
1209,5972,111,36,37
1210,1659,155,38,16
1211,303,99,42,54
1212,4250,185,9,39
1213,3123,38,37,33
1214,3095,4,19,44
1215,4153,96,44,31
1216,867,193,3,15
1217,1562,163,0,23
1218,2729,167,41,48
1219,1444,81,40,2
1220,3141,158,19,4
1221,2615,44,35,33
1222,4772,173,-9,52
1223,4215,195,48,33
1224,255,135,4,5
1225,30,118,6,18
1226,1429,53,45,899
1227,3392,131,1,32
1228,4575,170,32,18
1229,2229,54,51,53
1230,926,216,12,11
1231,5849,182,31,31
1232,1741,144,50,60
1233,596,184,37,4
1234,4132,15,51,19
1235,2434,179,15,2
1236,3842,146,31,21
1237,3079,132,45,50
1238,961,143,7,35
1239,270,17,51,33
1240,3871,72,29,10
1241,5845,178,57,14
1242,1307,99,22,39
1243,2533,100,,13
1244,5621,55,6,8
1245,4324,30,28,50
1246,2527,46,45,15
1247,4047,220,20,33
1248,753,21,34,20
1249,1367,7,26,633
1250,954,98,22,8
1251,1372,102,5,35
1252,844,3,36,22
1253,349,5,57,52
1254,4932,169,53,11
1255,528,58,25,55
1256,1279,50,-4,41
1257,5428,115,2,789
1258,5347,144,56,54
1259,4889,80,0,4
1260,2272,100,39,24
1261,5772,61,52,738
1262,4058,37,57,31
1263,5184,191,,23
1264,5841,147,35,0
1265,1677,177,43,56
1266,1874,62,13,705
1267,5819,48,26,8
1268,559,10,19,53
1269,2230,97,60,7
1270,291,93,42,4
1271,2769,26,13,14
1272,241,152,25,28
1273,4805,214,59,52
1274,2404,1,30,19
1275,1651,87,36,40
1276,3399,87,15,15
1277,1822,204,24,14
1278,4240,93,30,17
1279,4957,26,37,20
1280,160,180,0,1
1281,2445,27,25,9
1282,3999,93,2,5
1283,3527,133,15,41
1284,3206,93,0,53
1285,1845,148,16,49
1286,3033,216,23,32
1287,5950,184,60,18
1288,2356,165,10,3
1289,865,196,41,58
1290,1151,55,10,0
1291,2852,27,38,33
1292,4948,2,-10,47
1293,919,219,31,49
1294,3740,88,7,58
1295,4739,42,24,52
1296,3877,163,22,705
1297,772,101,41,10
1298,5519,164,58,32
1299,2325,51,46,38
1300,2833,109,34,56
1301,5214,143,53,48
1302,1349,3,-9,56
1303,3983,21,56,1
1304,3142,201,43,21
1305,3997,97,48,18
1306,2388,202,9,46
1307,3843,30,43,58
1308,3587,76,21,13
1309,2430,94,37,23
1310,4587,14,3,9
1311,152,110,46,37
1312,3855,51,20,27
1313,2084,35,51,28
1314,4862,66,13,26
1315,312,201,39,1
1316,1307,67,20,3
1317,954,68,45,27
1318,3621,11,9,53
1319,50,113,18,7
1320,3506,4,10,11
1321,2750,83,58,58
1322,5394,21,12,16
1323,3688,108,11,11
1324,4719,89,19,59
1325,3031,69,43,2
1326,2027,115,39,2
1327,4501,69,35,10
1328,3651,49,39,13
1329,5006,191,25,39
1330,847,7,48,58
1331,4450,42,51,37
1332,5415,91,27,60
1333,499,201,53,60
1334,3166,72,46,26
1335,3929,97,16,29
1336,2914,98,10,21
1337,4548,67,,22
1338,5575,20,41,55
1339,2505,64,50,53
1340,4755,145,9,22
1341,128,149,37,56
1342,3539,31,0,9
1343,5150,86,48,53
1344,1954,136,43,54
1345,5600,86,9,0
1346,5510,186,34,48
1347,4624,31,34,48
1348,4611,203,54,678
1349,1522,136,54,13
1350,350,218,55,21
1351,3548,126,-9,56
1352,1844,208,3,14
1353,4320,75,1,6
1354,5222,122,29,50
1355,1166,179,44,55
1356,5298,32,47,1
1357,4011,26,37,681
1358,3974,76,58,48
1359,5789,72,1,54
1360,954,80,15,32
1361,3556,121,13,35
1362,2013,30,49,44
1363,2601,191,51,23
1364,3479,156,20,38
1365,5120,42,36,24
1366,3351,59,10,45
1367,1372,68,60,14
1368,352,49,43,55
1369,646,147,42,2
1370,3322,196,20,43
1371,895,68,4,43
1372,1567,6,57,28
1373,5341,220,14,9
1374,4154,114,24,51
1375,704,165,40,47
1376,2902,208,46,40
1377,847,121,50,0
1378,2196,48,55,15
1379,1969,114,16,46
1380,3789,64,34,2
1381,617,135,16,12
1382,1544,89,55,43
1383,978,207,27,47
1384,3392,32,4,6
1385,2351,119,24,59
1386,207,114,13,16
1387,3945,203,48,14
1388,2557,31,17,52
1389,2859,204,59,26
1390,3704,50,4,41
1391,3248,132,34,20
1392,3314,104,14,30
1393,155,4,34,55
1394,4952,69,14,35
1395,1021,77,35,42
1396,4155,189,56,6
1397,3552,3,33,33
1398,5553,203,60,16
1399,4164,176,39,2
1400,5497,34,18,18
1401,5863,48,35,33
1402,3541,17,29,13
1403,3093,9,59,60
1404,3748,56,48,51
1405,1652,21,16,36
1406,768,133,5,12
1407,1096,196,9,37
1408,4261,191,0,19
1409,5325,59,0,49
1410,4298,202,47,14
1411,918,168,5,25
1412,3379,66,37,11
1413,1619,144,44,26
1414,785,53,56,14
1415,3892,167,8,56
1416,5208,125,51,44
1417,846,143,4,23
1418,1701,169,37,11
1419,4128,137,15,2
1420,724,52,25,31
1421,421,167,15,15
1422,596,186,30,48
1423,3307,4,9,32
1424,4898,4,30,10
1425,5661,176,16,33
1426,32,87,44,1
1427,722,107,30,34
1428,4351,131,42,15
1429,5192,57,38,41
1430,5196,146,14,60
1431,475,199,35,57
1432,1506,202,28,41
1433,790,71,27,36
1434,4863,82,15,52
1435,4834,133,46,9
1436,1429,11,28,10
1437,4192,107,6,55
1438,2791,111,51,56
1439,1305,60,3,52
1440,4083,142,1,4
1441,2290,99,31,2
1442,2269,181,4,54
1443,8,66,18,28
1444,1299,10,35,12
1445,1050,73,35,28
1446,2702,104,11,13
1447,4461,166,35,27
1448,3930,57,51,51
1449,3704,118,26,1
1450,1543,157,56,41
1451,5248,17,45,15
1452,4662,150,3,27
1453,3888,75,4,44
1454,4496,65,41,14
1455,3402,104,59,45
1456,2021,122,47,53
1457,3412,200,5,57
1458,2232,91,14,21
1459,3946,183,31,56
1460,4611,36,44,39
1461,2779,130,14,26
1462,5580,206,32,58
1463,3603,75,19,34
1464,1362,49,48,39
1465,3092,10,18,8
1466,2658,2,11,22
1467,3195,128,40,3
1468,3928,208,33,11
1469,4815,143,34,58
1470,3261,195,-4,46
1471,3590,185,26,13
1472,4826,75,0,14
1473,4161,210,46,1
1474,4022,66,5,40
1475,5005,211,-7,60
1476,2612,82,-7,7
1477,833,158,52,37
1478,26,127,54,46
1479,1696,160,50,13
1480,1925,33,39,846
1481,3859,204,23,37
1482,2941,11,4,56
1483,3060,115,23,23
1484,2469,134,24,13
1485,4549,19,0,43
1486,4059,172,-6,48
1487,3231,16,55,56
1488,2577,123,13,33
1489,2326,30,3,36
1490,235,192,27,59
1491,954,105,56,51
1492,548,169,21,12
1493,3609,97,25,1
1494,1348,76,18,44
1495,4922,119,44,37
1496,694,76,13,14
1497,3171,159,28,21
1498,2966,68,-9,50
1499,1561,69,49,11
1500,3054,50,15,55
1501,1290,209,40,19
1502,4824,112,37,25
1503,412,140,45,50
1504,5947,209,43,7
1505,2624,133,35,2
1506,2369,164,1,12
1507,1828,79,33,28
1508,863,36,51,47
1509,4619,62,55,28
1510,1350,41,41,47
1511,1707,6,38,41
1512,2411,56,60,60
1513,1338,22,50,12
1514,5841,83,21,53
1515,5004,153,,58
1516,1520,88,25,24
1517,4564,125,8,60
1518,3126,165,13,60
1519,3660,135,12,28
1520,5304,175,23,6
1521,431,73,6,15
1522,3731,124,24,31
1523,4752,169,44,41
1524,1054,185,60,8
1525,4928,99,30,13
1526,4828,108,30,20
1527,3700,150,7,51
1528,4955,79,21,16
1529,1338,138,45,39
1530,2276,77,13,35
1531,4329,36,24,53
1532,3307,147,17,7
1533,3184,100,31,17
1534,4268,110,53,32
1535,4777,101,-8,55
1536,4246,109,14,36
1537,2434,32,34,44
1538,4785,10,47,46
1539,2338,157,3,43
1540,2385,67,29,17
1541,437,116,8,23
1542,2815,186,9,30
1543,523,16,38,21
1544,5319,42,35,30
1545,450,117,20,5
1546,2013,157,7,59
1547,60,62,28,34
1548,4579,8,14,20
1549,4902,156,44,7
1550,153,144,41,41
1551,4054,123,29,0
1552,3848,92,1,6
1553,5358,173,39,13
1554,4921,161,11,20
1555,3702,215,39,59
1556,3917,178,49,19
1557,3232,209,15,5
1558,3926,200,30,4
1559,1486,105,26,46
1560,4322,106,4,25
1561,1856,196,35,25
1562,4376,31,15,0
1563,1167,191,51,26
1564,5611,210,39,33
1565,224,157,16,25
1566,2268,146,31,660
1567,1844,101,19,17
1568,2036,210,16,36
1569,2354,27,8,6
1570,3116,44,3,57
1571,258,218,4,44
1572,4351,158,15,57
1573,4159,42,34,0
1574,5523,151,-4,52
1575,3157,83,1,18
1576,3272,135,27,39
1577,324,10,59,5
1578,1790,49,5,50
1579,1090,207,19,0
1580,1007,81,40,29
1581,5649,69,44,51
1582,3467,133,26,54
1583,1430,123,28,52
1584,4675,191,54,12
1585,1854,62,53,21
1586,5043,80,-9,9
1587,2194,66,50,20
1588,3099,22,26,55
1589,5477,45,56,36
1590,5857,198,23,3
1591,2305,17,0,13
1592,2515,17,40,41
1593,3989,63,42,11
1594,3020,212,8,13
1595,3507,95,44,57
1596,2306,110,47,4
1597,5400,205,3,14
1598,4438,72,47,26
1599,1422,112,16,19
1600,624,155,60,52
1601,5060,45,45,32
1602,939,77,43,13
1603,1737,87,56,52
1604,1476,88,40,45
1605,3521,33,53,34
1606,3464,207,-9,41
1607,694,214,48,15
1608,4152,73,45,29
1609,598,63,47,48
1610,356,119,43,17
1611,4121,189,20,1
1612,4389,36,,16
1613,2833,172,59,20
1614,3422,183,22,4
1615,3290,158,1,42
1616,3529,28,6,39
1617,5915,90,49,37
1618,5237,113,9,21
1619,9,60,7,20
1620,3102,80,14,48
1621,2051,70,57,53
1622,4482,5,44,20
1623,139,16,37,10
1624,5992,194,13,6
1625,392,121,35,31
1626,2804,176,12,519
1627,1966,195,17,40
1628,5182,54,60,11
1629,1304,100,9,1
1630,5582,94,49,45
1631,2837,186,24,52
1632,4137,78,38,31
1633,2828,188,59,28
1634,1800,214,51,14
1635,4935,149,49,18
1636,242,149,43,22
1637,4420,130,32,22
1638,4481,113,33,58
1639,4337,219,0,43
1640,2787,124,11,46
1641,4176,63,38,28
1642,100,175,54,4
1643,4608,111,52,23
1644,4822,220,49,43
1645,3312,194,50,40
1646,146,214,28,48
1647,3437,41,42,20
1648,3090,164,29,0
1649,1283,115,6,60
1650,5234,130,28,22
1651,2689,14,50,37
1652,262,171,8,2
1653,5432,33,2,16
1654,4796,13,56,29
1655,1706,149,1,40
1656,2128,137,16,30
1657,1558,158,10,2
1658,5154,204,16,52
1659,2203,4,43,30
1660,830,147,30,5
1661,5348,160,-2,43
1662,1482,15,48,12
1663,4001,47,39,43
1664,590,189,25,39
1665,2070,33,57,27
1666,5232,199,25,26
1667,2250,124,4,1
1668,4696,57,22,11
1669,3444,94,8,44
1670,4455,64,6,43
1671,1580,3,41,0
1672,3165,21,40,55
1673,1463,24,21,10
1674,383,16,53,31
1675,3140,97,45,44
1676,309,141,24,1
1677,1216,143,54,42
1678,3259,126,8,13
1679,2464,98,53,47
1680,2301,122,7,2
1681,3224,16,27,29
1682,1941,126,58,29
1683,5068,43,4,16
1684,966,11,3,29
1685,4982,7,32,42
1686,5085,208,60,53
1687,381,186,6,41
1688,500,189,22,49
1689,3809,164,55,43
1690,2712,139,40,23
1691,2988,116,37,1
1692,5993,58,25,40
1693,5966,82,40,37
1694,2290,197,31,59
1695,681,214,1,52
1696,5063,184,39,37
1697,1782,191,52,60
1698,2314,139,45,54
1699,1330,56,49,2
1700,2368,81,53,13
1701,1737,7,16,39
1702,1427,7,50,29
1703,18,7,9,25
1704,3839,90,21,16
1705,1658,208,45,49
1706,2381,203,45,5
1707,1728,136,8,21
1708,3860,219,52,9
1709,5200,52,3,12
1710,2859,130,10,5
1711,1436,100,14,43
1712,240,140,,58
1713,2116,142,59,53
1714,5225,4,34,56
1715,5845,110,56,44
1716,1363,198,23,655
1717,5752,60,3,25
1718,5583,213,49,29
1719,1040,24,6,8
1720,5754,104,-9,6
1721,777,218,42,55
1722,3405,110,14,58
1723,699,86,9,59
1724,1655,212,41,28
1725,103,116,48,0
1726,4376,106,33,41
1727,3434,189,53,19
1728,3873,61,22,55
1729,2547,110,35,36
1730,5209,120,18,11
1731,2602,118,28,59
1732,4776,214,36,40
1733,5878,124,51,48
1734,4691,96,5,24
1735,3161,9,14,46
1736,5473,167,15,42
1737,247,26,16,43
1738,5039,91,45,41
1739,5562,113,50,41
1740,2877,165,49,6
1741,3113,187,42,40
1742,1154,58,3,41
1743,4025,39,21,45
1744,617,180,5,23
1745,5263,156,45,22
1746,5153,220,14,14
1747,4138,199,18,5
1748,5599,209,37,43
1749,142,112,11,35
1750,4169,23,20,46
1751,3348,102,3,42
1752,1582,7,59,36
1753,2879,22,40,33
1754,1639,71,52,36
1755,2046,83,27,33
1756,4279,128,28,39
1757,2039,73,31,9
1758,5745,67,6,45
1759,3176,37,6,51
1760,2378,62,1,39
1761,4095,78,8,38
1762,1148,101,33,15
1763,4281,124,1,38
1764,5230,45,37,54
1765,3446,173,10,35
1766,332,143,19,22
1767,1265,97,8,28
1768,1686,58,6,55
1769,2766,134,6,8
1770,4591,120,25,25
1771,58,66,51,6
1772,2067,67,58,29
1773,5858,47,54,49
1774,3285,217,39,25
1775,2713,196,7,26
1776,546,123,23,4
1777,2028,96,44,42
1778,4534,77,20,16
1779,239,183,40,53
1780,5126,6,22,51
1781,2129,175,21,45
1782,357,125,26,26
1783,3766,133,19,7
1784,5460,64,7,11
1785,381,127,34,49
1786,2869,156,18,34
1787,1045,66,23,8
1788,4433,138,7,24
1789,5435,49,56,23
1790,2534,28,31,27
1791,2891,80,26,6
1792,809,27,41,49
1793,895,9,41,6
1794,3789,57,36,41
1795,652,162,10,53
1796,5344,61,60,51
1797,2052,73,35,57
1798,5524,26,8,29
1799,1110,114,31,44
1800,2636,99,41,32
1801,1595,212,-10,38
1802,788,175,28,18
1803,4669,65,0,58
1804,5383,50,1,50
1805,4407,153,46,10
1806,5204,12,55,25
1807,794,155,39,48
1808,4554,192,18,2
1809,4629,63,29,26
1810,1039,211,26,40
1811,3709,34,33,0
1812,1950,141,56,24
1813,1462,106,2,0
1814,2991,149,34,1
1815,985,135,49,35
1816,57,179,-4,0
1817,3737,138,9,34
1818,4292,189,30,40
1819,5936,168,54,40
1820,1562,3,29,4
1821,4444,17,57,48
1822,1394,43,13,55
1823,3829,97,60,41
1824,925,94,17,4
1825,5709,18,,35
1826,22,215,49,43
1827,3722,188,8,39
1828,5690,153,19,54
1829,1268,170,35,26
1830,4407,197,54,15
1831,1373,181,56,24
1832,4773,198,57,40
1833,3993,166,41,17
1834,2877,156,5,3
1835,1882,62,23,23
1836,4131,90,29,54
1837,4223,167,14,16
1838,1766,166,33,52
1839,3561,21,42,664
1840,4548,125,-3,13
1841,4809,105,5,17
1842,4928,172,48,3
1843,5542,220,52,59
1844,529,110,29,36
1845,5396,41,41,2
1846,4881,200,58,32
1847,5986,177,6,17
1848,2157,139,5,51
1849,5047,31,30,40
1850,2291,87,50,33
1851,3963,70,,16
1852,362,148,55,11
1853,4528,200,33,25
1854,4425,216,1,56
1855,1519,6,53,3
1856,5424,6,22,29
1857,659,146,57,31
1858,1723,196,42,42
1859,3657,83,43,9
1860,5054,33,21,22
1861,5714,195,23,55
1862,4098,7,44,44
1863,3477,210,-2,46
1864,2781,178,41,35
1865,1730,98,54,9
1866,1534,76,39,41
1867,2339,201,30,569
1868,2826,30,36,833
1869,3674,36,19,44
1870,3482,13,39,60
1871,3876,177,31,57
1872,2354,137,30,31
1873,3165,63,60,57
1874,5622,137,13,21
1875,5484,138,38,1
1876,775,220,,43
1877,5867,177,53,26
1878,5251,118,19,40
1879,660,130,0,52
1880,1103,12,43,9
1881,127,81,49,55
1882,2821,117,15,13
1883,3545,143,49,41
1884,4107,218,30,24
1885,3681,93,46,22
1886,2719,131,26,35
1887,3148,139,23,1
1888,3492,196,24,17
1889,4104,123,33,10
1890,2539,131,30,7
1891,421,14,11,21
1892,3320,165,16,21
1893,1956,74,28,39
1894,1117,150,16,40
1895,4168,74,-2,29
1896,5648,179,19,841
1897,3160,55,48,12
1898,3502,155,58,21
1899,538,134,6,37
1900,989,51,34,41
1901,2982,168,39,22
1902,2289,42,11,36
1903,846,171,12,15
1904,5306,39,18,4
1905,5035,118,54,56
1906,714,21,33,0
1907,5848,178,24,28
1908,3775,76,60,52
1909,423,213,16,34
1910,21,152,33,21
1911,3593,26,16,14
1912,4698,198,17,30
1913,4952,53,40,19
1914,3199,179,60,33
1915,1739,184,32,26
1916,5177,189,5,44
1917,5451,124,51,29
1918,5958,81,,43
1919,2400,49,5,50
1920,5198,82,10,46
1921,5688,115,53,36
1922,5245,202,1,55
1923,5434,17,-6,26
1924,5710,217,31,19
1925,5147,205,34,48
1926,2753,160,23,34
1927,3620,109,36,20
1928,771,164,10,26
1929,1861,9,31,33
1930,1718,28,50,33
1931,1981,90,37,58
1932,1402,189,15,48
1933,2144,84,37,45
1934,1446,208,23,44
1935,1484,74,22,20
1936,636,27,49,24
1937,5730,120,17,49
1938,842,201,18,38
1939,3373,52,8,31
1940,1261,53,6,29
1941,273,34,33,47
1942,3116,1,49,40
1943,3178,60,53,18
1944,1701,72,-7,26
1945,1705,63,46,23
1946,605,182,25,40
1947,4484,170,60,587
1948,2710,39,6,23
1949,723,69,43,40
1950,1866,90,54,55
1951,1071,167,12,42
1952,4157,94,2,16
1953,5400,80,34,23
1954,421,163,56,48
1955,5919,63,21,18
1956,1260,44,16,2
1957,5934,93,51,52
1958,373,196,25,57
1959,950,58,-6,1
1960,5375,136,58,38
1961,2981,217,40,10
1962,422,130,31,2
1963,3432,144,50,57
1964,5445,58,14,21
1965,2931,103,15,32
1966,4546,17,33,49
1967,2136,54,39,36
1968,2434,136,50,24
1969,347,12,55,22
1970,4001,183,13,52
1971,1659,135,0,29
1972,1764,33,25,40
1973,4736,173,18,0
1974,3736,95,1,6
1975,2578,4,21,26
1976,3209,89,50,20
1977,5014,163,47,2
1978,2647,137,59,25
1979,4071,203,47,45
1980,1342,52,10,18
1981,2065,62,1,3
1982,5655,17,36,6
1983,3520,219,36,30
1984,826,190,54,15
1985,1984,88,37,5
1986,745,217,19,45
1987,405,215,9,35
1988,1095,209,9,13
1989,3369,174,54,58
1990,989,70,0,45
1991,5211,74,59,21
1992,1194,67,47,38
1993,2354,62,1,9
1994,1078,199,-2,3
1995,1563,34,28,33
1996,1404,140,42,43
1997,5426,61,21,3
1998,4001,146,6,45
1999,2750,59,48,10
2000,3119,30,40,60
2001,3366,48,37,17
2002,5705,133,17,26
2003,3079,74,3,57
2004,4884,117,29,37
2005,1766,97,4,57
2006,4521,49,0,41
2007,4895,14,25,15
2008,1946,97,3,8
2009,1538,32,46,21
2010,5932,42,26,4
2011,1621,110,11,37
2012,2632,208,38,42
2013,3856,182,28,55
2014,4456,186,47,11
2015,1592,129,9,4
2016,1362,153,10,10
2017,1316,136,54,14
2018,5905,202,5,12
2019,2666,46,46,10
2020,4927,8,24,9
2021,225,198,37,55
2022,348,185,43,6
2023,2452,20,10,19
2024,1315,48,37,9
2025,3029,100,28,840
2026,5285,146,14,36
2027,5713,165,22,2
2028,1281,178,39,44
2029,5266,118,17,7
2030,1612,220,21,35
2031,5959,60,13,45
2032,4166,165,60,37
2033,5113,21,46,57
2034,4993,6,21,15
2035,4746,164,47,17
2036,3951,93,,22
2037,5729,48,22,51
2038,1058,58,11,47
2039,1566,4,-7,30
2040,574,143,27,38
2041,4121,212,19,25
2042,2336,120,46,40
2043,1378,191,39,6
2044,2045,190,23,41
2045,2975,11,35,40
2046,4681,35,42,53
2047,5412,1,47,11
2048,1067,174,43,23
2049,5204,172,45,16
2050,847,204,7,47
2051,3015,91,47,26
2052,2485,19,9,27
2053,3652,108,57,41
2054,5304,146,52,16
2055,2565,146,25,19
2056,2035,52,27,52
2057,2368,216,49,20
2058,5859,40,1,27
2059,5952,188,14,8
2060,5194,18,18,14
2061,481,179,42,57
2062,1702,123,4,22
2063,5827,69,12,50
2064,4987,17,21,43
2065,3370,137,15,41
2066,5072,189,23,15
2067,640,192,11,10
2068,1339,189,55,49
2069,4805,114,18,28
2070,506,112,28,41
2071,3124,75,18,10
2072,5139,60,2,29
2073,246,118,33,5
2074,5995,18,46,2
2075,2412,215,18,33
2076,3047,101,38,40
2077,1056,27,7,47
2078,2519,184,-5,41
2079,2099,150,,52
2080,5924,16,28,10
2081,5634,19,46,53
2082,4670,45,1,18
2083,1704,5,45,26
2084,2171,22,,4
2085,329,172,54,17
2086,1696,20,1,51
2087,77,56,5,23
2088,4208,117,35,712
2089,127,198,27,28
2090,2931,166,7,17
2091,4280,59,22,59
2092,3303,6,36,22
2093,5894,34,59,29
2094,5614,40,4,21
2095,4423,100,7,6
2096,1001,31,5,58
2097,1427,186,30,54
2098,1703,193,23,39
2099,917,10,25,6
2100,3456,84,0,40
2101,5715,128,11,60
2102,1765,32,54,602
2103,4090,20,-3,9
2104,2638,188,2,34
2105,2509,83,52,46
2106,2463,6,35,33
2107,283,190,39,27
2108,1052,82,49,60
2109,1924,105,2,6
2110,4771,189,41,39
2111,610,214,55,37
2112,5777,215,,49
2113,4875,157,43,32
2114,5889,160,28,60
2115,4811,35,42,44
2116,5267,48,33,33
2117,2506,188,4,21
2118,2105,160,9,51
2119,5210,50,19,45
2120,361,39,25,27
2121,1424,123,15,34
2122,3552,161,38,54
2123,3583,72,35,4
2124,308,86,4,60
2125,4633,164,46,8
2126,3837,38,52,17
2127,3491,127,30,31
2128,1914,170,24,29
2129,546,3,31,0
2130,1104,65,3,32
2131,1828,163,22,5
2132,1794,49,47,48
2133,2912,117,,11
2134,1477,172,15,50
2135,688,213,45,24
2136,133,22,28,52
2137,1238,151,51,20
2138,5565,36,24,41
2139,3287,15,56,43
2140,3429,151,27,49
2141,717,218,1,35
2142,5517,62,39,1
2143,1479,169,41,42
2144,3912,101,57,30
2145,3376,6,49,33
2146,1694,56,52,37
2147,2839,12,25,25
2148,5266,127,27,0
2149,2789,91,1,33
2150,5314,10,21,53
2151,5561,156,3,35
2152,3409,161,39,11
2153,5668,182,37,48
2154,293,90,23,57
2155,2417,80,51,4
2156,2359,199,4,54
2157,1731,107,,25
2158,106,179,11,38
2159,4788,157,2,28
2160,4762,31,48,40
2161,2544,157,56,34
2162,4042,134,-3,39
2163,768,116,28,17
2164,5698,24,7,49
2165,3596,86,23,1
2166,5472,203,2,17
2167,4045,87,41,55
2168,862,86,52,28
2169,5447,34,57,11
2170,430,184,34,15
2171,3225,10,58,12
2172,483,55,27,31
2173,3518,114,54,23
2174,3867,95,54,13
2175,2663,20,56,20
2176,5419,179,31,18
2177,1120,128,0,33
2178,465,118,34,2
2179,5859,7,13,31
2180,18,30,0,15
2181,46,129,9,54
2182,794,209,-10,25
2183,202,148,29,22
2184,4262,137,51,50
2185,3282,103,-7,36
2186,2136,80,17,57
2187,2300,58,50,37
2188,5501,181,57,56
2189,614,112,41,9
2190,1384,120,44,53
2191,1084,111,6,1
2192,5310,203,54,870
2193,3126,5,47,54
2194,5323,78,54,50
2195,5907,85,37,9
2196,5795,136,37,20
2197,4155,207,25,57
2198,5119,148,57,13
2199,5478,150,28,17
2200,4969,17,34,2
2201,4433,76,35,28
2202,5235,78,19,16
2203,5867,217,14,42
2204,3615,60,24,49
2205,304,159,54,3
2206,3592,87,14,49
2207,4939,79,28,25
2208,858,136,45,13
2209,1473,182,-5,1
2210,4864,43,41,31
2211,2801,41,54,12
2212,5935,169,5,20
2213,1308,29,48,52
2214,3304,189,0,52
2215,4986,105,-7,5
2216,2600,130,56,39
2217,5552,41,45,19
2218,3028,217,26,23
2219,4724,56,35,52
2220,5755,164,58,2
2221,2463,185,18,40
2222,5648,60,56,36
2223,1587,135,56,57
2224,2079,97,60,24
2225,186,134,7,16
2226,4351,101,2,8
2227,3314,204,21,14
2228,4554,182,57,14
2229,2823,170,59,508
2230,3820,154,51,6
2231,2388,181,33,44
2232,3481,6,4,22
2233,5823,196,40,51
2234,1956,71,51,20
2235,4966,136,9,38
2236,2061,89,17,48
2237,1710,52,49,31
2238,886,78,41,31
2239,5804,79,9,56
2240,3751,206,58,19
2241,1089,12,52,12
2242,5516,16,41,45
2243,3632,131,27,28
2244,2728,86,0,2
2245,1558,192,20,30
2246,5219,162,57,52
2247,489,167,14,25
2248,1712,56,24,4
2249,2075,121,17,5
2250,764,213,27,47
2251,5045,81,27,26
2252,5254,71,32,56
2253,5657,41,44,16
2254,3413,78,34,21
2255,4322,42,44,28
2256,4059,122,12,3
2257,560,67,55,58
2258,656,127,42,16
2259,4879,97,19,1
2260,494,16,52,46
2261,2683,106,43,32
2262,5545,85,59,38
2263,3495,213,8,28
2264,5128,207,35,30
2265,3133,85,16,0
2266,2439,121,48,7
2267,938,50,28,17
2268,54,200,8,34
2269,1339,108,52,22
2270,5283,198,27,21
2271,1825,171,24,30
2272,1465,117,23,48
2273,5524,212,16,0
2274,2499,150,40,32
2275,4690,64,38,28
2276,2933,85,15,25
2277,5148,44,,43
2278,4739,68,28,2
2279,2130,127,55,25
2280,5806,179,12,39
2281,5800,219,0,4
2282,5969,168,29,24
2283,4970,43,53,28
2284,1967,131,34,21
2285,1203,133,28,4
2286,2894,197,44,33
2287,5337,167,49,17
2288,1077,211,37,39
2289,3819,184,15,35
2290,2215,217,11,51
2291,1277,158,57,49
2292,4388,196,0,19
2293,4224,135,24,44
2294,5144,159,45,35
2295,384,139,45,28
2296,2089,169,11,31
2297,3598,207,29,6
2298,3649,141,29,12
2299,4400,22,21,56
2300,3307,41,4,47
2301,3098,122,54,5
2302,4322,185,31,12
2303,165,179,40,13
2304,4663,177,53,7
2305,3403,199,45,7
2306,2546,192,43,42
2307,5935,140,33,46
2308,5999,111,30,56
2309,1412,189,4,32
2310,2557,119,36,40
2311,1032,66,31,25
2312,4523,109,28,2
2313,3735,27,25,53
2314,5226,69,33,42
2315,3771,157,9,21
2316,3036,178,11,12
2317,1240,153,32,3
2318,213,201,39,12
2319,575,58,49,28
2320,2795,69,8,18
2321,786,17,22,56
2322,1522,220,11,60
2323,928,212,36,21
2324,755,201,38,0
2325,214,112,29,30
2326,5468,156,12,52
2327,1717,25,50,54
2328,2440,81,15,35
2329,3279,76,10,22
2330,67,219,14,23
2331,5689,189,47,46
2332,3885,23,2,6
2333,2457,179,25,28
2334,4881,18,18,37
2335,4959,92,54,36
2336,3679,121,2,14
2337,3933,1,23,27
2338,5944,33,23,35
2339,337,18,57,17
2340,1773,85,19,23
2341,1581,202,25,55
2342,4181,132,43,51
2343,1888,112,32,27
2344,5184,219,53,19
2345,2556,185,19,57
2346,960,8,42,25
2347,1590,193,8,50
2348,3674,195,12,36
2349,223,97,52,45
2350,2251,36,55,37
2351,5047,157,55,8
2352,734,158,53,11
2353,2152,55,41,48
2354,2796,13,27,38
2355,4436,44,3,36
2356,1697,129,30,8
2357,774,36,59,1
2358,1238,186,37,39
2359,4813,194,52,38
2360,336,27,-6,56
2361,5093,90,60,19
2362,3489,21,27,35
2363,499,186,40,24
2364,1946,10,19,46
2365,253,2,55,20
2366,5710,70,55,26
2367,650,206,44,49
2368,2247,55,58,15
2369,2931,127,16,12
2370,5888,28,7,58
2371,2180,148,21,39
2372,5371,166,39,8
2373,5599,122,38,47
2374,4886,98,53,56
2375,5390,13,38,55
2376,3108,75,4,31
2377,2597,180,-6,8
2378,4702,78,34,40
2379,3260,7,57,36
2380,611,108,-2,33
2381,2788,211,42,13
2382,3411,5,39,24
2383,4985,77,23,40
2384,1603,168,17,57
2385,1701,33,3,0
2386,3392,9,60,7
2387,2743,52,51,40
2388,238,92,14,11
2389,2818,111,47,11
2390,5548,144,34,47
2391,5300,177,-5,34
2392,4882,127,2,16
2393,4517,180,21,20
2394,797,175,25,36
2395,1336,184,18,2
2396,5232,116,48,50
2397,2370,26,5,58
2398,1679,95,12,36
2399,13,61,32,41
2400,603,178,25,52
2401,4077,113,43,1
2402,5556,93,9,4
2403,2722,174,32,54
2404,4348,184,2,16
2405,1550,156,16,9
2406,268,203,32,43
2407,4809,37,20,49
2408,4423,213,40,20
2409,1638,156,45,52
2410,370,50,30,1
2411,3863,53,48,5
2412,3017,142,50,35
2413,5264,177,19,33
2414,5669,16,29,16
2415,4516,20,51,12
2416,184,186,37,22
2417,964,71,,20
2418,589,142,6,15
2419,5813,99,4,31
2420,20,10,17,32
2421,2494,187,42,6
2422,1108,175,12,42
2423,849,3,55,46
2424,5558,84,10,20
2425,2040,180,36,24
2426,2959,111,5,17
2427,1273,170,45,48
2428,4304,145,34,28
2429,480,157,12,42
2430,2731,38,37,16
2431,3534,29,7,6
2432,2523,132,14,10
2433,5763,10,38,25
2434,1111,174,26,52
2435,1012,100,52,50
2436,5852,145,19,33
2437,5757,217,-2,3
2438,1350,182,13,14
2439,188,32,26,29
2440,3126,87,23,40
2441,5330,119,57,15
2442,4493,187,41,51
2443,1575,100,32,19
2444,1974,79,18,25
2445,1436,206,32,1
2446,2162,170,,41
2447,1637,132,43,55
2448,5249,4,21,46
2449,61,158,48,57
2450,2215,42,33,41
2451,4452,60,25,9
2452,3651,126,11,756
2453,4018,48,29,18
2454,1002,13,53,60
2455,652,90,47,29
2456,4691,131,47,53
2457,689,96,21,21
2458,2556,152,22,45
2459,3016,43,39,27
2460,5136,82,8,8
2461,1625,33,35,19
2462,4297,123,59,41
2463,4641,137,3,42
2464,1270,159,4,41
2465,1412,99,20,49
2466,5308,63,46,16
2467,2559,161,21,53
2468,912,63,6,18
2469,3111,36,46,23
2470,1792,16,56,8
2471,536,57,1,0
2472,1728,17,18,27
2473,2519,48,5,18
2474,5261,123,32,43
2475,228,218,23,21
2476,5056,36,47,8
2477,3886,7,60,42
2478,435,190,19,36
2479,5104,167,30,39
2480,4245,116,44,11
2481,5504,152,27,41
2482,638,17,-8,22
2483,5661,112,50,18
2484,3116,116,10,44
2485,3301,49,13,36
2486,216,11,28,7
2487,5046,73,,20
2488,2918,163,,8
2489,542,37,56,53
2490,3962,209,51,0
2491,1167,33,44,23
2492,5940,58,15,41
2493,1133,54,48,35
2494,2495,60,13,7
2495,610,111,25,47
2496,5444,121,19,43
2497,3386,150,31,2
2498,918,155,33,51
2499,2708,18,50,7
2500,4048,140,57,29
2501,4776,16,58,12
2502,2638,166,23,59
2503,3283,3,11,25
2504,1723,104,55,11
2505,2477,87,51,32
2506,2340,183,24,47
2507,1692,115,4,51
2508,5300,142,31,22
2509,4253,172,1,22
2510,3765,161,4,4
2511,4078,136,16,40
2512,403,16,9,46
2513,2134,199,32,38
2514,2263,79,59,14
2515,1679,104,24,27
2516,2348,80,34,48
2517,3394,118,7,7
2518,623,105,4,33
2519,4013,184,28,41
2520,3649,119,18,37
2521,4243,190,18,23
2522,3792,61,44,15
2523,5244,27,40,33
2524,4260,27,20,26
2525,2334,31,52,13
2526,2272,161,49,55
2527,2815,170,28,38
2528,245,186,29,38
2529,500,122,57,28
2530,2530,162,40,23
2531,1725,7,1,4
2532,851,199,59,16
2533,3857,45,22,37
2534,5230,47,36,40
2535,3129,115,44,8
2536,3005,94,21,50
2537,5133,42,20,54
2538,4081,121,18,40
2539,3532,83,9,59
2540,2524,40,48,56
2541,1770,113,19,9
2542,1108,201,9,1
2543,421,71,4,0
2544,4677,104,2,29
2545,2790,41,45,3
2546,5625,28,46,17
2547,3436,13,39,26
2548,1900,113,10,793
2549,1955,42,7,47
2550,3193,185,53,39
2551,1470,16,-6,46
2552,342,102,57,36
2553,5148,30,43,46
2554,2751,139,33,16
2555,2878,33,13,25
2556,2166,19,6,57
2557,273,204,56,43
2558,4406,146,24,31
2559,280,77,3,60
2560,1178,63,60,11
2561,2971,31,44,53
2562,1021,155,24,30
2563,1465,148,26,1
2564,3526,91,14,5
2565,5561,204,13,17
2566,1471,9,,52
2567,2350,56,5,50
2568,3731,118,10,10
2569,3824,65,39,59
2570,2724,130,36,12
2571,3987,76,10,34
2572,271,22,31,49
2573,5661,165,30,42
2574,3689,55,57,32
2575,4227,15,7,6
2576,1693,9,41,22
2577,4756,39,60,13
2578,2983,43,9,13
2579,2748,12,17,18
2580,246,102,41,15
2581,2163,72,35,43
2582,4497,65,26,2
2583,899,183,10,26
2584,5931,191,23,20
2585,1064,120,37,15
2586,4817,147,30,3
2587,2440,172,24,4
2588,5019,213,47,742
2589,5484,98,4,3
2590,5003,220,27,42
2591,5319,94,16,18
2592,365,194,50,16
2593,3809,9,10,39
2594,3756,9,21,0
2595,3388,200,52,53
2596,3696,210,11,48
2597,5469,69,49,20
2598,3255,3,18,34
2599,2927,23,5,37
2600,3315,82,48,25
2601,1442,48,43,25
2602,584,195,7,4
2603,4168,87,7,11
2604,5828,44,43,29
2605,4766,20,25,38
2606,1144,196,9,8
2607,4972,37,59,22
2608,2108,19,35,28
2609,3920,100,5,31
2610,5568,125,10,10
2611,2983,216,33,57
2612,1930,112,27,0
2613,4585,56,15,42
2614,4209,52,46,52
2615,3866,131,13,25
2616,921,91,53,40
2617,3188,107,33,25
2618,4241,7,34,801
2619,3025,107,,15
2620,406,48,51,9
2621,2987,4,39,12
2622,5399,209,1,17
2623,47,159,9,613
2624,3708,206,5,16
2625,914,56,51,30
2626,1447,128,52,36
2627,1438,162,9,43
2628,5930,181,32,39
2629,4675,84,16,10
2630,3413,190,56,8
2631,5972,187,48,15
2632,5989,147,55,32
2633,2535,8,43,30
2634,4220,22,50,39
2635,5012,129,6,40
2636,3412,20,42,759
2637,253,154,34,35
2638,2153,5,39,13
2639,5925,46,28,9
2640,2476,85,53,8
2641,2945,155,16,8
2642,1906,205,8,44
2643,5785,124,11,11
2644,835,205,20,22
2645,2623,13,49,6
2646,4739,49,49,55
2647,3626,65,23,6
2648,5449,102,21,52
2649,562,109,0,34
2650,2427,214,37,50
2651,871,58,12,37
2652,5911,2,60,47
2653,3804,83,54,9
2654,3327,102,47,19
2655,3924,17,43,5
2656,1739,35,42,0
2657,1584,189,36,7
2658,715,138,16,25
2659,2990,14,49,26
2660,3545,149,44,42
2661,2788,202,4,24
2662,3445,167,55,23
2663,5069,193,37,4
2664,4891,98,52,26
2665,3326,16,47,11
2666,3099,71,19,36
2667,2847,176,6,54
2668,3689,171,0,47
2669,5570,65,9,18
2670,3426,40,27,12
2671,3834,121,48,17
2672,2240,38,11,9
2673,1524,175,19,8
2674,883,208,45,50
2675,3929,50,32,5
2676,5591,148,1,58
2677,3636,53,6,29
2678,257,170,11,37
2679,4428,61,46,35
2680,4147,189,13,15
2681,829,7,19,20
2682,2643,23,13,20
2683,5996,52,43,45
2684,1845,17,44,28
2685,4960,173,40,4
2686,3119,59,59,51
2687,2853,67,28,40
2688,2937,67,55,13
2689,5235,163,32,60
2690,2652,78,6,31
2691,4461,147,9,44
2692,268,102,59,34
2693,5284,152,57,46
2694,4515,177,2,11
2695,2488,89,29,7
2696,3422,147,43,6
2697,5438,165,32,5
2698,1442,95,60,18
2699,1602,28,58,19
2700,5978,108,21,6
2701,4238,112,7,50
2702,3818,178,18,54
2703,3532,26,-5,52
2704,1975,58,-4,43
2705,3134,121,5,8
2706,2128,124,0,26
2707,3071,62,51,4
2708,3715,203,33,52
2709,2479,220,0,42
2710,5094,198,28,8
2711,3492,115,,54
2712,730,142,27,10
2713,534,158,48,6
2714,3636,142,59,56
2715,2569,191,44,59
2716,5655,67,-2,16
2717,4977,211,9,40
2718,2022,31,28,21
2719,10,67,25,53
2720,920,76,45,14
2721,3647,70,3,14
2722,3818,33,54,24
2723,2305,89,28,26
2724,5180,15,37,18
2725,1062,92,59,42
2726,5051,91,25,12
2727,5991,15,13,32
2728,2639,42,32,48
2729,1556,30,60,13
2730,5077,110,31,32
2731,2529,52,59,22
2732,5597,172,23,39
2733,4969,119,56,49
2734,2026,132,23,32
2735,5764,206,42,36
2736,2737,183,41,44
2737,1857,125,44,26
2738,3320,46,32,31
2739,3781,208,7,51
2740,1739,164,21,38
2741,2844,50,38,17
2742,391,109,42,36
2743,2760,129,49,42
2744,2160,138,26,15
2745,501,156,36,46
2746,1233,134,21,20
2747,2267,32,28,37
2748,5049,77,58,14
2749,4637,181,7,16
2750,584,92,16,19
2751,272,149,25,29
2752,1205,80,58,9
2753,2956,127,16,2
2754,3032,41,47,42
2755,5216,177,29,59
2756,1648,95,16,58
2757,3116,209,51,52
2758,3710,203,42,56
2759,4978,126,20,4
2760,4,150,1,25
2761,2897,197,52,58
2762,2318,6,31,10
2763,1872,72,60,51
2764,2971,186,2,17
2765,513,128,3,32
2766,1242,36,3,37
2767,2603,23,48,44
2768,233,2,11,37
2769,367,17,50,47
2770,3615,66,57,43
2771,3652,46,,36
2772,2847,95,20,8
2773,4129,49,44,813
2774,4052,89,30,44
2775,2567,97,59,34
2776,1118,212,24,14
2777,2013,199,57,54
2778,4457,79,56,46
2779,2807,17,,58
2780,5841,75,35,12
2781,4581,36,18,5
2782,963,109,50,3
2783,2087,170,54,47
2784,4765,11,12,23
2785,4637,63,55,18
2786,973,125,43,30
2787,5123,50,13,18
2788,5337,60,59,48
2789,348,195,45,53
2790,3719,29,35,46
2791,819,161,54,34
2792,3137,172,1,56
2793,1543,146,10,14
2794,3082,119,40,42
2795,5531,22,42,51
2796,4457,206,60,59
2797,1930,139,35,15
2798,4729,175,-3,58
2799,5490,204,22,28
2800,2593,62,50,22
2801,2216,169,4,57
2802,5370,175,12,22
2803,3698,178,11,33
2804,4849,145,44,25
2805,137,170,10,14
2806,2150,160,9,3
2807,3891,163,22,39
2808,2628,3,38,2
2809,194,168,12,39
2810,3927,36,33,57
2811,1979,158,21,15
2812,5237,201,60,56
2813,202,99,54,45
2814,1804,55,58,33
2815,3146,82,52,13
2816,2421,139,42,3
2817,5671,77,36,24
2818,5045,148,45,10
2819,4566,93,35,22
2820,1495,7,4,0
2821,917,163,44,60
2822,5569,94,43,19
2823,2525,141,54,19
2824,1157,2,,17
2825,859,205,46,52
2826,3820,4,12,43
2827,842,185,41,28
2828,5041,157,3,8
2829,2058,192,57,40
2830,4339,62,36,606
2831,1442,2,44,17
2832,428,59,40,31
2833,554,15,9,58
2834,4895,117,11,38
2835,3671,84,22,56
2836,1276,111,,29
2837,457,127,48,38
2838,5368,191,13,13
2839,1481,41,22,6
2840,3518,112,53,34
2841,1428,31,57,10
2842,3424,42,6,54
2843,2482,94,36,56
2844,4602,46,40,39
2845,3260,90,25,10
2846,1402,154,59,46
2847,4901,9,37,57
2848,2490,77,4,48
2849,2986,54,48,28
2850,1606,194,28,48
2851,5817,211,11,22
2852,2393,198,32,22
2853,2554,128,27,26
2854,5440,83,43,31
2855,37,83,7,35
2856,2993,213,3,25
2857,5978,199,37,26
2858,2762,18,6,23
2859,43,81,39,8
2860,2715,106,-3,29
2861,3480,68,24,39
2862,2926,12,54,46
2863,2453,177,25,26
2864,5674,161,24,14
2865,1504,130,23,2
2866,838,107,9,48
2867,1,220,51,40
2868,227,164,39,10
2869,1432,29,11,49
2870,1837,144,0,11
2871,5505,185,18,16
2872,3132,216,8,57
2873,1995,83,46,6
2874,2406,131,29,16
2875,3861,162,5,20
2876,1078,173,38,60
2877,3029,193,51,35
2878,5982,140,20,14
2879,1860,85,32,55
2880,4674,156,40,53
2881,5031,216,48,4
2882,2847,58,60,22
2883,5285,166,38,45
2884,1094,141,45,30
2885,2636,21,8,0
2886,362,17,35,5
2887,2474,194,36,29
2888,519,32,5,18
2889,3468,62,13,27
2890,4625,139,39,45
2891,441,81,42,0
2892,2640,155,48,24
2893,836,159,41,28
2894,2206,16,1,54
2895,5055,126,23,49
2896,2145,173,18,22
2897,2233,44,5,1
2898,1335,5,43,32
2899,736,132,11,34
2900,3335,83,17,738
2901,4483,114,11,20
2902,5785,96,19,7
2903,990,156,3,36
2904,3029,214,28,48
2905,19,215,54,28
2906,4746,98,42,849
2907,3293,24,58,42
2908,2258,29,13,48
2909,824,44,52,34
2910,4560,53,24,54
2911,2950,151,53,23
2912,1312,125,29,47
2913,3353,150,39,54
2914,1118,107,38,53
2915,3069,100,36,43
2916,2063,154,1,27
2917,4291,166,11,31
2918,160,3,10,45
2919,631,169,8,1
2920,2121,94,37,45
2921,4781,29,21,60
2922,1684,181,16,38
2923,1595,144,22,59
2924,3467,52,13,30
2925,4194,178,46,17
2926,697,63,46,34
2927,5790,136,-9,55
2928,4226,23,40,50
2929,5776,175,5,7
2930,1915,204,30,39
2931,5477,41,13,12
2932,1927,43,17,5
2933,3623,4,42,29
2934,806,38,31,32
2935,4930,107,15,15
2936,3976,195,52,39
2937,4200,186,4,12
2938,1411,45,47,3
2939,1161,47,56,3
2940,4253,76,42,52
2941,2606,29,38,31
2942,4603,26,26,56
2943,2894,122,7,51
2944,2384,37,42,55
2945,5097,152,1,0
2946,5178,48,32,18
2947,2253,196,,31
2948,1020,139,51,49
2949,1829,219,40,50
2950,4051,127,43,17
2951,287,58,,58
2952,2797,190,42,30
2953,2721,182,51,40
2954,1829,58,15,58
2955,944,60,26,32
2956,1330,13,5,40
2957,1278,157,59,44
2958,3428,142,23,18
2959,667,24,24,60
2960,5193,14,,10
2961,1122,28,52,8
2962,3745,215,49,42
2963,2331,185,40,40
2964,1746,100,9,53
2965,953,194,44,15
2966,2726,12,40,54
2967,1965,70,16,59
2968,4439,177,56,52
2969,222,152,8,52
2970,4315,74,32,60
2971,4862,66,22,17
2972,5911,150,17,47
2973,1154,91,18,29
2974,5397,196,3,18
2975,2512,33,43,6
2976,2956,106,14,36
2977,16,68,52,24
2978,2323,78,16,19
2979,2975,125,19,33
2980,2396,190,20,10
2981,5762,131,48,32
2982,3227,77,24,20
2983,4590,157,14,621
2984,674,122,59,35
2985,627,61,60,38
2986,3579,180,38,39
2987,2788,67,33,14
2988,3996,125,30,57
2989,3616,189,7,23
2990,1242,42,16,7
2991,2600,196,50,0
2992,4318,174,13,17
2993,1525,74,30,8
2994,3730,38,2,28
2995,564,154,30,22
2996,3912,13,,43
2997,3520,61,10,15
2998,4950,143,42,40
2999,4011,117,13,14
3000,1305,25,0,33
3001,4338,49,40,29
3002,5591,140,57,50
3003,3401,58,10,60
3004,4945,72,51,49
3005,820,187,3,35
3006,4157,145,45,44
3007,5817,172,5,33
3008,817,205,38,39
3009,4599,31,31,52
3010,4590,61,18,8
3011,17,106,16,12
3012,4819,191,41,57
3013,2781,49,51,19
3014,2325,145,43,29
3015,4881,114,-1,40
3016,4630,173,60,13
3017,1216,71,49,12
3018,262,7,39,41
3019,3765,58,7,24
3020,1096,76,-9,14
3021,5369,204,42,31
3022,1399,79,16,30
3023,4693,189,1,59
3024,1109,22,58,57
3025,4062,159,51,34
3026,3537,154,4,3
3027,914,146,32,53
3028,1468,121,48,10
3029,2383,167,39,23
3030,306,113,24,36
3031,632,92,9,52
3032,1725,22,5,59
3033,3798,127,32,36
3034,3492,104,22,54
3035,874,137,3,3
3036,2432,6,48,9
3037,3194,16,7,42
3038,1821,25,24,8
3039,3862,95,5,1
3040,159,56,24,55
3041,4403,90,30,55
3042,4798,200,59,30
3043,1940,141,17,54
3044,5234,210,50,5
3045,4480,69,51,58
3046,611,100,,55
3047,1445,28,11,37
3048,4391,41,12,26
3049,3888,35,21,52
3050,1142,153,42,33
3051,1685,194,,5
3052,3119,40,14,518
3053,3143,201,29,43
3054,5921,45,43,22
3055,1249,148,10,20
3056,3223,87,52,48
3057,2283,127,24,14
3058,3544,155,5,19
3059,4876,216,3,13
3060,1846,91,47,59
3061,2312,41,53,59
3062,1305,66,27,27
3063,3146,191,54,8
3064,5718,124,24,4
3065,5276,113,37,0
3066,2914,193,21,60
3067,1170,76,46,48
3068,355,93,38,50
3069,1207,94,18,38
3070,431,97,17,14
3071,5058,216,60,41
3072,328,178,41,12
3073,4191,160,31,58
3074,567,28,27,2
3075,3114,217,21,15
3076,4638,155,23,11
3077,786,198,47,40
3078,5586,82,17,51
3079,40,24,22,1
3080,2140,55,53,40
3081,499,181,33,26
3082,220,136,51,32
3083,4320,184,47,23
3084,4118,166,60,60
3085,2137,83,16,40
3086,3057,196,39,28
3087,5828,124,16,8
3088,2396,42,40,37
3089,474,188,49,54
3090,3151,136,10,51
3091,3307,132,16,37
3092,5505,136,20,3
3093,3712,134,55,41
3094,3943,47,48,20
3095,4191,28,-7,33
3096,3597,134,43,49
3097,4878,67,23,6
3098,4936,57,43,57
3099,2322,106,30,4
3100,5264,145,39,37
3101,2755,44,13,28
3102,167,3,46,9
3103,5102,203,23,55
3104,3160,49,20,4
3105,4584,217,31,22
3106,3001,53,,11
3107,5885,63,24,4
3108,5171,6,4,18
3109,3338,71,50,6
3110,3952,41,45,36
3111,5379,74,,42
3112,3502,127,20,33
3113,3176,146,49,46
3114,5810,187,49,49
3115,4845,69,2,4
3116,3737,20,53,12
3117,2036,181,31,1
3118,831,136,16,26
3119,4842,15,35,29
3120,5719,60,30,13
3121,865,107,51,36
3122,3666,89,39,10
3123,3390,13,-7,2
3124,5221,156,58,41
3125,3856,75,3,0
3126,3785,15,4,32
3127,3035,162,43,44
3128,3124,191,55,4
3129,3096,25,0,33
3130,1997,208,-1,2
3131,170,26,0,58
3132,1151,34,46,7
3133,3243,144,53,13
3134,5031,11,20,6
3135,293,32,59,53
3136,4474,18,46,24
3137,2201,186,-7,7
3138,3795,112,39,33
3139,531,11,53,7
3140,2498,21,5,50
3141,3487,59,53,11
3142,1244,93,7,36
3143,1107,152,59,21
3144,3164,32,27,28
3145,516,125,1,55
3146,2677,65,54,19
3147,4875,100,20,580
3148,5785,71,59,47
3149,5866,22,54,33
3150,1163,84,53,51
3151,4300,13,21,44
3152,2829,159,-3,21
3153,2412,37,16,41
3154,3432,56,15,23
3155,946,169,29,40
3156,4123,114,31,60
3157,5623,50,9,0
3158,3282,24,44,13
3159,5224,34,0,15
3160,4293,107,28,27
3161,3787,72,19,33
3162,1458,131,47,31
3163,4088,50,,3
3164,2452,157,27,796
3165,3168,107,25,55
3166,3580,45,36,580
3167,5809,156,54,27
3168,2555,217,39,38
3169,5222,11,16,50
3170,1008,107,19,52
3171,2685,66,53,20
3172,2169,188,19,58
3173,3833,119,45,60
3174,5636,209,57,40
3175,2823,51,16,10
3176,4768,55,40,53
3177,3804,198,13,9
3178,1422,207,29,49
3179,2625,66,48,46
3180,2372,33,31,55
3181,4867,198,51,18
3182,5641,79,21,40
3183,481,49,57,514
3184,1273,165,6,54
3185,3152,107,20,48
3186,4616,76,22,57
3187,4540,142,11,13
3188,2039,79,50,21
3189,1789,90,24,26
3190,1327,34,49,48
3191,3560,196,26,52
3192,3968,172,23,19
3193,5197,39,42,0
3194,1812,216,44,39
3195,927,52,14,51
3196,5234,102,4,50
3197,2994,173,29,30
3198,814,80,56,5
3199,648,92,47,49
3200,5216,98,53,9
3201,2898,63,39,17
3202,601,29,22,34
3203,5919,104,21,2
3204,526,97,12,57
3205,5224,94,1,23
3206,4961,193,50,48
3207,3037,17,2,41
3208,4561,213,5,796
3209,2170,76,14,735
3210,3999,58,-7,48
3211,2752,102,36,18
3212,5270,106,40,12
3213,5185,135,11,24
3214,1352,101,51,28
3215,1855,178,41,6
3216,2020,21,47,3
3217,1874,153,32,55
3218,3898,21,17,6
3219,1524,111,46,57
3220,4850,57,1,50
3221,2108,188,24,56
3222,1629,130,46,12
3223,5963,130,55,47
3224,4074,77,45,46
3225,4426,186,38,53
3226,2545,14,22,34
3227,3888,67,15,35
3228,2399,126,56,21
3229,4164,151,30,51
3230,5339,79,21,52
3231,4620,143,60,37
3232,1534,205,18,21
3233,2418,7,46,41
3234,1241,32,1,0
3235,5212,152,39,25
3236,3877,115,33,20
3237,3046,54,36,47
3238,257,185,22,28
3239,4477,98,24,59
3240,3532,153,11,54
3241,1941,146,21,51
3242,5989,214,0,2
3243,5152,33,41,22
3244,1601,153,21,55
3245,5240,95,25,44
3246,3994,172,47,13
3247,2940,41,19,23
3248,4010,207,2,7
3249,779,189,52,7
3250,2876,32,31,15
3251,2989,143,12,26
3252,2409,214,36,40
3253,2760,23,21,27
3254,2552,57,35,31
3255,3897,18,29,59
3256,2652,176,56,38
3257,5705,172,32,43
3258,463,90,50,52
3259,1427,85,27,10
3260,3965,55,39,27
3261,1632,173,49,12
3262,3527,22,-10,9
3263,5050,37,59,35
3264,4371,170,46,45
3265,2403,40,42,44
3266,2708,27,20,14
3267,3603,203,8,3
3268,3602,192,60,696
3269,3077,158,37,6
3270,5257,33,46,34
3271,3243,133,21,36
3272,2387,21,26,18
3273,1939,53,6,49
3274,714,82,24,48
3275,4440,82,19,1
3276,1026,26,33,2
3277,5679,169,50,0
3278,3350,64,10,14
3279,1003,141,20,55
3280,4872,169,5,27
3281,3269,24,12,44
3282,3607,189,51,15
3283,4224,113,5,41
3284,4188,75,43,20
3285,2523,51,1,0
3286,2395,201,21,52
3287,3693,189,31,30
3288,993,166,56,18
3289,2838,26,32,13
3290,2003,52,48,11
3291,1817,220,50,60
3292,5782,111,12,2
3293,5879,91,29,44
3294,3111,104,55,3
3295,479,48,52,58
3296,191,117,46,24
3297,366,99,36,41
3298,158,132,59,23
3299,3495,21,60,3
3300,5049,105,23,22
3301,5066,54,8,24
3302,2087,128,17,55
3303,5810,67,4,11
3304,115,173,48,53
3305,4660,112,33,18
3306,1724,82,37,50
3307,411,2,0,56
3308,5408,176,9,0
3309,4000,28,24,40
3310,4518,32,37,13
3311,4766,162,41,9
3312,4640,25,32,37
3313,1806,144,53,54
3314,5001,137,30,56
3315,790,106,21,0
3316,4299,19,29,47
3317,3449,191,0,6
3318,4260,111,45,28
3319,2617,192,8,8
3320,2509,153,50,5
3321,5621,133,39,14
3322,880,204,53,25
3323,2761,204,47,5
3324,4008,52,4,13
3325,5033,197,51,29
3326,4665,63,7,15
3327,5843,204,47,31
3328,3496,205,11,50
3329,2808,158,15,60
3330,5401,95,4,5
3331,1045,83,27,48
3332,5129,199,21,7
3333,4884,29,29,10
3334,2702,65,34,44
3335,1411,137,5,55
3336,1600,74,7,14
3337,193,49,12,18
3338,5846,122,19,37
3339,5200,130,28,20
3340,5290,191,18,27
3341,2496,182,16,34
3342,4222,217,56,54
3343,1784,158,35,42
3344,1042,85,57,20
3345,4011,121,17,898
3346,2879,15,13,49
3347,544,54,19,48
3348,3060,14,34,45
3349,2648,178,26,39
3350,3513,177,47,14
3351,2184,76,30,56
3352,1872,79,5,10
3353,1953,165,51,33
3354,5244,64,16,55
3355,209,109,23,49
3356,1109,157,46,46
3357,5086,115,26,53
3358,3456,196,10,60
3359,350,108,52,31
3360,1936,156,14,13
3361,3610,219,43,31
3362,2551,217,6,2
3363,5601,144,16,12
3364,1000,192,49,48
3365,1524,181,-5,57
3366,289,160,47,15
3367,4188,47,30,47
3368,3979,51,43,46
3369,435,55,-7,42
3370,3233,73,57,27
3371,791,216,60,32
3372,3891,131,50,32
3373,5264,160,29,33
3374,2495,90,54,32
3375,5942,126,39,46
3376,3812,180,37,30
3377,2395,154,5,29
3378,4929,216,18,26
3379,5015,14,59,24
3380,1450,205,14,40
3381,2903,25,1,34
3382,5921,200,47,58
3383,1089,196,31,42
3384,3259,101,33,54
3385,5410,156,36,33
3386,146,6,14,11
3387,2712,16,41,14
3388,2596,36,16,6
3389,1380,11,46,28
3390,3064,217,6,51
3391,2764,46,53,36
3392,3061,122,27,3
3393,5165,193,36,26
3394,579,8,34,17
3395,5183,175,36,10
3396,4839,123,3,19
3397,1688,134,27,34
3398,573,37,44,48
3399,3369,126,24,9
3400,5216,220,12,21
3401,2629,104,48,4
3402,5909,59,54,7
3403,1617,171,58,32
3404,5603,78,35,52
3405,4722,151,45,55
3406,544,46,,58
3407,4259,197,21,36
3408,2555,13,49,1
3409,2292,27,43,707
3410,5869,65,11,56
3411,4022,186,15,13
3412,2449,210,40,9
3413,2395,161,28,7
3414,4689,124,55,52
3415,614,195,30,50
3416,4961,219,59,42
3417,5958,76,46,9
3418,5258,157,11,553
3419,4056,35,31,57
3420,1093,21,45,21
3421,3934,197,21,1
3422,4017,176,36,26
3423,1843,37,17,43
3424,5953,71,37,24
3425,5099,108,44,41
3426,2614,24,39,25
3427,3944,24,17,22
3428,3475,82,59,44
3429,5647,111,49,32
3430,1755,114,32,23
3431,3675,119,6,43
3432,3794,32,11,4
3433,4676,50,54,44
3434,4957,202,5,31
3435,3919,1,42,55
3436,4010,164,0,0
3437,5298,113,36,55
3438,1318,189,17,19
3439,3625,130,54,18
3440,1,180,0,14
3441,4072,129,40,900
3442,2350,109,57,60
3443,4621,79,47,38
3444,4428,107,34,41
3445,2491,154,41,32
3446,2227,155,45,12
3447,64,54,46,37
3448,3098,142,54,59
3449,3857,7,41,43
3450,3007,96,47,50
3451,3015,202,54,18
3452,5777,178,57,24
3453,1757,2,37,9
3454,3429,74,13,1
3455,915,57,8,9
3456,3773,95,1,16
3457,1341,108,25,19
3458,5671,205,23,46
3459,4686,72,53,57
3460,5300,165,28,14
3461,4671,39,42,27
3462,1192,207,42,16
3463,3511,1,12,35
3464,5574,129,3,30
3465,499,13,9,16
3466,5866,136,43,48
3467,928,162,29,41
3468,4898,155,53,24
3469,4941,63,42,55
3470,5241,58,48,50
3471,1664,63,32,12
3472,4318,115,52,27
3473,1723,142,46,50
3474,4759,203,33,9
3475,1006,115,13,35
3476,3553,138,6,58
3477,2856,47,47,9
3478,305,126,51,52
3479,5824,162,39,15
3480,4019,60,46,40
3481,934,149,38,764
3482,2095,153,25,1
3483,1709,75,11,38
3484,5053,186,22,3
3485,3799,40,46,9
3486,5171,112,11,34
3487,464,116,25,28
3488,3640,207,49,34
3489,3631,172,45,14
3490,3950,20,34,4
3491,372,92,41,36
3492,3525,129,60,50
3493,4658,59,13,2
3494,5671,125,17,2
3495,1293,66,8,24
3496,5810,61,15,9
3497,4556,178,30,31
3498,2869,28,33,34
3499,4962,29,39,34
3500,3224,21,13,9
3501,176,103,15,60
3502,3872,47,16,29
3503,1671,154,35,22
3504,1208,207,25,42
3505,2645,9,0,29
3506,5546,181,19,53
3507,5312,183,44,22
3508,68,7,37,39
3509,4186,110,27,57
3510,5735,146,10,50
3511,2194,166,51,56
3512,5654,5,59,20
3513,2190,158,1,19
3514,3828,192,14,22
3515,3996,96,17,14
3516,2635,61,24,53
3517,4632,101,6,45
3518,4092,185,58,36
3519,3643,117,9,9
3520,5716,110,19,55
3521,5984,173,5,48
3522,1983,61,-8,2
3523,92,35,29,49
3524,491,220,54,30
3525,5010,121,48,57
3526,5684,145,15,54
3527,318,82,6,16
3528,4540,97,41,38
3529,959,112,33,57
3530,1270,195,56,2
3531,53,14,1,25
3532,5061,176,5,60
3533,4340,89,59,36
3534,4796,170,10,55
3535,2117,66,20,22
3536,2775,47,13,11
3537,2488,191,34,39
3538,688,49,39,51
3539,4708,96,41,5
3540,3294,145,38,12
3541,425,62,35,5
3542,4783,84,,58
3543,109,90,47,42
3544,3567,154,23,45
3545,3534,211,52,13
3546,918,167,50,4
3547,4251,219,,18
3548,4117,166,7,4
3549,1563,7,43,24
3550,4925,59,53,33
3551,2257,81,8,34
3552,4256,150,38,48
3553,4630,102,8,32
3554,1922,2,49,41
3555,2351,15,23,9
3556,2943,13,20,24
3557,4585,49,47,6
3558,1227,168,26,3
3559,5977,140,22,47
3560,4647,108,20,16
3561,4519,18,35,17
3562,127,153,55,15
3563,3506,91,19,29
3564,1530,128,41,54
3565,5631,96,16,32
3566,4338,121,2,21
3567,1255,58,1,54
3568,5954,13,53,23
3569,56,150,41,19
3570,3206,28,23,0
3571,1135,216,56,58
3572,5946,57,,21
3573,3234,161,23,55
3574,453,217,53,678
3575,5060,6,53,32
3576,5275,96,44,29
3577,3971,138,57,36
3578,3902,147,44,15
3579,4931,79,31,17
3580,1245,146,,37
3581,1563,84,55,9
3582,4641,188,59,59
3583,150,152,7,1
3584,3462,201,17,31
3585,2528,48,16,43
3586,1380,21,6,4
3587,4759,13,8,27
3588,5520,35,15,31
3589,5181,142,6,50
3590,2043,2,39,57
3591,1994,26,16,23
3592,2048,126,34,58
3593,108,54,19,24
3594,1607,189,56,11
3595,2165,163,9,51
3596,2621,104,57,58
3597,3391,195,34,2
3598,2734,142,,2
3599,2952,143,36,42
3600,5731,193,13,34
3601,3844,214,23,55
3602,759,219,20,17
3603,4453,177,47,51
3604,3720,139,6,35
3605,3940,117,39,58
3606,2243,159,59,46
3607,2311,136,33,55
3608,2848,172,48,53
3609,936,76,17,27
3610,4888,169,38,21
3611,3721,24,2,0
3612,3332,94,26,53
3613,3241,101,27,34
3614,2380,220,50,20
3615,1925,199,55,40
3616,1801,128,59,51
3617,3552,93,38,39
3618,5065,154,2,10
3619,2258,73,59,49
3620,1909,206,35,6
3621,1483,48,24,27
3622,4181,217,19,39
3623,4314,166,25,6
3624,1313,141,33,14
3625,5836,86,,60
3626,3065,193,13,12
3627,2956,22,40,12
3628,1614,89,27,7
3629,3640,2,10,31
3630,3890,49,19,19
3631,4733,202,12,28
3632,1440,59,49,39
3633,904,124,48,24
3634,5726,105,35,10
3635,2837,134,34,21
3636,4282,209,17,42
3637,1766,163,45,48
3638,5583,175,-8,19
3639,2519,115,17,1
3640,1600,157,30,9
3641,3440,27,47,31
3642,2798,113,31,37
3643,456,99,7,32
3644,2369,68,9,21
3645,4146,10,38,20
3646,2566,20,37,57
3647,1033,75,6,23
3648,4210,111,15,19
3649,50,18,27,54
3650,5496,116,3,57
3651,5469,98,16,38
3652,2493,79,20,13
3653,4033,177,22,53
3654,790,210,23,24
3655,2262,112,60,43
3656,5611,77,4,22
3657,1867,49,30,27
3658,4242,70,0,46
3659,1652,69,4,40
3660,564,4,39,0
3661,4701,96,30,41
3662,2451,89,6,19
3663,809,72,37,54
3664,2943,84,34,49
3665,3985,220,13,24
3666,3826,45,38,25
3667,639,217,,33
3668,2108,62,57,33
3669,562,98,52,34
3670,1147,220,29,45
3671,1601,167,56,1
3672,4950,9,-5,59
3673,5927,99,17,16
3674,1935,6,42,0
3675,22,67,22,45
3676,5523,157,39,3
3677,4205,123,,13
3678,1453,127,40,52
3679,5854,36,51,29
3680,1694,201,31,14
3681,5023,220,20,3
3682,1701,38,58,41
3683,368,85,37,3
3684,1916,92,13,20
3685,1346,108,48,52
3686,2999,67,,13
3687,2818,54,36,29
3688,2501,216,23,6
3689,5396,89,51,39
3690,2425,38,26,3
3691,508,184,1,39
3692,5789,118,10,29
3693,91,180,20,5
3694,5728,63,7,58
3695,2384,24,50,4
3696,730,180,12,27
3697,2544,184,3,41
3698,1282,179,23,59
3699,1420,110,2,2
3700,4424,193,41,36
3701,1371,49,33,16
3702,3789,156,58,39
3703,5295,153,20,59
3704,3009,144,36,10
3705,523,165,30,17
3706,2639,46,38,17
3707,3756,91,25,23
3708,1331,132,54,49
3709,5515,159,42,21
3710,1654,138,12,27
3711,3469,89,,29
3712,658,189,0,5
3713,5140,19,15,14
3714,5733,133,31,22
3715,5252,199,43,50
3716,604,78,18,47
3717,2751,74,43,49
3718,3720,74,36,32
3719,5151,60,39,27
3720,1641,144,44,8
3721,3045,74,13,2
3722,1576,88,44,15
3723,2783,45,4,22
3724,1604,175,18,50
3725,175,202,27,60
3726,4703,164,36,51
3727,1243,192,16,30
3728,2933,122,49,20
3729,864,5,34,2
3730,630,10,51,13
3731,1330,46,56,6
3732,1718,150,21,23
3733,791,209,26,38
3734,1118,49,9,35
3735,2125,26,16,8
3736,3353,210,14,40
3737,1046,30,18,16
3738,3890,28,21,664
3739,1022,214,39,25
3740,3610,127,35,32
3741,643,174,7,40
3742,4961,26,13,11
3743,2446,48,12,58
3744,5621,101,12,21
3745,2202,107,,43
3746,1575,184,24,52
3747,5782,49,5,2
3748,2796,114,5,36
3749,1442,52,45,35
3750,2403,88,21,8
3751,4581,187,30,27
3752,1325,162,24,0
3753,1764,85,27,846
3754,4779,60,0,39
3755,5046,137,27,32
3756,642,154,-9,23
3757,3577,127,60,36
3758,4666,147,38,36
3759,4298,28,36,41
3760,5142,146,18,35
3761,5587,118,17,24
3762,1921,169,5,38
3763,72,10,9,18
3764,2760,29,31,54
3765,4258,195,25,57
3766,3712,54,21,13
3767,3880,9,8,32
3768,4859,155,25,26
3769,4110,111,51,56
3770,3023,209,34,53
3771,1742,18,5,24
3772,550,16,45,42
3773,2905,218,48,5
3774,5045,65,53,29
3775,5027,104,46,23
3776,2378,192,-6,5
3777,3596,127,,42
3778,1679,175,3,42
3779,3777,85,,26
3780,5158,140,37,48
3781,3138,157,28,38
3782,2718,134,19,13
3783,1320,49,6,16
3784,2732,43,47,6
3785,5794,141,27,2
3786,5265,195,0,48
3787,4196,28,35,2
3788,392,168,36,55
3789,5971,187,53,39
3790,2597,32,51,19
3791,2391,1,,50
3792,2857,4,42,5
3793,5526,69,30,40
3794,1324,154,44,25
3795,3397,66,4,56
3796,3375,78,28,8
3797,2187,177,14,44
3798,1461,74,21,13
3799,5931,102,0,54
3800,2077,7,34,5
3801,5799,162,17,8
3802,1944,147,44,44
3803,3279,136,41,21
3804,1522,116,50,52
3805,3544,129,-2,11
3806,4490,166,35,6
3807,2513,201,49,24
3808,2128,41,49,49
3809,4960,206,31,0
3810,4981,196,53,29
3811,126,156,27,43
3812,832,213,53,43
3813,635,20,30,21
3814,1932,31,28,3
3815,2870,53,15,31
3816,14,137,24,3
3817,5302,61,29,48
3818,2832,141,29,11
3819,1625,120,5,31
3820,5609,30,20,14
3821,204,2,12,59
3822,2758,98,36,58
3823,2226,114,48,16
3824,551,49,59,57
3825,823,92,5,38
3826,1858,157,18,34
3827,5672,78,10,9
3828,3542,51,5,23
3829,1739,5,37,56
3830,241,53,41,41
3831,5665,146,7,15
3832,3121,164,21,12
3833,5813,98,27,31
3834,3285,79,26,56
3835,1604,85,5,47
3836,2661,44,11,32
3837,1112,55,8,56
3838,1773,213,19,32
3839,5941,48,52,45
3840,5017,146,13,45
3841,3329,91,28,29
3842,1966,165,14,22
3843,5481,156,31,0
3844,3175,76,0,27
3845,1177,51,59,44
3846,5249,20,,17
3847,2525,67,29,32
3848,3708,86,0,6
3849,1162,128,40,1
3850,5331,69,36,7
3851,136,173,22,8
3852,4958,161,25,12
3853,3387,77,10,29
3854,5984,19,11,58
3855,2143,176,20,60
3856,3175,125,26,32
3857,3941,157,27,30
3858,3194,123,40,54
3859,3166,153,32,26
3860,40,202,5,44
3861,1808,34,31,39
3862,5889,141,60,8
3863,3705,1,10,41
3864,5459,124,7,38
3865,578,76,54,38
3866,771,220,34,22
3867,643,118,22,27
3868,3407,190,2,50
3869,2320,150,60,20
3870,1231,102,1,52
3871,1507,216,10,32
3872,2568,182,25,4
3873,694,193,0,36
3874,3134,18,43,59
3875,1391,159,56,12
3876,2764,116,,38
3877,4483,130,21,50
3878,3470,146,,12
3879,5763,198,14,18
3880,3954,189,53,52
3881,1764,19,,11
3882,3841,55,1,53
3883,1139,60,55,33
3884,2971,164,36,53
3885,798,178,43,8
3886,1263,10,29,9
3887,375,203,13,15
3888,4534,39,14,14
3889,5057,173,22,4
3890,983,62,40,48
3891,4773,128,48,47
3892,1996,139,52,42
3893,1289,113,35,29
3894,3585,137,52,10
3895,63,163,35,45
3896,1067,152,49,24
3897,3344,85,6,19
3898,2132,204,32,24
3899,2219,51,1,57
3900,191,98,33,4
3901,5540,217,35,40
3902,4637,158,40,7
3903,5760,113,9,3
3904,4835,132,5,4
3905,39,133,17,15
3906,1790,150,7,18
3907,4745,181,35,7
3908,619,180,40,28
3909,2042,50,1,40
3910,11,117,48,60
3911,2784,14,55,18
3912,1400,113,6,52
3913,1361,147,35,56
3914,49,37,45,33
3915,5324,68,48,59
3916,3354,23,43,24
3917,5603,105,51,11
3918,477,134,47,33
3919,940,168,41,27
3920,1971,130,6,12
3921,2623,124,45,42
3922,309,63,30,26
3923,1436,107,54,46
3924,2194,32,45,20
3925,4376,54,33,22
3926,3536,60,20,31
3927,972,106,18,50
3928,5854,112,26,52
3929,3923,28,52,12
3930,5078,16,50,57
3931,483,46,53,38
3932,2773,134,49,54
3933,5523,88,43,7
3934,4514,95,33,5
3935,436,25,,24
3936,1568,197,47,23
3937,2768,163,50,37
3938,4173,42,-5,37
3939,395,138,7,54
3940,1986,87,27,14
3941,3270,127,52,24
3942,1171,116,6,25
3943,1476,119,33,57
3944,4555,71,55,29
3945,5624,203,29,5
3946,5044,51,54,34
3947,4085,172,57,28
3948,2852,23,0,41
3949,5871,66,30,14
3950,5138,143,1,11
3951,1349,25,13,7
3952,5712,77,53,32
3953,5154,220,5,53
3954,1918,6,17,48
3955,3128,146,29,34
3956,2431,38,50,20
3957,1811,77,37,59
3958,129,195,1,59
3959,3700,108,33,46
3960,1853,64,-5,23
3961,852,159,23,5
3962,1623,162,2,897
3963,3187,220,24,4
3964,3172,180,59,6
3965,5926,103,35,46
3966,3390,80,50,44
3967,1110,204,41,1
3968,4278,126,8,33
3969,4287,214,56,4
3970,4380,100,36,25
3971,1855,200,17,16
3972,457,84,23,28
3973,2533,128,48,29
3974,1823,200,36,26
3975,5326,104,9,1
3976,4776,20,26,0
3977,2233,150,43,58
3978,898,123,47,44
3979,1587,18,57,724
3980,458,179,51,24
3981,4318,97,15,52
3982,819,179,34,50
3983,4545,148,13,53
3984,2050,187,46,59
3985,418,207,51,19
3986,3000,178,29,5
3987,1302,213,26,20
3988,2839,99,54,58
3989,827,175,27,20
3990,3438,118,6,21
3991,919,22,52,7
3992,4049,5,6,33
3993,145,178,21,40
3994,4643,50,48,23
3995,4019,162,37,51
3996,3353,47,23,46
3997,1125,89,29,26
3998,232,183,45,58
3999,1947,49,22,55
4000,5146,132,41,16
4001,4225,107,4,32
4002,5482,177,40,33
4003,1567,193,0,52
4004,2296,38,10,37
4005,5452,216,31,34
4006,1072,212,55,7
4007,28,17,45,15
4008,4776,140,36,52
4009,4630,4,,0
4010,4014,209,55,26
4011,2534,214,47,58
4012,4647,170,53,1
4013,2491,11,56,21
4014,4,38,53,22
4015,4002,10,43,47
4016,4898,12,39,20
4017,1172,175,58,29
4018,4618,2,17,25
4019,4954,220,4,49
4020,4714,29,33,48
4021,4274,108,56,17
4022,4431,49,24,8
4023,3397,21,26,44
4024,3647,172,30,56
4025,5812,118,20,11
4026,5865,175,36,45
4027,5516,202,11,44
4028,814,92,54,17
4029,5182,158,29,59
4030,5972,23,42,40
4031,5654,36,16,20
4032,3643,193,52,519
4033,4369,206,30,21
4034,336,83,27,10
4035,4377,21,34,47
4036,5909,138,34,42
4037,3158,114,33,37
4038,205,26,14,56
4039,4727,52,33,29
4040,2281,215,45,5
4041,1379,6,6,15
4042,5108,209,42,50
4043,2537,55,35,56
4044,4472,170,48,59
4045,2545,5,18,24
4046,3890,137,27,43
4047,2931,216,28,59
4048,1767,106,42,10
4049,1862,60,3,32
4050,95,62,19,20
4051,2539,102,41,32
4052,2040,195,11,53
4053,345,153,20,18
4054,3171,144,26,6
4055,5882,171,12,3
4056,3869,145,59,0
4057,623,178,55,46
4058,5252,163,41,50
4059,4104,217,51,52
4060,2285,102,28,26
4061,158,153,36,23
4062,325,56,45,53
4063,5973,42,20,30
4064,1090,18,3,46
4065,276,37,33,1
4066,4837,180,21,528
4067,2104,77,17,4
4068,3132,175,15,2
4069,3067,187,28,57
4070,3056,112,9,51
4071,1536,6,10,7
4072,4430,146,11,52
4073,1738,145,44,1
4074,3765,8,7,47
4075,3917,182,25,44
4076,5449,117,11,0
4077,1774,40,57,46
4078,4980,50,53,49
4079,5309,120,57,59
4080,2996,108,31,30
4081,2220,97,24,55
4082,1676,213,11,17
4083,2405,130,18,9
4084,4601,155,32,35
4085,3988,113,22,30
4086,2342,112,50,22
4087,5544,192,28,35
4088,2452,94,5,49
4089,1471,71,8,28
4090,2174,99,34,43
4091,5346,158,42,35
4092,748,103,22,9
4093,4272,126,56,13
4094,709,141,29,30
4095,1971,67,40,4
4096,4586,123,42,31
4097,3645,105,49,12
4098,5399,185,4,1
4099,4292,138,28,54
4100,1467,128,31,55
4101,3426,15,55,26
4102,4142,204,33,42
4103,5470,183,50,18
4104,1432,3,21,43
4105,5446,211,53,20
4106,2426,104,11,9
4107,3320,54,16,49
4108,759,137,46,25
4109,929,89,14,5
4110,2401,19,43,54
4111,4271,33,40,39
4112,3968,160,3,34
4113,5996,111,42,32
4114,886,164,16,27
4115,435,201,50,6
4116,2867,146,15,39
4117,304,28,57,52
4118,3028,178,55,10
4119,2526,20,47,8
4120,3161,96,21,9
4121,4925,93,45,31
4122,1603,82,7,24
4123,1144,2,60,52
4124,3794,184,7,5
4125,662,129,3,3
4126,2278,154,33,891
4127,4372,66,28,43
4128,2727,93,28,43
4129,2377,176,41,13
4130,1479,59,56,38
4131,1044,170,45,4
4132,5199,62,26,24
4133,5951,68,39,33
4134,4814,132,41,0
4135,3196,154,33,52
4136,1691,36,36,50
4137,2586,131,17,48
4138,1161,122,6,57
4139,3820,14,40,9
4140,2449,101,54,39
4141,2849,145,34,39
4142,4931,16,24,25
4143,231,147,19,29
4144,448,209,26,9
4145,3488,75,25,46
4146,4113,137,59,36
4147,4094,46,17,17
4148,3186,63,5,9
4149,5606,72,50,8
4150,352,149,60,11
4151,4800,63,43,36
4152,4825,133,5,43
4153,1134,10,11,48
4154,5373,25,8,41
4155,2900,21,13,24
4156,263,84,18,53
4157,3177,172,21,10
4158,4003,3,0,49
4159,3703,128,30,23
4160,442,193,2,13
4161,5943,111,1,30
4162,3804,131,47,18
4163,3492,120,16,56
4164,3459,70,40,14
4165,507,210,51,13
4166,1901,140,59,42
4167,2110,63,28,45
4168,3942,61,3,47
4169,2809,138,11,4
4170,2275,196,21,38
4171,3438,140,9,8
4172,764,35,43,42
4173,1223,92,60,23
4174,4111,158,33,12
4175,1380,177,13,1
4176,979,69,7,8
4177,2703,120,1,42
4178,480,118,31,53
4179,5527,188,46,41
4180,1528,216,53,19
4181,5840,210,21,19
4182,3842,84,41,38
4183,569,27,14,53
4184,5681,107,51,33
4185,1728,30,43,2
4186,1289,100,51,18
4187,5941,206,27,56
4188,2292,110,33,18
4189,1751,182,-10,51
4190,120,50,54,22
4191,2826,129,45,30
4192,1560,175,11,44
4193,2867,9,53,11
4194,582,156,9,24
4195,905,191,0,11
4196,3596,209,10,59
4197,4484,8,31,15
4198,3393,189,57,49
4199,2520,146,31,2
4200,5120,212,20,37
4201,22,187,46,43
4202,4614,211,25,42
4203,2189,57,47,42
4204,1964,89,26,9
4205,2731,202,1,11
4206,634,31,56,59
4207,3864,2,43,2
4208,329,138,55,8
4209,452,92,15,8
4210,349,139,37,15
4211,2944,99,49,3
4212,4329,8,18,27
4213,3662,30,-2,54
4214,2343,121,55,34
4215,3816,212,22,57
4216,5907,26,49,7
4217,1569,146,2,50
4218,2656,15,47,25
4219,5158,187,32,23
4220,3520,200,2,11
4221,1613,32,27,1
4222,2854,14,9,44
4223,2788,4,25,52
4224,1633,33,47,29
4225,499,177,44,43
4226,2256,23,42,60
4227,2107,200,49,40
4228,3533,77,24,34
4229,3825,102,49,40
4230,5997,183,16,26
4231,984,72,10,45
4232,69,5,0,59
4233,111,215,44,7
4234,3634,68,12,28
4235,4007,188,6,1
4236,1969,130,51,11
4237,1479,38,20,54
4238,5432,176,34,44
4239,3940,110,49,49
4240,5261,187,9,55
4241,5904,61,,21
4242,2805,71,7,30
4243,3024,119,34,26
4244,3581,21,2,44
4245,293,5,56,22
4246,1005,136,57,24
4247,5995,69,31,38
4248,5105,56,40,13
4249,4164,171,36,5
4250,1052,102,37,41
4251,1846,23,20,44
4252,2876,174,33,3
4253,4124,124,23,31
4254,3776,85,6,60
4255,899,131,59,48
4256,5936,142,8,60
4257,445,171,47,34
4258,2099,100,34,59
4259,136,27,42,12
4260,718,63,32,23
4261,5541,77,54,6
4262,2529,46,39,14
4263,3301,190,17,20
4264,539,121,55,51
4265,3677,64,14,53
4266,5416,10,4,3
4267,1578,103,2,22
4268,5934,212,36,31
4269,3875,148,14,5
4270,4375,40,56,24
4271,5309,124,29,20
4272,5959,154,38,45
4273,3,112,44,1
4274,4141,112,39,52
4275,5004,93,24,25
4276,822,22,52,47
4277,1531,141,36,8
4278,5785,5,30,20
4279,2493,57,23,35
4280,184,150,31,20
4281,1624,177,24,12
4282,2146,149,55,60
4283,5157,152,26,37
4284,5621,104,7,42
4285,5299,102,34,27
4286,2599,169,17,51
4287,3130,72,42,43
4288,235,107,51,52
4289,4698,171,9,21
4290,4332,199,-6,3
4291,4381,16,42,44
4292,3769,95,25,40
4293,2013,66,47,18
4294,5891,220,55,2
4295,2851,216,14,18
4296,4476,62,58,5
4297,1528,113,46,10
4298,3625,130,50,13
4299,4069,150,53,43
4300,1540,36,60,32
4301,4563,23,24,42
4302,4023,116,42,6
4303,1851,73,,11
4304,4026,57,27,4
4305,2617,117,48,16
4306,5134,158,4,32
4307,4330,2,1,50
4308,126,212,5,14
4309,5630,164,10,46
4310,4486,151,1,16
4311,653,24,46,52
4312,5264,147,10,6
4313,5213,143,55,46
4314,4754,39,29,49
4315,1207,69,18,15
4316,5822,108,60,18
4317,619,133,46,58
4318,2542,110,35,36
4319,3059,177,40,34
4320,1607,53,58,25
4321,5088,195,28,19
4322,365,162,37,6
4323,3780,190,44,7
4324,5713,173,-9,48
4325,1837,58,60,33
4326,3080,89,27,7
4327,4381,163,51,49
4328,4452,19,8,24
4329,5600,158,37,7
4330,4703,217,36,55
4331,5875,118,55,28
4332,5531,215,32,51
4333,5702,201,24,22
4334,2429,138,46,27
4335,4892,116,28,42
4336,4919,119,31,27
4337,5668,171,50,51
4338,129,11,57,29
4339,6000,209,26,33
4340,5372,188,15,49
4341,1835,145,15,17
4342,2315,177,5,59
4343,1440,112,31,35
4344,2768,115,3,28
4345,4462,95,16,53
4346,2945,40,5,29
4347,1722,35,4,15
4348,5229,86,32,51
4349,4592,150,10,51
4350,4304,4,10,45
4351,1282,151,42,52
4352,4096,102,39,48
4353,4195,134,34,13
4354,5601,9,28,38
4355,5945,18,53,44
4356,5951,3,26,8
4357,5426,167,5,22
4358,1842,198,19,18
4359,4612,212,31,19
4360,3721,1,40,34
4361,2337,139,47,25
4362,916,181,28,48
4363,2402,157,33,40
4364,4799,97,15,16
4365,3062,213,50,46
4366,5055,65,6,26
4367,5171,179,49,44
4368,3729,46,17,0
4369,3109,42,35,42
4370,683,183,15,9
4371,3049,219,25,27
4372,517,174,55,39
4373,3811,31,-6,7
4374,5864,157,36,51
4375,5869,12,30,51
4376,4225,156,35,59
4377,184,39,11,5
4378,4549,150,41,517
4379,1564,80,24,6
4380,5194,24,30,15
4381,3953,181,16,58
4382,3340,214,60,22
4383,2685,22,51,11
4384,1692,88,23,37
4385,2472,191,39,5
4386,3365,104,12,1
4387,3129,52,14,32
4388,2521,131,-8,21
4389,2414,68,13,20
4390,2598,217,41,0
4391,4643,23,26,23
4392,2128,119,1,51
4393,3565,158,27,54
4394,5560,123,31,32
4395,1704,68,4,19
4396,1227,71,60,54
4397,3549,71,49,37
4398,2592,56,22,508
4399,5478,68,12,22
4400,622,214,33,693
4401,1710,154,9,38
4402,5219,188,25,23
4403,1675,38,58,29
4404,283,77,39,41
4405,1417,110,49,57
4406,1930,133,16,48
4407,212,188,39,35
4408,1297,166,,23
4409,4962,25,24,54
4410,4642,174,47,60
4411,1998,210,60,51
4412,2604,150,14,8
4413,3511,93,31,47
4414,911,178,55,58
4415,5803,76,36,47
4416,4185,197,47,58
4417,22,7,27,11
4418,4359,29,32,13
4419,5372,160,10,17
4420,3396,127,36,5
4421,3277,32,43,45
4422,65,126,39,51
4423,3870,37,39,60
4424,1224,61,14,60
4425,2673,145,7,15
4426,2961,53,5,57
4427,2886,111,10,45
4428,3772,185,8,45
4429,2901,179,53,639
4430,5888,178,1,36
4431,2183,204,28,42
4432,3516,141,10,34
4433,4410,45,4,34
4434,2378,74,24,35
4435,793,103,12,24
4436,4000,2,13,33
4437,5264,73,41,55
4438,5405,164,41,28
4439,1160,184,10,13
4440,1132,65,10,54
4441,3711,143,46,13
4442,644,41,21,16
4443,2805,35,59,33
4444,4436,72,30,22
4445,2274,67,29,18
4446,3628,109,19,13
4447,639,1,22,29
4448,5471,188,2,24
4449,1496,194,22,13
4450,2022,162,8,17
4451,2201,170,34,48
4452,5955,96,7,36
4453,3024,82,58,0
4454,5342,179,38,28
4455,2162,127,8,45
4456,991,191,20,42
4457,3506,109,11,22
4458,5,27,45,27
4459,1534,7,19,12
4460,3675,114,7,16
4461,2337,141,59,30
4462,4244,65,37,8
4463,2855,45,59,33
4464,5611,174,15,0
4465,3482,141,,46
4466,4585,219,3,32
4467,5936,122,41,32
4468,4866,129,32,57
4469,295,149,52,8
4470,5130,30,0,41
4471,4861,71,49,9
4472,2831,174,16,31
4473,1734,13,46,10
4474,4760,34,37,54
4475,93,43,20,844
4476,1375,44,30,38
4477,1116,217,23,53
4478,4675,213,32,57
4479,2728,202,39,44
4480,5468,65,59,13
4481,279,60,11,53
4482,403,142,0,54
4483,3880,165,2,0
4484,4376,27,31,6
4485,404,98,34,20
4486,3124,4,32,32
4487,4605,204,37,23
4488,1325,173,3,34
4489,2934,22,49,11
4490,4180,107,58,24
4491,177,147,37,39
4492,5650,75,36,17
4493,843,200,28,7
4494,4774,16,15,25
4495,4103,185,31,15
4496,5709,89,39,43
4497,176,194,6,9
4498,4718,110,32,17
4499,1670,69,48,14
4500,4624,176,44,28
4501,5410,110,40,31
4502,2558,169,55,11
4503,5998,211,36,44
4504,2784,173,39,59
4505,2655,206,31,5
4506,2475,113,42,55
4507,423,12,29,5
4508,684,190,41,45
4509,386,60,23,12
4510,1825,90,39,9
4511,3852,46,-6,17
4512,5172,23,23,20
4513,5912,140,41,27
4514,903,169,41,17
4515,4440,120,3,24
4516,2809,78,9,54
4517,950,29,54,57
4518,4098,159,51,21
4519,4894,182,57,7
4520,5941,182,24,20
4521,2751,31,30,13
4522,5360,100,27,19
4523,2283,58,5,13
4524,2162,6,-2,47
4525,4644,140,3,56
4526,881,2,57,26
4527,1349,47,17,53
4528,1302,99,22,49
4529,4658,211,46,20
4530,4210,156,40,42
4531,5258,149,31,32
4532,2707,220,20,4
4533,4900,29,22,18
4534,3283,149,35,57
4535,5255,55,17,23
4536,2102,137,38,645
4537,5055,70,,33
4538,570,9,0,26
4539,3283,157,34,5
4540,5747,56,12,59
4541,1562,22,25,30
4542,1380,100,51,24
4543,5735,61,45,3
4544,24,87,36,52
4545,222,168,60,27
4546,4227,30,3,24
4547,471,148,6,28
4548,3028,26,1,51
4549,2671,155,10,53
4550,4427,98,21,13
4551,2370,149,17,22
4552,5840,137,12,38
4553,4303,94,55,53
4554,3156,188,45,21
4555,4627,63,16,58
4556,4179,28,50,9
4557,3362,133,35,32
4558,60,121,40,59
4559,4571,97,45,40
4560,1441,16,5,38
4561,5147,209,13,1
4562,4303,31,29,47
4563,2045,184,11,20
4564,4351,140,7,5
4565,5872,214,39,41
4566,3604,119,26,6
4567,782,140,1,28
4568,2180,80,8,16
4569,3562,201,44,50
4570,501,66,55,42
4571,2828,156,28,56
4572,4072,24,11,21
4573,2868,140,19,51
4574,4655,171,51,22
4575,3203,17,16,36
4576,5041,5,54,4
4577,5401,181,16,1
4578,4813,6,21,19
4579,2464,80,54,36
4580,5318,191,59,23
4581,898,108,22,15
4582,5039,117,52,49
4583,1779,204,37,56
4584,5514,13,29,57
4585,3296,125,22,44
4586,2104,165,-4,11
4587,851,215,49,20
4588,4864,127,0,25
4589,2844,201,35,4
4590,1073,72,,48
4591,3874,113,35,14
4592,2682,11,43,51
4593,1842,131,3,55
4594,1140,38,29,7
4595,3428,107,10,13
4596,4975,166,14,22
4597,3437,1,5,29
4598,3666,45,54,26
4599,4137,18,53,57
4600,3561,26,12,21
4601,2130,35,52,28
4602,45,22,42,53
4603,1752,52,41,49
4604,5273,161,,3
4605,2657,176,14,2
4606,5922,103,30,46
4607,3713,25,34,59
4608,5886,204,23,14
4609,636,88,25,18
4610,1802,83,54,26
4611,4552,118,21,12
4612,4171,67,34,59
4613,1940,61,24,18
4614,908,89,9,52
4615,4809,107,16,23
4616,3825,193,4,24
4617,5321,157,,45
4618,1087,42,6,27
4619,4523,183,,32
4620,26,25,32,9
4621,686,213,44,52
4622,2740,87,31,16
4623,5515,23,57,8
4624,3013,26,11,6
4625,1561,178,-2,18
4626,3844,148,45,4
4627,2492,69,44,45
4628,2996,122,57,27
4629,4768,194,45,24
4630,1652,106,28,53
4631,3978,32,,8
4632,2500,94,44,30
4633,1001,162,28,21
4634,5069,185,60,11
4635,48,13,59,8
4636,1461,34,14,28
4637,3155,80,14,13
4638,1578,189,51,54
4639,2914,22,51,38
4640,3700,161,47,10
4641,542,18,20,8
4642,5027,42,28,48
4643,5043,175,37,13
4644,3455,208,30,27
4645,1030,13,40,60
4646,956,187,49,5
4647,5681,63,4,2
4648,5019,30,1,43
4649,3215,10,3,52
4650,5311,12,19,37
4651,3171,107,34,51
4652,2838,23,1,12
4653,4893,92,13,30
4654,1488,35,29,49
4655,4337,59,52,36
4656,4919,3,10,21
4657,1486,79,17,33
4658,183,126,49,26
4659,5941,182,27,22
4660,3268,81,19,13
4661,4884,43,35,36
4662,3471,61,48,4
4663,5376,198,18,21
4664,2124,117,16,37
4665,540,20,25,2
4666,2174,174,51,29
4667,988,143,10,9
4668,5267,183,17,43
4669,4694,205,18,17
4670,5470,204,19,34
4671,2909,202,42,25
4672,2668,80,19,21
4673,2151,46,7,40
4674,1151,159,47,37
4675,1086,98,45,3
4676,1798,52,50,37
4677,1920,137,8,28
4678,2308,170,25,7
4679,1084,55,46,38
4680,2163,94,47,59
4681,1207,86,46,36
4682,1704,114,11,53
4683,3386,204,29,28
4684,5466,56,3,60
4685,5541,118,35,1
4686,5010,157,46,13
4687,4582,102,10,3
4688,2816,55,36,7
4689,715,195,42,50
4690,1559,141,59,10
4691,5604,145,52,5
4692,5909,54,56,58
4693,108,114,15,39
4694,4360,164,60,20
4695,2976,10,25,32
4696,770,176,5,16
4697,3774,129,21,25
4698,5199,105,10,4
4699,5786,193,25,59
4700,3786,184,11,19
4701,4141,213,7,57
4702,2971,105,55,52
4703,683,182,54,54
4704,4936,116,21,13
4705,571,76,16,24
4706,2000,140,16,20
4707,2734,205,0,5
4708,1166,36,4,58
4709,5626,205,33,41
4710,2433,144,6,13
4711,440,92,56,38
4712,4536,147,33,39
4713,195,145,44,9
4714,1519,39,45,2
4715,2530,18,51,31
4716,4851,113,2,52
4717,5569,104,55,33
4718,4486,41,35,10
4719,3349,115,18,3
4720,151,171,0,38
4721,5434,124,31,14
4722,2406,149,42,26
4723,5454,213,38,22
4724,5987,30,9,5
4725,2724,49,3,7
4726,1817,65,43,12
4727,2118,100,27,37
4728,505,110,30,40
4729,3561,77,18,1
4730,708,69,32,11
4731,607,159,46,16
4732,2708,194,44,31
4733,2843,96,20,14
4734,3250,208,59,47
4735,4519,215,20,56
4736,2599,1,9,24
4737,4881,73,-9,23
4738,1709,187,25,3
4739,1219,144,32,18
4740,4724,52,60,37
4741,5971,212,34,40
4742,5988,183,45,26
4743,4141,149,33,0
4744,3277,162,43,21
4745,5930,47,33,22
4746,2553,188,12,2
4747,5409,55,47,27
4748,2086,196,6,27
4749,1914,168,28,1
4750,1327,128,58,16
4751,240,12,55,42
4752,5221,219,22,3
4753,5084,76,-8,50
4754,4671,158,14,38
4755,3881,188,35,32
4756,387,68,32,23
4757,2852,198,38,1
4758,2173,44,56,52
4759,3663,134,,40
4760,859,197,19,31
4761,2133,2,43,32
4762,4246,119,31,52
4763,2862,217,50,4
4764,3282,157,37,53
4765,4846,30,59,41
4766,5177,197,37,2
4767,3261,142,33,18
4768,2525,179,30,54
4769,1931,59,0,49
4770,4767,80,30,49
4771,820,79,6,57
4772,4723,48,49,56
4773,1136,120,56,60
4774,4017,211,53,29
4775,3551,87,15,49
4776,3344,189,24,48
4777,4554,88,52,26
4778,3632,26,24,18
4779,558,168,45,7
4780,3317,207,33,23
4781,3044,36,19,4
4782,964,111,33,31
4783,4487,42,20,26
4784,2236,188,47,13
4785,720,3,7,54
4786,1357,169,59,51
4787,4288,52,44,7
4788,4683,171,49,4
4789,437,22,5,47
4790,670,166,29,51
4791,2116,180,35,5
4792,5625,122,36,27
4793,4818,208,17,56
4794,4102,15,11,47
4795,2110,83,51,44
4796,2152,220,49,30
4797,4170,7,,31
4798,1479,119,33,41
4799,3676,69,46,12
4800,2361,42,21,17
4801,2537,174,29,3
4802,3164,160,56,6
4803,5420,75,25,25
4804,5127,34,-3,55
4805,4684,118,9,8
4806,1930,180,7,46
4807,5309,113,1,32
4808,5672,62,13,52
4809,4851,71,22,14
4810,2949,12,35,11
4811,5359,6,44,12
4812,5893,83,24,44
4813,4110,12,8,35
4814,16,40,28,33
4815,5671,34,42,24
4816,5879,71,39,57
4817,5609,174,56,18
4818,3751,154,3,16
4819,2673,21,22,15
4820,5186,156,10,25
4821,147,215,48,776
4822,1059,64,43,33
4823,5596,5,0,43
4824,4867,121,34,0
4825,3947,188,50,35
4826,2197,109,20,40
4827,40,157,9,9
4828,1393,31,8,32
4829,3267,160,1,13
4830,2624,210,34,52
4831,1430,184,57,9
4832,4055,37,14,19
4833,2195,19,57,49
4834,475,133,13,35
4835,5278,171,5,16
4836,4786,166,38,17
4837,5484,43,42,10
4838,1570,33,11,32
4839,2467,109,48,54
4840,979,155,37,36
4841,372,131,45,6
4842,3277,51,9,59
4843,909,62,41,14
4844,5676,82,45,60
4845,1463,21,49,16
4846,2927,212,19,16
4847,1265,123,,45
4848,2164,133,58,39
4849,5219,159,31,51
4850,2083,43,58,11
4851,5025,175,55,28
4852,1789,126,16,32
4853,2988,166,3,33
4854,3588,215,17,54
4855,4234,13,48,57
4856,428,103,42,0
4857,4512,64,0,40
4858,3994,63,27,47
4859,3957,195,23,32
4860,4251,114,57,31
4861,5958,188,58,47
4862,1920,58,14,21
4863,4109,55,31,49
4864,306,48,15,34
4865,4851,75,,43
4866,3579,153,46,18
4867,3757,98,48,6
4868,1383,119,60,47
4869,982,40,47,43
4870,3780,156,40,25
4871,4432,10,56,36
4872,2894,41,10,16
4873,3724,84,27,7
4874,5871,63,57,28
4875,647,122,54,46
4876,187,17,7,28
4877,2705,86,44,25
4878,2411,123,15,23
4879,3430,117,45,19
4880,2134,178,38,50
4881,4163,145,2,50
4882,1020,180,25,31
4883,4255,216,47,45
4884,1926,5,51,10
4885,4716,218,8,14
4886,5984,1,58,0
4887,1838,78,7,57
4888,987,200,20,45
4889,5609,5,51,12
4890,1591,15,49,53
4891,81,49,48,23
4892,864,212,58,15
4893,1803,28,9,59
4894,3025,204,44,1
4895,2217,142,57,32
4896,5288,140,6,49
4897,4085,180,23,36
4898,4638,119,14,8
4899,5261,150,8,55
4900,4303,10,39,37
4901,4276,61,56,51
4902,4711,217,34,25
4903,4735,25,40,2
4904,256,71,60,27
4905,4603,107,58,12
4906,1824,139,4,54
4907,553,147,48,16
4908,3930,11,29,41
4909,5017,138,47,26
4910,2101,70,52,17
4911,984,140,,5
4912,2811,68,42,10
4913,1436,83,21,56
4914,121,189,6,32
4915,4305,127,8,21
4916,1438,219,14,1
4917,5249,188,30,59
4918,1473,125,44,58
4919,1297,30,43,22
4920,1377,125,49,46
4921,5463,38,15,4
4922,5744,69,14,18
4923,3163,99,55,14
4924,3424,119,28,48
4925,4774,113,8,29
4926,898,168,36,32
4927,3338,7,22,12
4928,2468,101,58,46
4929,3608,74,57,48
4930,5028,98,50,34
4931,5658,166,34,27
4932,4879,130,31,6
4933,2379,194,25,50
4934,1031,145,5,48
4935,1582,100,49,1
4936,4891,1,58,58
4937,528,22,50,746
4938,5759,121,34,15
4939,958,215,33,53
4940,5768,105,13,30
4941,580,151,34,31
4942,391,54,58,11
4943,464,188,32,5
4944,1892,160,43,9
4945,2116,167,18,55
4946,5406,178,22,46
4947,2320,124,60,10
4948,4050,182,38,53
4949,2316,205,28,52
4950,5621,118,59,52
4951,2555,7,26,59
4952,3175,116,36,49
4953,2137,33,55,0
4954,3080,31,13,30
4955,4358,43,12,28
4956,4595,34,20,46
4957,1674,8,34,31
4958,4045,145,1,38
4959,4099,20,11,60
4960,1322,104,13,20
4961,5855,202,35,7
4962,3918,20,2,11
4963,3185,44,10,45
4964,837,156,12,12
4965,1070,205,49,32
4966,2381,59,31,43
4967,4433,48,56,58
4968,230,186,57,6
4969,2907,179,,3
4970,2012,48,2,36
4971,4431,41,32,48
4972,1258,75,30,58
4973,5395,108,27,58
4974,3822,132,13,1
4975,799,126,10,38
4976,412,158,39,13
4977,3896,90,5,13
4978,5589,137,60,51
4979,921,78,47,41
4980,4879,189,24,31
4981,817,143,18,52
4982,5109,40,0,32
4983,2227,160,47,27
4984,4202,87,5,58
4985,322,96,59,25
4986,5599,89,40,51
4987,1754,178,16,3
4988,813,13,53,29
4989,1431,141,28,45
4990,4984,159,30,10
4991,2783,121,50,46
4992,2629,13,8,58
4993,5055,64,57,45
4994,5424,41,56,48
4995,3891,44,23,17
4996,5550,200,36,51
4997,2580,161,0,15
4998,3711,148,20,34
4999,2060,201,27,30
5000,1217,61,39,24
5001,3973,134,-8,36
5002,2617,21,26,12
5003,3283,110,11,25
5004,5092,77,0,38
5005,316,118,13,29
5006,1392,159,46,7
5007,2247,137,0,13
5008,2341,163,42,49
5009,2055,7,43,45
5010,655,157,23,24
5011,5451,213,20,47
5012,4591,77,4,40
5013,1472,207,8,34
5014,2688,183,25,2
5015,1105,215,37,14
5016,525,21,42,31
5017,4187,163,25,12
5018,1988,139,47,2
5019,2075,101,-5,30
5020,1875,87,42,44
5021,3069,156,12,5
5022,3458,17,56,2
5023,2153,84,25,12
5024,626,194,56,16
5025,4847,102,6,49
5026,2751,13,33,34
5027,4960,125,23,21
5028,2622,50,56,30
5029,5462,123,34,59
5030,667,110,45,26
5031,354,160,25,21
5032,4706,141,48,57
5033,3649,74,41,19
5034,1591,203,11,5
5035,3708,131,48,20
5036,3780,74,57,30
5037,3786,6,25,2
5038,5225,204,21,47
5039,5912,130,42,12
5040,3058,107,18,48
5041,1898,43,54,29
5042,2525,22,4,46
5043,3489,94,9,30
5044,692,165,22,52
5045,3137,42,24,25
5046,5112,145,34,5
5047,3011,33,28,51
5048,218,12,35,20
5049,1952,210,6,27
5050,2274,183,59,851
5051,3292,163,19,36
5052,1317,62,31,21
5053,4414,54,32,33
5054,1843,59,41,5
5055,2040,167,9,22
5056,4188,84,59,36
5057,4110,206,59,40
5058,66,207,25,27
5059,1701,67,31,39
5060,5717,197,5,2
5061,176,39,54,34
5062,1,11,1,13
5063,3426,103,26,54
5064,4594,4,32,45
5065,3327,204,16,19
5066,5769,149,57,4
5067,1177,127,44,31
5068,2832,1,9,55
5069,2417,196,10,22
5070,697,40,8,52
5071,954,93,12,23
5072,2685,150,57,10
5073,599,152,29,55
5074,3231,30,24,10
5075,4965,193,50,12
5076,204,29,,42
5077,3887,175,2,7
5078,2406,79,25,1
5079,2425,144,58,24
5080,960,125,-9,20
5081,1657,25,59,8
5082,1824,30,54,20
5083,1854,70,38,31
5084,845,215,31,18
5085,245,215,48,40
5086,2855,27,19,6
5087,4597,188,47,26
5088,4328,176,36,35
5089,1554,157,45,29
5090,1579,166,8,28
5091,264,41,51,33
5092,5116,216,49,26
5093,2948,94,58,22
5094,138,18,9,4
5095,5496,206,36,51
5096,5544,152,45,37
5097,2635,49,56,57
5098,2993,61,60,0
5099,4689,100,23,17
5100,3998,15,21,50
5101,2376,66,23,43
5102,4650,26,16,20
5103,577,2,8,2
5104,1678,130,34,42
5105,5174,116,4,15
5106,5204,110,1,54
5107,1077,18,9,58
5108,51,9,18,26
5109,4987,121,22,9
5110,496,135,18,35
5111,2455,45,22,43
5112,5797,111,60,45
5113,1165,47,,39
5114,5271,83,51,17
5115,776,118,5,1
5116,3136,128,13,38
5117,5080,56,44,55
5118,3371,194,36,504
5119,3113,65,43,33
5120,1161,184,15,21
5121,5970,49,60,35
5122,4717,171,56,42
5123,677,119,56,23
5124,446,78,29,656
5125,4269,51,44,0
5126,3660,101,8,29
5127,1394,93,21,13
5128,3769,216,46,19
5129,1919,40,44,52
5130,1322,33,21,3
5131,1706,78,33,13
5132,5572,190,8,57
5133,24,19,16,57
5134,2103,109,30,23
5135,245,64,33,3
5136,2677,190,18,57
5137,4436,81,44,10
5138,4791,127,,54
5139,991,178,59,1
5140,2216,56,13,2
5141,355,150,34,3
5142,4813,206,15,52
5143,5437,149,53,26
5144,450,187,33,59
5145,3312,129,18,42
5146,3061,84,33,42
5147,1334,90,11,54
5148,3197,134,22,29
5149,5679,112,53,49
5150,2554,37,37,11
5151,2796,6,5,38
5152,2946,34,45,26
5153,2558,157,17,8
5154,1418,24,,24
5155,2911,45,12,32
5156,2250,156,35,28
5157,2358,47,47,1
5158,5738,57,42,20
5159,4086,116,39,14
5160,2077,13,18,37
5161,3140,183,13,24
5162,1877,18,58,31
5163,2878,53,13,46
5164,5175,77,58,30
5165,5327,111,13,3
5166,5875,112,20,34
5167,1171,117,56,51
5168,2918,77,59,51
5169,3182,220,58,39
5170,556,89,43,40
5171,4670,126,14,625
5172,5837,126,48,32
5173,4322,27,58,17
5174,5542,178,56,41
5175,1040,146,33,54
5176,3345,137,29,26
5177,173,118,20,1
5178,644,26,59,45
5179,2893,94,,6
5180,2450,207,38,40
5181,4608,134,25,50
5182,3123,27,5,23
5183,4983,8,4,31
5184,4119,113,53,8
5185,65,211,5,46
5186,3397,130,13,41
5187,3326,44,41,55
5188,494,100,3,23
5189,567,200,6,25
5190,3945,107,39,0
5191,2022,86,48,9
5192,4520,202,8,47
5193,551,155,52,56
5194,3666,22,-3,46
5195,5457,64,11,31
5196,264,209,44,30
5197,1033,88,60,28
5198,1148,31,60,11
5199,293,207,12,55
5200,5024,145,48,52
5201,2660,105,45,16
5202,1675,21,28,8
5203,645,189,3,41
5204,3237,54,49,52
5205,583,135,44,24
5206,5983,117,55,1
5207,4640,138,31,34
5208,1715,90,1,43
5209,2419,93,39,12
5210,874,57,6,9
5211,3632,1,59,36
5212,1582,66,52,6
5213,5336,217,51,1
5214,2280,178,0,28
5215,3374,66,48,56
5216,5323,143,53,43
5217,1065,162,37,17
5218,4492,177,7,12
5219,2729,60,48,39
5220,5326,3,49,29
5221,185,210,52,28
5222,2050,187,56,22
5223,4244,71,21,34
5224,1449,34,10,28
5225,3104,176,0,8
5226,446,109,48,27
5227,1037,86,11,28
5228,5953,187,52,18
5229,2221,90,56,60
5230,4824,10,25,28
5231,5249,37,4,46
5232,4561,50,0,26
5233,2267,76,12,53
5234,843,5,43,42
5235,1369,85,28,56
5236,2834,70,11,51
5237,1953,87,13,44
5238,3738,33,19,33
5239,5069,131,53,41
5240,1588,43,10,57
5241,1812,87,1,11
5242,1491,115,59,28
5243,3241,164,37,0
5244,4243,66,31,55
5245,3907,3,21,33
5246,5626,183,31,46
5247,1333,47,50,5
5248,5134,171,10,46
5249,275,188,19,0
5250,1760,170,17,8
5251,387,49,14,43
5252,3921,164,13,35
5253,1722,92,53,2
5254,1027,25,20,42
5255,1966,140,12,25
5256,4636,72,40,48
5257,2776,130,24,46
5258,2492,158,4,38
5259,4441,178,56,20
5260,936,215,14,45
5261,2537,76,51,20
5262,2029,179,10,38
5263,4075,49,31,54
5264,2553,40,34,13
5265,5303,140,33,42
5266,3257,108,25,14
5267,2453,48,50,32
5268,4942,21,6,21
5269,921,98,32,11
5270,3805,117,0,48
5271,2123,171,36,7
5272,5527,173,16,719
5273,3042,165,17,31
5274,784,47,59,27
5275,5248,206,41,46
5276,4892,5,29,22
5277,2855,26,12,32
5278,2996,106,10,52
5279,1811,78,42,38
5280,2710,28,21,44
5281,1269,181,60,56
5282,432,153,52,19
5283,298,88,36,27
5284,2983,172,48,27
5285,2238,145,58,35
5286,1886,199,58,19
5287,2559,98,31,51
5288,3150,149,46,47
5289,4172,151,9,23
5290,5040,26,51,18
5291,1833,122,13,48
5292,5343,169,,39
5293,1841,22,48,46
5294,3202,177,42,32
5295,5652,68,56,52
5296,3671,135,27,53
5297,3690,52,8,0
5298,4358,23,6,25
5299,2057,215,7,42
5300,1173,101,48,38
5301,5483,22,32,45
5302,5624,15,45,7
5303,5899,147,35,43
5304,172,90,48,17
5305,530,150,51,54
5306,4777,77,45,56
5307,4377,163,20,42
5308,1001,124,18,10
5309,2552,34,9,57
5310,234,76,22,5
5311,1364,135,43,21
5312,4108,145,41,49
5313,5323,118,1,35
5314,1933,89,28,43
5315,716,143,36,659
5316,5292,150,59,11
5317,300,214,48,7
5318,1235,139,40,22
5319,5364,146,36,46
5320,5241,118,57,11
5321,1868,26,,21
5322,585,3,35,27
5323,433,69,59,43
5324,4737,92,52,43
5325,152,55,20,17
5326,3174,70,9,47
5327,1301,57,54,23
5328,4103,72,51,34
5329,3976,102,60,39
5330,4406,184,51,26
5331,4247,178,59,18
5332,1440,21,9,15
5333,3110,9,22,38
5334,1674,194,31,2
5335,1198,119,9,14
5336,3206,70,45,50
5337,731,29,15,54
5338,4246,204,56,34
5339,5796,83,30,6
5340,3543,42,53,39
5341,4076,188,23,58
5342,4038,12,,51
5343,3528,66,26,7
5344,4697,157,17,32
5345,4199,162,22,25
5346,1003,112,51,27
5347,4538,195,26,29
5348,3601,135,38,21
5349,1124,79,39,28
5350,1765,157,13,2
5351,3201,20,55,39
5352,1709,33,24,777
5353,5636,190,25,7
5354,5910,113,56,41
5355,2338,34,55,53
5356,1551,101,34,12
5357,4297,3,43,13
5358,3829,19,35,27
5359,4461,6,29,18
5360,953,177,9,2
5361,3390,87,19,20
5362,3557,100,14,44
5363,1719,101,12,45
5364,929,54,58,39
5365,5405,208,8,56
5366,477,73,48,11
5367,1892,126,38,47
5368,4676,141,52,11
5369,2476,165,34,28
5370,5870,189,13,31
5371,758,45,14,12
5372,3665,214,44,36
5373,1784,190,31,40
5374,2843,153,0,5
5375,1064,151,53,43
5376,5072,40,56,1
5377,1714,114,0,47
5378,3886,69,45,0
5379,2637,13,59,46
5380,5783,76,38,40
5381,663,58,38,9
5382,1609,106,37,27
5383,5106,62,34,53
5384,3545,144,14,5
5385,114,177,1,45
5386,2046,144,12,53
5387,3553,192,29,47
5388,1628,180,25,4
5389,512,73,31,43
5390,4963,74,56,23
5391,3446,23,57,42
5392,4391,28,32,7
5393,96,102,44,39
5394,5419,39,51,60
5395,4740,48,10,59
5396,5083,126,47,32
5397,2810,183,43,33
5398,1724,165,,9
5399,318,175,35,38
5400,5640,20,58,0
5401,1882,38,46,51
5402,5511,210,31,19
5403,3603,133,15,819
5404,2532,69,7,0
5405,4391,53,19,48
5406,2052,39,21,15
5407,1136,69,38,48
5408,4063,129,21,35
5409,4092,12,9,13
5410,4153,172,40,12
5411,4940,17,23,28
5412,4893,24,0,18
5413,4856,114,49,36
5414,1434,62,19,57
5415,5485,192,55,9
5416,2465,37,22,2
5417,5627,100,,6
5418,3085,196,10,27
5419,2404,73,57,4
5420,3839,204,50,29
5421,5513,139,39,26
5422,3843,110,40,34
5423,1532,145,26,8
5424,163,78,10,49
5425,3007,204,45,34
5426,476,24,44,57
5427,385,185,1,33
5428,1230,89,58,37
5429,1734,13,24,22
5430,3922,106,35,10
5431,2663,31,20,56
5432,4138,132,1,2
5433,3413,7,52,23
5434,4620,7,,53
5435,2463,165,41,37
5436,5392,23,30,47
5437,2124,33,51,3
5438,3927,54,53,1
5439,3605,144,34,52
5440,1040,99,14,10
5441,4278,66,18,7
5442,5561,50,20,35
5443,1434,175,,4
5444,3935,192,30,622
5445,1758,82,34,8
5446,193,112,11,29
5447,678,190,51,53
5448,3878,14,57,32
5449,4349,52,10,32
5450,293,68,6,24
5451,1842,88,53,17
5452,5844,78,37,58
5453,5308,181,32,36
5454,2519,212,22,42
5455,5974,74,41,26
5456,5927,60,,14
5457,132,56,,56
5458,5449,216,58,44
5459,667,129,7,23
5460,2866,61,21,0
5461,3522,33,38,9
5462,4386,170,2,46
5463,4891,71,39,4
5464,5364,219,49,16
5465,3631,51,15,13
5466,5038,53,44,33
5467,2891,87,25,49
5468,5388,16,54,10
5469,80,164,34,1
5470,4457,181,19,48
5471,5523,173,36,56
5472,3686,153,23,4
5473,1509,200,47,17
5474,623,140,12,43
5475,4868,26,16,27
5476,1371,12,7,46
5477,5972,117,37,57
5478,1850,71,1,0
5479,3644,202,4,51
5480,3451,162,3,6
5481,4601,186,51,46
5482,900,219,59,28
5483,2532,214,38,46
5484,1663,45,6,23
5485,5330,195,15,54
5486,3803,83,12,6
5487,2682,34,52,59
5488,3078,26,50,11
5489,1299,66,1,57
5490,5495,13,2,8
5491,1617,127,53,45
5492,4422,22,34,14
5493,5236,12,11,9
5494,2191,4,42,33
5495,3048,166,31,45
5496,2140,35,58,14
5497,5147,144,59,581
5498,3554,80,11,7
5499,4796,36,55,34
5500,2433,19,24,46
5501,5812,72,56,18
5502,5325,152,59,11
5503,5092,107,39,50
5504,1629,159,42,54
5505,47,89,23,53
5506,3006,190,-5,29
5507,2909,184,12,47
5508,91,75,14,16
5509,4549,29,23,57
5510,4191,213,9,44
5511,3854,75,18,14
5512,4035,53,7,16
5513,93,37,38,1
5514,165,13,34,6
5515,61,57,38,5
5516,5267,77,0,31
5517,4679,120,34,50
5518,589,219,26,58
5519,4145,79,47,47
5520,1920,16,21,13
5521,2137,193,40,57
5522,2758,91,1,50
5523,1878,142,9,33
5524,4574,25,59,25
5525,3746,168,5,37
5526,5605,132,34,54
5527,4019,58,50,53
5528,3970,32,19,24
5529,2812,76,9,34
5530,4258,210,26,13
5531,5176,183,58,49
5532,3637,46,3,13
5533,1367,52,33,14
5534,1039,124,3,19
5535,1959,36,30,44
5536,1311,98,22,21
5537,5056,47,16,23
5538,413,43,15,46
5539,989,8,32,6
5540,5307,72,46,34
5541,2669,192,43,50
5542,1931,169,33,33
5543,3881,58,31,40
5544,2184,149,2,37
5545,5380,72,31,5
5546,5254,199,57,60
5547,5915,52,52,55
5548,313,105,9,56
5549,2335,105,6,14
5550,2136,113,12,50
5551,3868,16,10,55
5552,2639,89,48,52
5553,3201,49,18,40
5554,2173,30,54,56
5555,3796,117,42,7
5556,463,192,28,58
5557,1107,37,48,42
5558,1545,159,53,27
5559,1120,137,40,23
5560,5234,67,-3,37
5561,3669,72,20,42
5562,3057,106,22,54
5563,5329,193,38,9
5564,146,125,27,55
5565,1859,122,53,44
5566,3404,74,54,49
5567,1890,127,7,11
5568,3229,63,3,31
5569,476,156,21,33
5570,170,66,10,49
5571,4418,101,13,9
5572,408,46,25,22
5573,4073,73,30,16
5574,4942,52,25,25
5575,2669,37,-4,25
5576,2441,12,10,58
5577,4851,117,51,17
5578,5060,55,48,53
5579,1668,69,58,60
5580,5638,101,17,30
5581,4911,51,23,14
5582,2753,100,10,51
5583,2660,75,9,45
5584,1094,213,26,29
5585,4306,138,38,52
5586,1295,105,47,30
5587,1709,111,4,37
5588,3174,113,14,11
5589,986,180,47,41
5590,3669,90,37,17
5591,2446,68,31,30
5592,198,197,17,21
5593,1834,114,46,50
5594,3739,154,6,44
5595,3770,103,9,50
5596,2005,148,26,42
5597,3285,57,2,2
5598,4830,136,60,60
5599,5806,56,40,49
5600,4552,149,56,4
5601,4020,194,13,42
5602,3431,57,39,11
5603,4126,117,35,57
5604,3147,37,24,41
5605,4699,135,30,28
5606,5507,30,59,3
5607,5617,204,51,40
5608,1739,77,19,49
5609,4288,88,51,650
5610,3673,158,43,16
5611,5455,196,55,37
5612,1918,219,41,25
5613,5333,26,24,54
5614,1264,188,44,39
5615,4462,114,36,56
5616,4666,101,34,56
5617,5304,207,56,27
5618,4014,116,52,27
5619,3074,99,14,55
5620,3893,62,-8,0
5621,2960,95,-9,16
5622,2259,30,45,12
5623,1896,200,,36
5624,544,118,20,58
5625,4457,166,8,0
5626,5261,121,38,0
5627,3960,219,41,58
5628,4117,186,46,34
5629,1013,133,11,23
5630,563,107,,16
5631,1402,142,41,0
5632,4596,7,9,10
5633,1471,174,19,18
5634,3549,22,44,26
5635,3875,179,52,23
5636,3261,105,11,54
5637,4079,209,3,19
5638,4461,208,33,12
5639,4677,45,12,43
5640,2172,7,39,36
5641,1534,199,25,56
5642,3729,104,49,16
5643,2993,115,28,56
5644,3640,54,53,20
5645,2146,15,43,43
5646,3744,7,46,52
5647,2458,120,9,3
5648,1093,111,17,54
5649,5635,84,51,9
5650,3383,118,45,38
5651,3862,29,32,38
5652,637,180,27,26
5653,4016,60,56,45
5654,377,8,59,5
5655,4662,121,30,25
5656,5477,12,3,11
5657,204,166,58,15
5658,3524,79,49,8
5659,1367,35,15,21
5660,1156,8,38,19
5661,2130,87,41,45
5662,5189,161,6,9
5663,190,44,23,16
5664,5298,211,1,36
5665,654,49,36,50
5666,2138,90,10,21
5667,800,114,49,24
5668,5870,158,35,14
5669,4932,83,1,53
5670,1448,105,9,32
5671,3950,95,43,31
5672,5975,170,46,12
5673,814,74,44,12
5674,3321,26,19,15
5675,4180,129,60,23
5676,4731,160,18,837
5677,4776,209,1,26
5678,5973,190,35,7
5679,1054,58,50,53
5680,491,67,,37
5681,788,169,6,14
5682,2080,109,,39
5683,3154,182,34,57
5684,4217,81,34,806
5685,824,37,41,51
5686,3965,159,50,2
5687,5500,139,47,31
5688,5890,178,32,44
5689,2793,55,46,48
5690,1479,215,36,28
5691,441,59,36,47
5692,5997,195,50,31
5693,4210,1,55,1
5694,741,66,42,52
5695,5349,199,44,26
5696,5285,157,56,19
5697,1010,201,0,52
5698,1093,53,52,9
5699,275,179,55,43
5700,3169,94,34,24
5701,5687,49,60,14
5702,3981,135,4,39
5703,1370,24,4,57
5704,5282,73,25,29
5705,3985,57,10,44
5706,5803,161,16,6
5707,3439,18,29,59
5708,707,46,17,14
5709,5975,149,29,36
5710,2071,122,51,44
5711,936,119,17,3
5712,5216,183,13,893
5713,2722,99,33,17
5714,3678,40,31,13
5715,3204,145,53,57
5716,2702,68,7,14
5717,1492,99,12,45
5718,5473,27,51,50
5719,450,142,60,41
5720,1080,34,39,32
5721,4838,39,9,4
5722,1695,119,1,16
5723,5736,11,13,41
5724,3356,5,31,10
5725,1589,9,26,8
5726,1538,198,17,21
5727,4698,95,52,7
5728,5521,176,9,34
5729,2730,139,24,31
5730,1983,31,24,57
5731,5287,40,30,32
5732,5979,184,18,34
5733,3435,200,56,23
5734,784,35,,53
5735,3345,156,53,57
5736,2605,201,49,10
5737,864,10,44,52
5738,2713,55,5,25
5739,2738,98,51,25
5740,4535,176,21,39
5741,857,55,17,4
5742,1069,156,9,40
5743,4258,18,0,17
5744,1741,142,40,42
5745,1483,65,28,39
5746,5644,214,22,18
5747,353,207,32,20
5748,4430,133,56,21
5749,5179,199,,54
5750,4701,13,19,15
5751,4495,122,32,33
5752,4965,149,36,18
5753,4463,78,49,17
5754,3241,10,9,50
5755,287,147,40,23
5756,398,89,43,41
5757,4635,135,-1,39
5758,4072,120,,12
5759,4121,24,-10,14
5760,1806,53,12,24
5761,3809,115,3,22
5762,4041,149,8,22
5763,2520,26,45,49
5764,5703,115,37,40
5765,1838,37,23,14
5766,1147,180,22,33
5767,4172,201,16,49
5768,5653,5,19,48
5769,1416,125,17,11
5770,1055,172,52,7
5771,2672,78,41,17
5772,4213,193,22,0
5773,2447,194,26,44
5774,5560,177,4,24
5775,767,1,31,6
5776,3949,125,43,37
5777,4012,60,0,60
5778,5167,86,60,6
5779,5197,202,25,0
5780,4043,45,3,825
5781,1459,173,-5,19
5782,168,27,10,4
5783,2806,109,45,40
5784,1682,168,48,19
5785,569,71,21,23
5786,695,41,38,1
5787,680,41,33,27
5788,3481,110,29,28
5789,2405,103,57,39
5790,4110,198,42,12
5791,1690,196,9,2
5792,4284,191,6,26
5793,2906,49,5,56
5794,4741,169,38,0
5795,3868,209,2,4
5796,3117,29,59,32
5797,466,201,40,45
5798,5714,211,14,56
5799,2184,205,24,29
5800,1895,23,19,44
5801,2296,41,21,764
5802,4259,45,15,9
5803,5181,51,39,26
5804,3538,219,40,46
5805,5887,172,28,43
5806,1745,39,15,31
5807,4845,183,45,10
5808,5319,23,15,14
5809,44,101,4,33
5810,5033,166,18,702
5811,4821,209,58,9
5812,2067,95,1,59
5813,5754,105,39,22
5814,1376,98,5,58
5815,3519,189,37,6
5816,1823,161,48,33
5817,579,40,48,21
5818,386,48,20,55
5819,683,154,28,17
5820,390,77,,19
5821,1206,69,6,18
5822,5549,107,20,24
5823,577,102,3,16
5824,2018,7,56,582
5825,2504,119,57,25
5826,5649,3,58,22
5827,1786,19,53,13
5828,3938,194,33,13
5829,3914,97,24,50
5830,1838,127,30,46
5831,1520,79,49,47
5832,2105,44,30,32
5833,5668,19,11,54
5834,4027,164,26,49
5835,869,35,48,47
5836,3496,28,10,17
5837,4778,157,55,53
5838,3673,156,36,38
5839,5397,213,53,32
5840,2553,178,54,2
5841,4518,32,11,54
5842,3291,24,46,0
5843,302,144,27,30
5844,1538,37,20,50
5845,3218,129,17,33
5846,3101,218,10,17
5847,3172,89,58,25
5848,5153,219,48,44
5849,4387,190,26,57
5850,1494,7,21,16
5851,1055,129,1,46
5852,3450,193,19,29
5853,64,30,26,60
5854,1135,5,56,47
5855,1962,50,24,8
5856,249,103,23,49
5857,4586,19,13,51
5858,4858,85,60,24
5859,1653,84,18,55
5860,5323,18,10,37
5861,2552,93,34,51
5862,3405,57,45,35
5863,4941,94,8,18
5864,394,87,,2
5865,2589,202,5,47
5866,180,188,25,41
5867,3338,4,23,35
5868,4741,81,36,10
5869,1730,149,40,41
5870,2760,135,40,32
5871,1272,96,,31
5872,908,28,26,34
5873,3297,171,52,2
5874,4416,156,42,60
5875,4299,219,5,16
5876,4965,101,58,22
5877,5384,151,42,54
5878,5847,124,35,7
5879,2997,67,43,48
5880,1541,99,51,5
5881,565,81,15,35
5882,3096,100,48,40
5883,2504,73,37,12
5884,5742,73,14,3
5885,5268,37,27,60
5886,4484,192,49,17
5887,3242,112,46,55
5888,2696,90,25,35
5889,3352,1,38,24
5890,472,95,28,32
5891,3505,107,1,48
5892,624,121,59,34
5893,5102,98,54,6
5894,2329,192,40,30
5895,3707,75,58,34
5896,1225,117,38,31
5897,5734,35,60,57
5898,103,29,52,37
5899,3501,160,50,55
5900,3239,216,23,50
5901,1250,28,30,18
5902,5345,101,20,35
5903,5675,140,34,17
5904,4531,109,35,18
5905,1855,177,35,1
5906,4281,71,6,52
5907,3820,148,22,22
5908,5913,205,50,29
5909,538,88,40,27
5910,4736,153,30,41
5911,659,89,59,27
5912,5316,6,8,50
5913,1321,201,30,55
5914,1767,153,57,5
5915,5175,199,39,18
5916,4091,53,49,52
5917,3222,134,29,43
5918,3003,150,58,26
5919,4093,28,34,50
5920,5524,124,22,14
5921,4760,111,6,40
5922,5234,159,28,49
5923,2820,30,5,51
5924,3434,56,52,51
5925,2289,15,26,3
5926,286,151,6,56
5927,1496,111,39,26
5928,3439,123,10,49
5929,4132,179,53,53
5930,1759,45,51,51
5931,1704,126,12,4
5932,4233,45,19,12
5933,4098,19,48,8
5934,367,111,30,35
5935,3677,41,27,29
5936,3035,109,37,5
5937,5934,183,29,51
5938,598,41,39,52
5939,1732,173,49,37
5940,2094,176,22,18
5941,3129,71,24,1
5942,881,90,2,0
5943,5695,174,25,22
5944,4495,85,,12
5945,2133,84,23,30
5946,4172,103,34,55
5947,5068,47,9,9
5948,429,5,49,24
5949,2839,185,43,39
5950,5298,116,19,41
5951,2230,35,40,3
5952,5393,1,13,58
5953,1180,1,45,24
5954,4502,120,54,59
5955,4093,8,17,53
5956,3423,135,30,41
5957,5423,206,45,57
5958,991,205,31,39
5959,1019,21,27,30
5960,1927,11,16,24
5961,4157,58,56,25
5962,4947,156,34,0
5963,5525,162,46,6
5964,3401,92,34,52
5965,1841,109,51,26
5966,1369,195,9,55
5967,4450,97,55,4
5968,1142,26,15,857
5969,2978,7,55,36
5970,1936,155,36,16
5971,1591,76,33,35
5972,2180,102,0,48
5973,4576,38,16,44
5974,127,190,29,36
5975,2479,54,19,19
5976,925,172,29,52
5977,3517,218,24,5
5978,4919,102,11,5
5979,1932,150,59,11
5980,82,30,58,43
5981,4811,124,51,24
5982,1592,35,51,6
5983,4115,181,0,35
5984,3101,172,30,855
5985,2720,169,4,46
5986,1839,217,33,34
5987,5567,16,38,1
5988,5134,131,5,25
5989,3852,215,11,38
5990,4922,63,0,17
5991,272,23,35,23
5992,2866,41,30,14
5993,4505,113,56,25
5994,3368,126,59,11
5995,881,41,32,24
5996,5961,7,44,15
5997,4230,80,7,3
5998,5544,146,22,51
5999,4952,161,45,11
6000,2168,150,11,44
6001,2088,203,54,880
6002,3277,111,59,57
6003,2832,147,40,11
6004,1100,14,56,37
6005,3154,180,43,17
6006,3168,17,35,12
6007,4595,44,22,51
6008,5642,151,7,18
6009,610,204,7,45
6010,2289,90,24,47
6011,2819,20,,11
6012,5231,10,35,26
6013,3702,132,0,33
6014,910,52,21,14
6015,5886,79,28,55
6016,2173,40,57,3
6017,5661,92,29,3
6018,3530,94,36,49
6019,1531,81,30,1
6020,1531,203,56,30
6021,4713,41,38,0
6022,5804,111,47,36
6023,5041,138,48,56
6024,590,213,4,46
6025,704,167,,30
6026,5754,111,46,4
6027,757,99,58,44
6028,4076,14,9,9
6029,650,10,50,10
6030,799,5,-4,13
6031,1529,5,48,50
6032,4741,23,19,45
6033,1001,215,36,15
6034,2091,216,4,50
6035,2031,24,43,4
6036,4229,153,,14
6037,1895,21,14,37
6038,4652,139,33,30
6039,4335,116,59,29
6040,335,78,9,54
6041,3843,172,25,32
6042,4813,2,0,47
6043,5522,190,29,39
6044,1289,184,29,56
6045,283,156,56,29
6046,3017,39,23,15
6047,4809,159,4,12
6048,2644,219,19,60
6049,1004,184,29,40
6050,2051,138,43,41
6051,5724,32,50,37
6052,2304,44,42,14
6053,2094,11,11,23
6054,5346,130,23,50
6055,521,3,33,33
6056,5189,209,6,28
6057,12,134,42,28
6058,2664,63,5,21
6059,5170,202,50,55
6060,3551,74,43,52
6061,92,144,47,28
6062,2775,65,31,55
6063,4084,85,15,60
6064,4482,31,47,28
6065,4399,58,23,12
6066,3864,135,5,51
6067,918,3,54,58
6068,970,204,27,9
6069,4978,134,36,55
6070,2093,200,18,26
6071,1651,24,26,35
6072,5701,89,43,43
6073,2355,158,7,45
6074,4043,13,40,17
6075,2796,30,38,44
6076,4718,47,15,855
6077,3488,17,54,51
6078,113,30,30,41
6079,4241,76,10,20
6080,3352,216,58,59
6081,4912,56,3,24
6082,5331,206,18,52
6083,1629,177,37,1
6084,3927,91,12,21
6085,4622,144,13,10
6086,1708,85,42,38
6087,5925,212,23,58
6088,930,61,12,14
6089,5862,105,47,38
6090,2199,51,8,15
6091,3403,146,14,22
6092,3428,158,31,35
6093,1599,169,59,31
6094,3880,124,50,10
6095,2524,59,59,36
6096,990,129,32,35
6097,1161,120,54,7
6098,5934,160,27,20
6099,2911,93,46,13
6100,1330,134,16,1
6101,2182,125,27,59
6102,2456,190,23,44
6103,2509,1,26,25
6104,4867,152,46,19
6105,1776,42,32,12
6106,1903,2,55,40
6107,247,19,6,41
6108,4432,126,11,7
6109,4651,140,46,12
6110,1347,10,44,1
6111,3507,161,41,21
6112,1347,171,12,34
6113,1009,105,46,3
6114,3520,18,37,6
6115,1999,212,49,46
6116,3533,174,17,3
6117,4855,86,60,684
6118,618,132,,19
6119,5277,127,58,31
6120,294,61,51,7
6121,4333,78,37,29
6122,524,100,14,11
6123,4313,81,22,26
6124,1832,211,14,27
6125,5437,2,52,56
6126,2750,38,55,57
6127,760,128,40,36
6128,866,31,54,35
6129,4380,147,4,858
6130,2643,19,1,9
6131,5001,5,22,57
6132,718,68,29,55
6133,3438,171,3,45
6134,1152,63,57,630
6135,3758,148,47,58
6136,3690,104,60,32
6137,5949,69,12,16
6138,3158,205,55,53
6139,4146,40,39,20
6140,1686,218,30,13
6141,81,11,-8,46
6142,812,98,42,25
6143,1242,61,18,41
6144,2028,191,,53
6145,991,33,40,33
6146,731,152,18,0
6147,890,23,8,37
6148,423,125,42,46
6149,4386,127,46,42
6150,2486,99,22,26
6151,5336,61,28,2
6152,5175,67,49,44
6153,5404,122,12,48
6154,5767,95,5,16
6155,1962,83,22,47
6156,1355,33,9,43
6157,5809,77,29,48
6158,3171,10,3,39
6159,4729,1,36,60
6160,748,166,9,24
6161,1855,96,35,6
6162,2438,25,34,50
6163,5097,212,,19
6164,2547,131,38,51
6165,3562,2,35,16
6166,3023,70,42,17
6167,2572,97,47,44
6168,3825,119,23,23
6169,545,42,-2,18
6170,5716,84,8,11
6171,2407,7,40,5
6172,3955,111,10,37
6173,2215,44,1,6
6174,895,118,8,49
6175,4851,77,14,16
6176,201,133,59,8
6177,694,173,38,35
6178,3795,117,46,32
6179,2366,29,42,45
6180,3653,39,13,2
6181,3744,58,20,31
6182,1737,100,47,4
6183,3821,66,36,31
6184,4853,93,13,47
6185,5593,94,58,59
6186,4371,82,55,15
6187,2652,163,47,39
6188,983,81,17,6
6189,2033,108,59,3
6190,4486,127,8,56
6191,19,139,32,18
6192,3313,188,2,27
6193,5328,31,59,60
6194,1264,93,47,51
6195,409,146,55,43
6196,1574,64,49,31
6197,3980,147,43,3
6198,2913,5,-7,34
6199,1656,147,21,33
6200,2225,89,0,40
6201,5788,170,41,11
6202,4941,100,22,15
6203,2083,122,26,46
6204,505,156,35,22
6205,3248,141,15,58
6206,2912,26,52,33
6207,2523,8,11,29
6208,2145,163,,43
6209,2261,46,56,58
6210,169,62,40,12
6211,2005,98,34,14
6212,1267,27,7,1
6213,2442,193,,33
6214,5135,214,60,49
6215,3187,7,25,23
6216,2510,163,37,716
6217,3366,112,58,59
6218,4944,32,26,24
6219,3063,191,20,31
6220,1558,218,46,683
6221,2757,164,18,12
6222,1526,207,14,12
6223,5136,201,13,4
6224,5621,20,45,2
6225,963,175,2,13
6226,3861,49,59,46
6227,4491,7,56,2
6228,4092,201,35,38
6229,4232,25,54,36
6230,4522,199,59,28
6231,5682,107,55,24
6232,4173,170,32,19
6233,1608,23,27,777
6234,1752,58,57,34
6235,1474,126,8,50
6236,366,28,54,58
6237,2949,79,12,38
6238,3086,160,33,38
6239,3920,169,15,32
6240,2033,152,20,52
6241,3991,46,23,46
6242,741,210,58,21
6243,5458,95,33,18
6244,1252,5,2,13
6245,1841,10,10,0
6246,5903,156,8,24
6247,3266,16,54,7
6248,4158,91,20,44
6249,2900,13,22,6
6250,754,212,45,59
6251,5542,97,59,55
6252,1305,99,50,26
6253,2505,59,26,31
6254,5787,1,52,16
6255,5727,23,5,1
6256,438,162,56,11
6257,3220,71,39,6
6258,2635,169,37,30
6259,4310,152,22,60
6260,1145,96,9,31
6261,1760,24,28,31
6262,575,2,23,49
6263,1433,92,26,22
6264,1707,128,12,16
6265,2519,140,35,38
6266,496,7,48,53
6267,254,7,10,16
6268,592,206,8,28
6269,231,100,25,56
6270,5488,150,23,48
6271,3870,76,19,7
6272,5996,129,19,32
6273,766,124,47,11
6274,3984,65,49,57
6275,1217,20,45,39
6276,5402,190,56,18
6277,3874,143,46,36
6278,5501,23,12,27
6279,3578,18,40,26
6280,2414,195,37,42
6281,5149,192,57,36
6282,618,163,9,24
6283,5653,136,44,51
6284,4870,79,5,19
6285,2820,1,37,29
6286,1729,51,57,2
6287,4272,123,2,14
6288,4211,42,45,17
6289,4854,140,23,47
6290,488,75,39,28
6291,1896,72,19,58
6292,3194,54,51,42
6293,2138,124,16,36
6294,2771,146,7,15
6295,119,19,60,49
6296,1356,185,4,55
6297,765,90,56,48
6298,4429,137,4,10
6299,5966,144,33,26
6300,4164,169,35,11
6301,1943,96,6,4
6302,4798,85,45,10
6303,5899,68,36,43
6304,2963,116,1,13
6305,3295,140,,6
6306,710,194,41,13
6307,2279,121,3,54
6308,465,131,6,18
6309,1479,58,28,22
6310,2259,182,21,43
6311,3065,167,7,60
6312,1899,194,-7,12
6313,2775,179,16,53
6314,3213,95,28,33
6315,3044,189,36,4
6316,2894,86,40,43
6317,3593,38,50,35
6318,1263,20,49,13
6319,932,123,55,5
6320,3963,216,10,56
6321,5532,33,38,50
6322,2327,85,12,60
6323,3322,181,51,20
6324,2311,203,18,56
6325,4483,170,0,50
6326,86,8,33,20
6327,4242,189,-10,51
6328,2239,197,10,1
6329,3820,195,39,25
6330,5703,158,37,2
6331,5043,119,37,34
6332,3490,85,47,36
6333,1853,26,6,35
6334,181,217,42,59
6335,4255,190,4,21
6336,2138,178,37,59
6337,3460,217,31,4
6338,2626,111,30,3
6339,4309,111,27,31
6340,4480,137,21,7
6341,4510,46,1,12
6342,3012,38,41,33
6343,5014,77,51,3
6344,2763,74,59,44
6345,3013,5,25,32
6346,4568,88,5,6
6347,5252,24,5,24
6348,4016,217,34,31
6349,4189,15,35,49
6350,5716,65,39,57
6351,3370,116,23,29
6352,5701,98,36,20
6353,1152,50,6,50
6354,5997,74,11,43
6355,1609,157,41,49
6356,4816,159,22,29
6357,1802,209,57,40
6358,2894,119,1,2
6359,4482,75,22,4
6360,1380,188,17,56
6361,509,45,14,33
6362,4392,158,,12
6363,4402,30,57,18
6364,3216,212,-7,17
6365,5728,48,47,58
6366,4615,42,9,22
6367,4652,201,45,22
6368,3489,44,-10,54
6369,4504,220,23,12
6370,3645,34,28,51
6371,330,111,25,29
6372,2247,149,41,0
6373,4730,128,13,1
6374,2652,171,15,30
6375,3068,202,52,44
6376,4151,197,45,33
6377,5883,103,35,52
6378,2133,133,7,54
6379,423,72,60,37
6380,3999,39,37,19
6381,5900,159,48,5
6382,576,110,58,60
6383,1739,116,44,39
6384,240,10,17,48
6385,1198,1,10,44
6386,4405,143,45,10
6387,4738,114,36,58
6388,4000,1,49,35
6389,3608,122,2,55
6390,5469,44,57,47
6391,1417,69,18,15
6392,1035,159,36,13
6393,776,6,57,13
6394,3865,168,54,16
6395,292,151,11,46
6396,5461,188,16,9
6397,4827,132,13,6
6398,4212,219,7,60
6399,1943,199,17,733
6400,858,78,52,34
6401,5261,56,56,2
6402,2517,89,1,50
6403,4501,34,59,31
6404,5617,154,34,51
6405,4248,95,35,6
6406,4041,72,32,35
6407,2449,107,41,28
6408,1280,44,12,10
6409,3266,66,10,52
6410,2481,105,17,29
6411,5707,216,47,44
6412,2398,36,24,23
6413,4459,140,57,51
6414,438,105,27,50
6415,1230,70,22,1
6416,3547,172,2,51
6417,5217,70,45,54
6418,4543,27,6,44
6419,3739,102,11,47
6420,4788,209,25,39
6421,5902,42,26,46
6422,3086,144,17,30
6423,153,41,3,24
6424,2556,18,51,2
6425,1072,72,16,13
6426,2927,192,-6,19
6427,3569,220,33,44
6428,1213,147,51,25
6429,5800,126,11,49
6430,3752,201,8,51
6431,1710,18,33,55
6432,4021,10,,58
6433,2190,100,9,1
6434,2308,74,46,22
6435,4725,160,4,42
6436,3907,52,18,44
6437,5136,19,16,9
6438,814,72,1,29
6439,636,60,27,42
6440,2560,153,8,52
6441,4052,15,12,33
6442,4618,75,11,29
6443,1804,187,16,9
6444,465,107,42,57
6445,5473,146,8,8
6446,2577,178,28,51
6447,797,108,46,56
6448,232,72,54,32
6449,5783,147,23,52
6450,961,69,14,40
6451,5761,183,44,23
6452,3345,102,13,38
6453,4101,11,53,5
6454,366,99,13,15
6455,4048,92,40,37
6456,3910,159,17,38
6457,3316,118,22,26
6458,5407,109,31,24
6459,3615,206,16,36
6460,1801,78,44,32
6461,4786,196,50,46
6462,100,55,10,19
6463,1323,29,27,44
6464,2893,52,44,8
6465,2325,185,18,44
6466,983,79,-5,6
6467,4688,132,12,20
6468,352,215,3,21
6469,822,196,39,35
6470,2997,20,48,18
6471,470,83,38,42
6472,1859,124,26,22
6473,3747,148,48,734
6474,4415,56,48,16
6475,4448,13,31,802
6476,2719,16,42,59
6477,2650,70,57,23
6478,3521,71,2,8
6479,4978,77,11,46
6480,358,171,43,35
6481,2633,1,60,12
6482,817,38,50,48
6483,793,93,21,58
6484,4708,158,54,58
6485,4674,199,11,58
6486,4978,178,28,7
6487,2770,83,58,51
6488,378,31,34,5
6489,3854,197,0,13
6490,363,172,15,9
6491,1648,138,12,25
6492,2351,69,52,44
6493,993,121,37,9
6494,5361,108,21,4
6495,4469,31,55,4
6496,2411,105,35,31
6497,3108,30,7,31
6498,119,45,7,23
6499,2109,90,2,55
6500,2669,161,37,38
6501,3780,58,5,12
6502,1244,31,12,51
6503,611,185,57,54
6504,1621,66,45,42
6505,5711,100,8,53
6506,1650,178,51,24
6507,642,86,14,37
6508,2113,4,-5,24
6509,3434,187,7,44
6510,2812,184,35,17
6511,2306,66,59,28
6512,5072,52,27,58
6513,3929,76,33,6
6514,5614,49,23,15
6515,5685,63,60,27
6516,2256,17,55,28
6517,4108,8,43,0
6518,2866,99,23,34
6519,2687,67,32,47
6520,3489,143,47,58
6521,3078,23,9,12
6522,5569,88,49,33
6523,18,87,0,30
6524,344,180,47,38
6525,1043,145,16,43
6526,2571,99,50,15
6527,3309,114,12,6
6528,1751,194,38,47
6529,1463,177,33,25
6530,4464,148,29,21
6531,190,31,42,5
6532,2354,51,54,45
6533,1564,159,14,36
6534,3645,44,32,52
6535,1222,204,34,56
6536,2878,107,23,47
6537,3129,4,18,3
6538,5389,119,18,19
6539,153,99,17,34
6540,1964,87,31,33
6541,1299,159,54,37
6542,2197,191,18,59
6543,2664,199,2,25
6544,2559,56,48,37
6545,1827,171,53,52
6546,5093,100,1,25
6547,3460,51,34,45
6548,5081,29,38,8
6549,3853,179,47,32
6550,3857,72,22,50
6551,2949,108,45,43
6552,122,50,42,7
6553,4445,106,32,57
6554,2954,150,11,30
6555,4892,80,59,33
6556,5172,46,38,41
6557,2640,73,33,53
6558,1065,118,31,7
6559,5956,89,38,5
6560,997,160,47,37
6561,5928,59,25,19
6562,3649,121,10,37
6563,4444,129,18,55
6564,560,198,7,51
6565,5710,1,35,11
6566,722,176,37,50
6567,3865,167,9,22
6568,4474,35,43,42
6569,5633,68,58,46
6570,3623,31,40,51
6571,239,68,23,20
6572,750,45,59,34
6573,4980,145,23,7
6574,5211,212,43,30
6575,5230,79,51,28
6576,3472,193,46,47
6577,2801,32,54,32
6578,3845,7,,29
6579,1344,50,55,29
6580,5374,177,10,760
6581,1518,29,-4,8
6582,3016,132,7,49
6583,5056,162,42,28
6584,5073,170,21,5
6585,5588,111,40,11
6586,3067,39,16,2
6587,4149,145,29,11
6588,2976,153,4,50
6589,5461,160,32,51
6590,2576,199,59,22
6591,1389,154,9,39
6592,273,47,23,40
6593,4517,73,22,35
6594,2576,216,18,8
6595,312,83,18,46
6596,5941,116,59,11
6597,4734,29,11,38
6598,5644,175,36,25
6599,2036,167,23,43
6600,1931,117,1,54
6601,1766,38,-2,3
6602,3609,22,38,55
6603,2917,213,30,50
6604,1087,153,56,23
6605,979,101,54,26
6606,2851,177,27,40
6607,3873,70,50,35
6608,1681,128,18,52
6609,1940,165,1,13
6610,1994,220,33,27
6611,442,33,24,40
6612,955,175,29,21
6613,2113,6,21,14
6614,547,137,40,35
6615,4475,84,11,11
6616,5233,121,24,46
6617,1286,119,17,56
6618,86,63,56,18
6619,3062,144,60,50
6620,4327,116,1,53
6621,727,123,5,37
6622,5502,192,44,36
6623,2775,4,54,1
6624,408,110,17,60
6625,2113,13,51,44
6626,589,164,11,43
6627,2359,108,6,6
6628,2692,161,21,11
6629,2132,162,1,50
6630,3599,144,51,43
6631,441,30,23,35
6632,1877,8,57,32
6633,1871,153,22,12
6634,3553,164,39,20
6635,1011,91,51,8
6636,1681,68,20,50
6637,4510,145,27,1
6638,3935,201,4,57
6639,1777,125,54,60
6640,3139,207,29,0
6641,4594,16,-1,48
6642,2814,184,56,3
6643,2374,8,22,6
6644,1877,46,35,46
6645,5716,191,6,42
6646,2298,11,29,603
6647,4229,145,56,48
6648,2632,58,6,29
6649,1200,75,27,6
6650,5485,92,10,9
6651,5812,21,4,15
6652,647,76,56,35
6653,852,36,26,46
6654,1092,211,24,23
6655,1796,84,60,40
6656,1965,138,13,54
6657,5325,158,26,50
6658,2654,105,1,45
6659,5004,69,20,48
6660,5156,218,,28
6661,4974,219,13,56
6662,3071,126,36,42
6663,2707,145,6,11
6664,2000,153,47,16
6665,5311,199,38,16
6666,41,119,41,44
6667,2695,117,54,53
6668,2052,153,41,46
6669,1382,208,,14
6670,3886,30,56,50
6671,3164,211,21,58
6672,5355,173,59,9
6673,108,215,4,4
6674,3642,105,53,39
6675,259,131,4,50
6676,4480,183,38,34
6677,5309,194,14,30
6678,922,29,2,18
6679,4167,168,41,17
6680,2073,66,20,54
6681,5520,35,22,25
6682,733,212,58,44
6683,5573,202,21,4
6684,709,2,36,17
6685,5622,174,50,8
6686,4304,164,59,8
6687,2798,92,5,19
6688,1415,175,-1,55
6689,57,137,32,34
6690,5348,121,41,26
6691,875,79,15,29
6692,1357,41,11,32
6693,3520,202,37,46
6694,641,216,48,17
6695,2909,74,34,35
6696,368,185,59,31
6697,3797,107,55,59
6698,591,152,43,38
6699,1941,115,30,28
6700,798,3,50,10
6701,2614,177,51,12
6702,5402,82,54,58
6703,1708,85,60,34
6704,5691,89,42,4
6705,4708,71,2,635
6706,3536,218,30,8
6707,3753,198,39,52
6708,4275,138,5,6
6709,4136,37,6,48
6710,385,113,24,54
6711,5585,9,20,42
6712,4735,94,57,20
6713,5191,176,43,29
6714,370,65,9,23
6715,3589,120,26,37
6716,3330,123,45,15
6717,3058,70,37,25
6718,3981,201,0,11
6719,3847,55,60,48
6720,1041,54,35,1
6721,957,40,7,25
6722,3571,47,38,24
6723,3163,134,40,49
6724,3913,59,16,10
6725,482,168,51,16
6726,4442,84,47,43
6727,3229,211,0,40
6728,5864,170,25,32
6729,2719,130,38,38
6730,1960,38,4,39
6731,1880,49,46,2
6732,2436,33,6,30
6733,1723,77,44,34
6734,3411,65,55,22
6735,2321,80,26,10
6736,2534,176,49,48
6737,2386,25,25,59
6738,3480,186,42,45
6739,3167,197,48,18
6740,3989,15,3,3
6741,3610,151,1,16
6742,3611,69,51,8
6743,321,109,51,55
6744,176,96,55,43
6745,215,178,53,34
6746,3431,152,59,0
6747,5935,144,42,37
6748,4079,14,32,56
6749,96,113,51,9
6750,509,123,-9,15
6751,5673,114,55,29
6752,3107,214,38,27
6753,3208,114,14,17
6754,4277,179,50,27
6755,732,189,20,770
6756,3045,202,35,20
6757,4714,18,45,18
6758,2869,18,27,57
6759,4789,44,7,9
6760,5895,155,54,20
6761,760,124,7,32
6762,493,171,37,27
6763,5724,183,47,51
6764,222,18,49,27
6765,5344,81,60,16
6766,2019,57,8,42
6767,751,180,37,45
6768,2078,142,56,5
6769,291,78,43,15
6770,1177,96,41,58
6771,943,172,21,15
6772,5272,187,38,55
6773,63,88,35,50
6774,4416,128,44,24
6775,2312,1,17,59
6776,757,8,53,851
6777,5760,17,36,22
6778,558,203,24,5
6779,1661,184,9,36
6780,3531,84,12,27
6781,925,77,22,1
6782,4534,19,35,30
6783,467,59,52,29
6784,5843,52,24,41
6785,2781,17,18,10
6786,5407,212,45,24
6787,4306,155,43,5
6788,520,84,52,45
6789,1275,21,50,41
6790,5117,62,50,51
6791,3725,53,1,2
6792,319,204,15,41
6793,4143,151,28,38
6794,5686,92,60,29
6795,3782,95,27,60
6796,5656,162,58,18
6797,178,141,37,54
6798,1130,9,30,8
6799,2765,156,-8,47
6800,3157,68,37,19
6801,1584,61,60,1
6802,4199,66,46,20
6803,5850,35,52,23
6804,5093,181,16,51
6805,4174,88,55,59
6806,747,61,48,25
6807,1212,90,56,20
6808,3533,220,6,15
6809,1555,168,13,0
6810,816,207,57,40
6811,884,20,7,42
6812,2000,127,8,60
6813,3445,121,45,44
6814,4192,47,47,60
6815,1731,190,55,23
6816,1442,190,59,9
6817,961,20,6,33
6818,4690,141,13,42
6819,4157,124,37,36
6820,1794,53,2,38
6821,518,49,33,51
6822,676,162,41,38
6823,3464,211,59,1
6824,4180,40,35,36
6825,5439,188,32,40
6826,977,69,15,13
6827,5279,207,58,33
6828,4443,64,56,60
6829,5881,144,0,23
6830,4299,199,28,31
6831,4858,112,32,2
6832,4559,127,36,3
6833,2325,108,16,17
6834,1636,168,22,59
6835,5918,163,46,24
6836,2240,8,44,46
6837,4783,48,43,49
6838,1190,148,2,51
6839,3053,66,9,50
6840,1253,164,16,35
6841,303,24,19,29
6842,4724,141,49,54
6843,3291,49,41,43
6844,883,86,57,39
6845,4174,97,26,43
6846,874,70,3,49
6847,2222,138,54,16
6848,2271,84,15,26
6849,1543,167,48,11
6850,1557,56,16,22
6851,477,130,42,4
6852,3883,92,53,56
6853,3343,207,5,60
6854,2506,169,27,24
6855,5468,69,,37
6856,5683,156,51,59
6857,3856,32,,30
6858,954,25,-3,55
6859,1367,169,13,52
6860,4828,107,0,24
6861,4269,86,54,22
6862,4811,201,51,843
6863,2465,74,-5,27
6864,4376,132,51,18
6865,5759,183,43,25
6866,544,137,6,31
6867,3602,192,20,28
6868,1065,111,41,13
6869,4903,179,43,0
6870,4156,149,42,30
6871,1918,166,50,3
6872,2910,158,44,55
6873,3811,120,17,27
6874,2055,56,12,19
6875,4642,181,,29
6876,2769,87,50,1
6877,5507,211,12,13
6878,2384,59,47,5
6879,3850,186,8,43
6880,2366,160,60,27
6881,792,129,32,22
6882,2109,6,48,9
6883,1018,212,43,3
6884,4266,217,20,55
6885,1701,44,13,58
6886,3645,180,50,33
6887,5137,87,30,30
6888,4490,73,26,9
6889,3046,215,-2,8
6890,740,133,26,25
6891,1418,121,10,25
6892,2486,12,5,49
6893,753,73,36,28
6894,3604,186,16,6
6895,611,211,32,44
6896,3795,21,41,22
6897,846,199,12,48
6898,2217,135,10,47
6899,1149,120,26,44
6900,1720,204,38,16
6901,3041,115,46,6
6902,5673,207,33,25
6903,1614,82,17,30
6904,3823,74,21,29
6905,5672,203,28,11
6906,5524,191,29,38
6907,1016,177,41,52
6908,212,114,4,8
6909,3474,114,32,6
6910,5932,28,21,22
6911,1309,213,14,28
6912,5599,152,28,28
6913,166,70,43,6
6914,5741,87,58,34
6915,3389,22,13,25
6916,1236,63,23,36
6917,268,103,15,8
6918,3750,116,20,48
6919,2131,185,32,507
6920,2317,39,-10,51
6921,4726,125,37,44
6922,2735,118,-10,45
6923,3326,184,26,58
6924,3199,176,28,36
6925,4764,145,47,11
6926,4404,173,59,12
6927,5855,9,55,49
6928,4047,149,,38
6929,4645,125,47,43
6930,4909,162,-10,52
6931,4191,61,60,44
6932,577,4,6,57
6933,3309,34,17,0
6934,1565,21,39,21
6935,1228,184,45,24
6936,3238,124,18,55
6937,2634,106,44,56
6938,5929,215,11,9
6939,4704,85,1,23
6940,3129,120,47,33
6941,5412,74,32,55
6942,95,193,53,57
6943,2714,68,30,18
6944,234,33,34,36
6945,1839,78,51,14
6946,771,76,55,11
6947,2329,50,43,32
6948,493,202,7,15
6949,3779,46,42,17
6950,4387,142,55,18
6951,4684,104,38,49
6952,4028,58,33,43
6953,1915,161,29,20
6954,894,46,-3,9
6955,704,212,54,20
6956,5568,140,,59
6957,3148,2,11,58
6958,2205,127,41,2
6959,5251,177,5,15
6960,5973,220,12,29
6961,139,16,24,34
6962,5047,176,26,17
6963,1216,147,52,14
6964,2967,84,23,2
6965,4807,49,11,49
6966,61,10,44,45
6967,1093,169,8,51
6968,2191,175,50,45
6969,1802,11,40,24
6970,2,132,23,20
6971,3981,15,17,7
6972,3339,66,0,51
6973,3131,71,6,23
6974,1015,131,8,11
6975,924,58,42,45
6976,3647,148,23,3
6977,1042,63,11,12
6978,1295,185,48,51
6979,4662,148,40,43
6980,5872,139,20,59
6981,4156,31,18,11
6982,2597,10,11,8
6983,2202,201,59,51
6984,3216,218,5,3
6985,692,154,52,54
6986,1833,175,-10,5
6987,3928,129,41,19
6988,1468,209,55,54
6989,4426,23,51,18
6990,2022,163,20,53
6991,5346,159,41,19
6992,1001,160,54,36
6993,4968,202,34,55
6994,3331,62,1,42
6995,5370,192,54,53
6996,885,90,17,51
6997,5994,30,52,27
6998,425,21,42,18
6999,11,78,43,57
7000,4275,36,52,1
7001,5444,90,24,60
7002,5125,8,40,1
7003,1544,162,11,45
7004,3551,197,23,9
7005,5475,145,13,39
7006,3058,164,46,44
7007,5224,81,24,22
7008,5985,119,39,45
7009,3487,114,60,53
7010,1167,119,52,51
7011,5050,80,51,17
7012,794,59,1,22
7013,3691,34,20,51
7014,5314,192,10,19
7015,4779,117,51,2
7016,1620,5,25,35
7017,4490,131,30,35
7018,949,148,11,60
7019,498,183,43,56
7020,5691,37,34,44
7021,370,69,0,9
7022,757,110,55,24
7023,4259,169,16,20
7024,822,82,50,27
7025,1065,43,21,51
7026,4247,30,-1,48
7027,2380,86,53,41
7028,4452,48,45,28
7029,2320,122,2,21
7030,3560,78,39,49
7031,788,216,30,9
7032,1395,103,36,32
7033,1998,58,17,22
7034,4460,77,52,826
7035,1134,107,38,29
7036,5340,51,,7
7037,5835,46,58,49
7038,4124,88,,9
7039,2976,103,16,21
7040,80,49,,16
7041,4401,207,22,27
7042,5048,209,23,5
7043,3857,192,16,44
7044,4962,198,22,651
7045,5798,172,40,42
7046,5772,180,36,46
7047,1148,194,43,1
7048,2294,82,23,17
7049,712,47,48,33
7050,802,207,28,56
7051,2334,150,18,57
7052,1077,48,53,32
7053,5113,163,36,21
7054,3761,76,9,28
7055,4913,212,58,26
7056,29,219,17,39
7057,5298,88,1,36
7058,2492,114,34,41
7059,5818,73,4,56
7060,4476,142,53,10
7061,521,4,46,21
7062,4618,195,10,22
7063,858,31,55,58
7064,5963,73,24,10
7065,863,22,27,57
7066,3022,100,14,57
7067,1824,1,3,59
7068,5564,209,12,12
7069,333,21,22,25
7070,105,118,42,57
7071,2700,184,25,36
7072,752,68,59,24
7073,3630,54,21,39
7074,1193,177,32,12
7075,5043,99,51,9
7076,3888,118,16,44
7077,3220,32,51,52
7078,2982,107,43,25
7079,3794,103,19,0
7080,1996,99,22,21
7081,939,115,,5
7082,4673,211,26,29
7083,4909,58,39,56
7084,2300,150,41,26
7085,1857,80,18,12
7086,1411,129,58,20
7087,3405,48,45,33
7088,4069,154,49,18
7089,5168,75,4,31
7090,1830,180,15,26
7091,458,30,3,30
7092,3482,123,24,49
7093,3013,55,18,47
7094,300,53,21,59
7095,5661,200,6,27
7096,5434,170,23,58
7097,5907,139,40,58
7098,5142,174,25,6
7099,2554,98,19,35
7100,4047,97,0,33
7101,3039,220,28,57
7102,3516,205,53,1
7103,3079,52,42,10
7104,1068,138,49,27
7105,1177,128,6,58
7106,5140,37,5,29
7107,3173,192,60,21
7108,3431,118,,38
7109,5573,199,53,2
7110,1301,128,43,31
7111,5459,50,26,23
7112,3377,20,60,16
7113,3543,106,22,44
7114,3847,161,7,26
7115,1282,41,25,7
7116,5401,190,8,52
7117,4769,181,16,52
7118,5956,115,11,17
7119,4872,23,29,27
7120,5881,48,27,6
7121,4304,163,4,1
7122,2787,166,30,32
7123,4604,63,13,33
7124,139,126,0,14
7125,950,90,25,48
7126,3960,3,21,12
7127,5304,214,42,2
7128,2689,23,38,34
7129,5545,99,3,25
7130,5651,47,19,39
7131,4956,94,26,47
7132,521,11,-9,12
7133,4820,113,55,22
7134,1745,143,44,41
7135,2119,15,51,18
7136,801,100,4,25
7137,5262,173,6,12
7138,3256,52,20,18
7139,1588,147,59,26
7140,106,75,50,32
7141,4219,144,58,0
7142,5346,123,57,16
7143,5571,150,33,45
7144,2951,136,45,16
7145,439,44,19,48
7146,4110,118,4,52
7147,4915,154,48,9
7148,5640,59,21,42
7149,2156,176,17,21
7150,4436,192,56,49
7151,2802,189,28,58
7152,5342,16,7,37
7153,2641,34,25,4
7154,5736,91,50,43
7155,4241,44,53,18
7156,5244,103,27,14
7157,386,92,7,8
7158,687,106,12,53
7159,4796,112,14,56
7160,3774,63,12,48
7161,4587,214,22,25
7162,2048,101,36,48
7163,3666,11,46,46
7164,492,204,7,21
7165,5780,63,17,13
7166,3510,40,39,11
7167,2636,104,11,7
7168,2146,209,12,15
7169,3661,23,49,50
7170,2644,125,19,39
7171,565,57,40,34
7172,3113,130,11,33
7173,1091,202,42,42
7174,273,37,16,23
7175,5633,84,56,48
7176,977,173,53,3
7177,5237,150,44,3
7178,123,197,43,36
7179,4499,147,27,29
7180,1867,165,58,20
7181,4802,197,14,17
7182,5368,127,58,4
7183,5513,29,60,55
7184,5328,165,53,27
7185,3190,5,26,43
7186,142,193,44,43
7187,1988,176,10,13
7188,1556,6,14,56
7189,1307,110,32,18
7190,322,139,5,26
7191,347,51,21,1
7192,2227,33,2,25
7193,5891,157,21,46
7194,73,71,8,18
7195,4543,85,52,58
7196,629,169,27,33
7197,3394,58,37,10
7198,535,80,50,15
7199,4060,141,22,33
7200,1590,206,47,43
7201,3168,97,59,59
7202,3511,189,25,33
7203,1702,14,1,47
7204,3866,4,15,57
7205,3711,204,31,18
7206,2202,60,32,42
7207,4300,133,54,10
7208,3695,8,18,17
7209,2762,200,22,16
7210,2014,95,40,32
7211,3928,161,16,11
7212,4763,69,14,54
7213,2854,199,18,43
7214,4838,167,46,16
7215,4834,131,14,0
7216,4269,195,53,27
7217,4389,8,49,45
7218,5856,57,36,14
7219,5954,152,35,55
7220,3079,116,48,48
7221,74,8,55,48
7222,1486,123,2,37
7223,4934,106,48,21
7224,4306,161,37,56
7225,5177,51,43,48
7226,4210,166,0,58
7227,1779,106,14,16
7228,5166,21,59,44
7229,4119,11,16,49
7230,3638,167,42,51
7231,507,89,40,43
7232,2540,65,22,50
7233,1406,95,32,11
7234,4755,28,-8,34
7235,2121,84,36,11
7236,4151,147,12,6
7237,326,89,33,56
7238,4265,103,51,38
7239,3113,17,35,59
7240,679,99,20,46
7241,2131,27,42,31
7242,5535,116,48,19
7243,5495,184,7,1
7244,3370,50,56,8
7245,1461,217,17,27
7246,262,47,60,49
7247,1764,175,40,60
7248,3396,87,54,14
7249,4520,99,26,25
7250,1749,110,53,574
7251,791,29,40,43
7252,2272,83,35,27
7253,2251,124,39,36
7254,2445,68,44,45
7255,5558,90,4,38
7256,4201,53,44,10
7257,3433,37,50,53
7258,4368,151,40,3
7259,1798,125,7,1
7260,3431,3,10,12
7261,4974,131,1,17
7262,2012,39,59,31
7263,1503,33,17,12
7264,4010,81,34,47
7265,802,27,27,8
7266,3200,191,39,53
7267,3656,17,32,23
7268,2199,172,58,28
7269,977,99,12,7
7270,5042,51,33,3
7271,3290,37,41,47
7272,4190,193,25,56
7273,766,133,47,36
7274,1350,143,14,43
7275,5833,176,17,2
7276,3553,165,,52
7277,4202,58,21,42
7278,4851,139,47,36
7279,5196,164,13,23
7280,498,218,59,59
7281,2581,199,59,35
7282,12,77,39,48
7283,2057,158,11,32
7284,3831,172,21,27
7285,1864,193,33,26
7286,4236,20,19,21
7287,1742,194,37,52
7288,2513,209,5,55
7289,1638,191,56,12
7290,1541,206,11,25
7291,426,134,6,38
7292,2541,74,35,36
7293,1195,7,33,18
7294,3831,60,22,39
7295,4684,33,5,20
7296,5473,130,27,52
7297,5774,71,45,33
7298,1337,145,60,27
7299,1375,4,50,20
7300,4183,115,1,2
7301,391,97,10,18
7302,3053,39,57,4
7303,1033,39,22,25
7304,2380,57,29,26
7305,4994,40,46,714
7306,2870,67,23,58
7307,5266,164,26,50
7308,1554,113,,28
7309,419,145,57,58
7310,3070,184,56,23
7311,2895,60,58,32
7312,5952,34,21,49
7313,4552,66,44,13
7314,843,122,41,49
7315,5541,177,56,35
7316,5707,165,25,39
7317,513,184,46,30
7318,4477,21,32,35
7319,2696,204,32,48
7320,4505,151,50,7
7321,3518,36,15,38
7322,4247,69,3,32
7323,555,148,23,30
7324,3296,213,56,11
7325,79,13,53,1
7326,3991,181,50,4
7327,2388,12,27,41
7328,3550,133,21,51
7329,452,50,57,28
7330,4440,107,60,56
7331,2479,109,54,13
7332,443,37,50,55
7333,2404,45,13,30
7334,4148,50,28,41
7335,1942,29,46,55
7336,3865,2,5,9
7337,148,192,23,56
7338,5778,180,58,10
7339,1056,104,24,37
7340,1916,100,8,3
7341,1902,75,9,55
7342,5861,131,52,31
7343,256,38,45,37
7344,1074,129,7,5
7345,1656,31,37,25
7346,4451,85,12,23
7347,1572,190,22,59
7348,5518,110,15,31
7349,5444,73,28,33
7350,5736,136,57,9
7351,5616,159,57,7
7352,4083,137,7,46
7353,4654,31,50,31
7354,1066,142,33,10
7355,1844,159,11,45
7356,3748,82,19,5
7357,4341,121,3,23
7358,2340,207,18,1
7359,2749,177,19,31
7360,1575,47,18,7
7361,3449,214,39,2
7362,281,204,54,10
7363,2453,150,39,60
7364,5526,27,0,44
7365,804,121,52,35
7366,4629,108,31,48
7367,1669,177,-5,58
7368,2568,193,19,21
7369,2310,36,31,55
7370,3818,55,29,13
7371,3249,218,58,44
7372,2829,52,28,9
7373,2245,146,60,30
7374,987,42,58,10
7375,4847,81,59,4
7376,5220,62,26,38
7377,382,16,37,6
7378,2834,184,51,32
7379,2556,191,59,3
7380,3969,5,32,59
7381,1934,130,50,45
7382,181,112,42,605
7383,4048,69,35,36
7384,4095,143,51,8
7385,1824,126,24,38
7386,3258,18,0,21
7387,4682,162,38,41
7388,4471,6,18,42
7389,3969,156,18,1
7390,5646,84,50,6
7391,2239,155,0,26
7392,1987,85,26,40
7393,1321,119,0,57
7394,146,169,,2
7395,4909,26,31,51
7396,5080,161,23,15
7397,4556,25,29,30
7398,2148,2,35,39
7399,2552,122,36,28
7400,1739,20,50,43
7401,2970,189,54,18
7402,525,108,19,13
7403,5650,165,37,33
7404,4380,61,24,54
7405,3784,1,2,37
7406,861,218,52,35
7407,4518,201,8,49
7408,5820,126,46,22
7409,787,151,43,34
7410,1533,163,49,43
7411,5627,113,21,44
7412,3878,213,35,26
7413,772,98,20,55
7414,822,191,51,12
7415,304,188,54,39
7416,1319,43,1,26
7417,1458,6,26,41
7418,1409,158,32,15
7419,696,152,40,19
7420,5928,8,11,54
7421,5466,179,59,11
7422,1649,185,48,32
7423,1448,112,19,48
7424,5362,189,9,53
7425,4581,14,14,4
7426,5147,42,10,47
7427,5263,201,33,5
7428,3619,119,11,37
7429,5292,48,22,29
7430,3476,60,26,33
7431,1823,5,20,44
7432,2682,36,,3
7433,5203,23,34,40
7434,1517,63,58,1
7435,4301,135,60,52
7436,5386,16,59,52
7437,1162,43,5,8
7438,1629,192,49,48
7439,3403,90,60,8
7440,780,16,4,2
7441,5233,70,21,11
7442,386,186,,45
7443,4826,148,5,4
7444,5929,119,7,20
7445,4184,206,23,40
7446,5684,17,53,56
7447,2645,6,42,44
7448,1357,212,10,46
7449,489,215,4,7
7450,4127,117,49,48
7451,492,134,11,25
7452,341,50,36,3
7453,2018,143,0,28
7454,776,73,38,15
7455,881,154,5,2
7456,908,78,7,16
7457,4408,129,50,7
7458,2606,193,,4
7459,2862,143,14,50
7460,4420,186,15,21
7461,536,210,10,29
7462,1867,107,47,11
7463,3875,158,,47
7464,1501,196,14,43
7465,5997,170,46,19
7466,111,207,49,48
7467,574,124,35,12
7468,3455,50,58,41
7469,2213,216,2,40
7470,5485,95,33,60
7471,4528,19,6,34
7472,3689,122,5,30
7473,3626,216,28,23
7474,3551,34,58,29
7475,5814,100,6,588
7476,271,64,1,30
7477,5768,188,22,14
7478,4334,37,54,32
7479,5101,213,29,869
7480,3826,167,54,35
7481,954,110,38,0
7482,4266,82,15,16
7483,2681,81,3,47
7484,4300,26,16,19
7485,1942,196,37,16
7486,4933,44,25,25
7487,1775,153,57,22
7488,5707,134,6,45
7489,4377,60,12,17
7490,5044,166,19,60
7491,2763,47,36,47
7492,5057,41,29,29
7493,5555,117,5,12
7494,5059,155,52,41
7495,3214,6,3,5
7496,955,63,52,58
7497,5126,127,32,28
7498,4432,121,42,38
7499,5456,182,33,41
7500,1358,147,,15
7501,472,200,28,60
7502,2618,142,19,3
7503,425,156,41,0
7504,1532,163,21,1
7505,2228,105,45,24
7506,31,86,56,58
7507,3411,133,36,1
7508,1496,209,23,47
7509,1282,130,33,49
7510,3729,51,29,40
7511,210,114,42,0
7512,943,149,1,11
7513,989,106,43,49
7514,4062,115,8,12
7515,4671,163,28,48
7516,4655,217,0,21
7517,1595,195,3,7
7518,1313,85,7,54
7519,3503,73,28,1
7520,3054,190,,20
7521,1673,22,15,49
7522,5980,76,45,17
7523,986,219,22,58
7524,425,56,52,30
7525,5798,8,0,30
7526,4219,57,57,32
7527,4407,38,52,3
7528,283,37,45,50
7529,2611,207,9,25
7530,1422,13,30,42
7531,3487,176,30,36
7532,4034,81,43,29
7533,4142,111,56,38
7534,3675,37,23,1
7535,3574,218,38,29
7536,2808,202,32,28
7537,5271,182,37,16
7538,1213,219,56,42
7539,5183,89,-9,7
7540,643,207,31,32
7541,1869,85,54,29
7542,5070,16,37,44
7543,3358,109,46,7
7544,3355,93,32,32
7545,4179,205,52,15
7546,3095,6,26,4
7547,3692,20,8,60
7548,5644,15,57,28
7549,2176,147,12,39
7550,5490,123,34,10
7551,3433,69,60,3
7552,1616,70,59,42
7553,1697,71,3,11
7554,4276,86,44,54
7555,4870,22,3,32
7556,887,126,20,53
7557,5962,175,15,20
7558,9,216,12,53
7559,562,138,27,48
7560,1324,16,0,29
7561,1671,142,46,43
7562,2375,60,28,0
7563,1083,101,51,38
7564,4302,156,29,41
7565,2148,147,58,28
7566,5004,200,43,14
7567,4383,127,30,41
7568,358,25,14,819
7569,4369,110,8,16
7570,650,32,58,20
7571,871,140,60,8
7572,2750,35,11,55
7573,5668,3,25,33
7574,3467,216,55,56
7575,3420,94,34,594
7576,5213,183,53,59
7577,5281,16,13,52
7578,4777,116,12,27
7579,3400,127,4,10
7580,5758,42,19,38
7581,3652,111,40,57
7582,2634,91,30,53
7583,5482,35,7,43
7584,536,179,39,5
7585,3101,135,58,15
7586,5745,13,10,50
7587,1310,148,28,27
7588,1446,46,49,1
7589,691,198,58,41
7590,2998,8,52,41
7591,1548,105,26,33
7592,4836,74,52,38
7593,1154,127,35,13
7594,3943,72,18,31
7595,2375,85,28,7
7596,4689,85,60,54
7597,4634,195,60,27
7598,3897,41,29,43
7599,2135,18,58,46
7600,4452,24,30,31
7601,739,99,37,37
7602,2349,70,19,11
7603,4596,49,37,24
7604,1423,70,31,2
7605,2542,43,37,43
7606,3044,83,60,46
7607,3846,30,10,618
7608,723,99,35,2
7609,3119,203,35,11
7610,2009,159,40,38
7611,3587,101,44,30
7612,1623,33,60,39
7613,4395,57,36,6
7614,5745,88,,36
7615,4114,136,19,60
7616,5307,194,45,19
7617,2259,107,52,18
7618,945,18,55,33
7619,1904,186,17,25
7620,5753,5,27,6
7621,4932,55,34,50
7622,1955,131,4,1
7623,3247,63,-8,54
7624,1377,19,35,565
7625,1122,101,4,25
7626,377,88,18,24
7627,4157,84,39,1
7628,3900,89,10,52
7629,5721,3,4,29
7630,202,75,37,42
7631,3686,141,7,18
7632,3865,125,1,4
7633,5768,93,15,12
7634,4267,127,38,59
7635,4415,62,53,37
7636,1019,40,52,15
7637,1014,188,57,5
7638,4017,72,57,41
7639,454,201,31,16
7640,1175,99,10,34
7641,5163,65,13,10
7642,5411,125,24,2
7643,5172,218,13,20
7644,1136,152,17,17
7645,2341,210,30,11
7646,1289,109,18,59
7647,4109,64,41,15
7648,1934,41,,24
7649,5623,173,13,11
7650,5395,115,21,24
7651,5329,91,33,13
7652,2230,172,58,4
7653,1794,7,39,52
7654,5697,22,46,50
7655,684,184,47,36
7656,1175,74,46,58
7657,1166,72,7,51
7658,4912,112,14,22
7659,4033,95,10,8
7660,4164,59,9,1
7661,1806,151,31,49
7662,4483,10,52,1
7663,4966,46,39,14
7664,3595,137,23,53
7665,2864,88,17,49
7666,2554,73,17,46
7667,4919,166,29,58
7668,1203,110,35,12
7669,1894,53,51,16
7670,1662,125,43,22
7671,5650,115,40,40
7672,1794,127,34,21
7673,4868,51,57,4
7674,3190,85,13,7
7675,3442,65,22,60
7676,5042,97,28,58
7677,3631,9,22,30
7678,3923,24,23,39
7679,5344,139,14,58
7680,1856,60,23,25
7681,5180,168,51,23
7682,1003,53,21,48
7683,928,195,49,3
7684,1989,187,16,5
7685,1909,113,12,52
7686,194,170,40,41
7687,263,22,60,29
7688,4425,45,54,8
7689,323,205,25,34
7690,4558,179,47,41
7691,1888,1,-10,30
7692,3385,207,18,34
7693,3339,206,14,59
7694,5002,131,54,28
7695,3517,144,60,6
7696,5120,146,48,21
7697,663,23,1,8
7698,4305,79,37,41
7699,1557,82,0,52
7700,1200,114,23,12
7701,5891,100,38,18
7702,3247,49,55,43
7703,453,179,59,5
7704,5946,194,0,54
7705,2646,200,12,12
7706,4920,177,60,25
7707,4990,19,52,6
7708,3091,98,19,56
7709,909,19,21,5
7710,3157,76,53,44
7711,2066,106,51,21
7712,1207,50,39,26
7713,4874,121,35,9
7714,154,14,-8,0
7715,26,51,11,10
7716,106,212,33,32
7717,4353,79,54,59
7718,4614,21,12,44
7719,5077,118,15,7
7720,176,94,13,35
7721,5287,169,38,14
7722,1319,160,45,0
7723,2232,42,32,56
7724,1187,61,47,26
7725,273,196,5,1
7726,5092,126,9,47
7727,4577,160,40,60
7728,4356,44,4,8
7729,5244,25,2,6
7730,816,2,58,26
7731,4912,126,51,32
7732,3950,174,1,18
7733,5244,40,44,2
7734,5515,220,60,29
7735,3321,217,58,27
7736,1975,27,2,3
7737,2540,86,12,4
7738,5807,162,17,8
7739,1759,99,20,47
7740,1348,122,5,16
7741,3946,199,44,11
7742,2836,4,30,60
7743,1249,51,14,52
7744,3755,96,2,37
7745,2529,210,56,58
7746,1820,22,31,59
7747,5456,74,47,37
7748,1755,107,0,51
7749,3263,21,27,45
7750,5829,99,14,748
7751,1640,120,10,9
7752,5387,81,30,23
7753,4348,62,25,13
7754,3637,212,2,6
7755,4206,158,35,34
7756,1177,146,20,52
7757,4257,33,11,43
7758,1902,174,54,55
7759,2759,136,27,8
7760,1161,169,8,14
7761,1075,37,26,19
7762,997,67,40,17
7763,1157,50,57,0
7764,3199,201,21,48
7765,3451,4,46,48
7766,5180,164,9,22
7767,3982,67,15,19
7768,230,139,19,15
7769,4396,214,32,59
7770,1638,179,36,1
7771,822,112,38,26
7772,3539,133,0,49
7773,3215,171,55,46
7774,2392,191,35,22
7775,5133,27,28,52
7776,5435,183,44,27
7777,2297,126,51,51
7778,5261,142,20,50
7779,3737,97,27,19
7780,4617,41,58,27
7781,5551,164,2,11
7782,1312,122,53,60
7783,2437,106,39,48
7784,5860,140,11,21
7785,2568,120,24,15
7786,3705,172,,10
7787,894,50,31,42
7788,2025,93,59,57
7789,5977,190,43,33
7790,3974,34,43,16
7791,379,74,26,47
7792,2565,41,4,41
7793,507,87,51,54
7794,1102,97,50,31
7795,4511,50,56,2
7796,389,38,,47
7797,316,69,,12
7798,3980,119,-1,53
7799,5217,24,8,58
7800,2953,50,11,15
7801,2531,16,54,36
7802,3036,87,0,59
7803,1322,125,7,35
7804,3148,52,4,38
7805,2334,71,,34
7806,3187,116,57,46
7807,5784,111,8,40
7808,5601,9,42,55
7809,5840,108,20,4
7810,700,34,25,20
7811,2049,122,53,12
7812,2233,43,50,41
7813,2486,31,23,9
7814,3686,113,60,51
7815,4037,205,3,790
7816,4340,88,17,58
7817,3333,164,38,13
7818,5125,122,25,15
7819,4219,168,7,11
7820,2654,213,19,60
7821,1586,168,,27
7822,3218,40,0,13
7823,3383,15,8,40
7824,5161,128,2,28
7825,1945,102,26,52
7826,1982,24,27,53
7827,3623,112,1,28
7828,116,69,57,24
7829,179,12,21,21
7830,1938,190,4,37
7831,4700,49,17,17
7832,4979,18,41,41
7833,2982,159,2,11
7834,3594,157,44,35
7835,3413,168,11,8
7836,2756,86,28,56
7837,880,159,58,16
7838,5188,218,2,33
7839,5017,10,27,712
7840,1909,69,0,37
7841,5813,194,24,56
7842,3409,145,13,7
7843,1620,64,24,12
7844,1414,137,1,17
7845,1548,46,47,48
7846,2273,69,52,23
7847,781,104,19,37
7848,3407,25,50,21
7849,5207,130,26,35
7850,5016,28,23,26
7851,5338,193,1,40
7852,4814,65,36,6
7853,5687,157,44,1
7854,5483,188,34,6
7855,3602,220,3,856
7856,5052,136,46,10
7857,2176,141,37,57
7858,549,80,30,3
7859,4000,90,38,25
7860,270,201,51,1
7861,5396,5,11,53
7862,4663,191,28,39
7863,5686,108,19,50
7864,58,167,19,44
7865,5430,8,5,25
7866,569,37,19,27
7867,2722,106,37,22
7868,3045,18,27,50
7869,1110,129,46,695
7870,895,202,51,52
7871,1467,39,52,33
7872,5431,75,31,18
7873,3987,134,22,56
7874,3459,136,4,38
7875,4421,6,41,17
7876,3082,60,58,21
7877,320,210,2,47
7878,1099,202,28,52
7879,767,115,6,17
7880,1098,28,,39
7881,2840,134,32,59
7882,2387,18,37,12
7883,5188,162,46,59
7884,5163,219,49,44
7885,1816,177,19,37
7886,226,120,32,4
7887,1312,160,21,60
7888,1049,28,37,42
7889,2807,42,8,10
7890,1788,32,60,4
7891,1518,218,14,5
7892,2547,124,52,57
7893,3704,162,46,55
7894,2111,160,46,40
7895,4370,170,32,60
7896,1866,21,50,55
7897,1425,5,24,617
7898,4773,88,55,50
7899,5806,43,57,32
7900,5279,20,59,8
7901,5445,195,36,13
7902,5704,134,58,32
7903,629,1,28,18
7904,657,68,33,28
7905,2303,46,-1,13
7906,4792,43,3,53
7907,4368,144,56,31
7908,3427,164,53,38
7909,4458,51,9,48
7910,2226,15,5,7
7911,4177,6,5,49
7912,283,119,15,10
7913,858,209,36,29
7914,5128,166,41,751
7915,1232,19,32,59
7916,5087,5,27,26
7917,2869,165,3,42
7918,2963,95,14,17
7919,189,13,51,9
7920,4040,22,26,4
7921,3747,114,20,14
7922,4639,85,16,56
7923,767,179,40,40
7924,770,215,4,34
7925,4237,29,56,17
7926,1411,167,55,7
7927,4723,47,36,59
7928,205,76,43,60
7929,1187,41,57,37
7930,4518,160,29,25
7931,3340,211,26,49
7932,4387,96,29,2
7933,767,213,1,54
7934,491,216,51,30
7935,4519,179,27,25
7936,5476,206,30,57
7937,2753,85,30,10
7938,1564,68,4,41
7939,3427,208,20,4
7940,4068,174,58,55
7941,5261,180,41,41
7942,3912,39,51,31
7943,4829,205,45,1
7944,1568,89,39,44
7945,1282,198,7,44
7946,5429,12,1,38
7947,4946,28,11,39
7948,4318,47,46,52
7949,3544,25,13,43
7950,1,49,56,20
7951,216,117,29,55
7952,465,152,,10
7953,5617,65,45,21
7954,4755,59,32,30
7955,4992,97,14,33
7956,2640,64,20,46
7957,3203,140,59,7
7958,3148,45,52,12
7959,5919,174,3,0
7960,3635,60,25,12
7961,5588,215,22,30
7962,294,133,4,21
7963,4409,213,45,0
7964,3731,127,56,56
7965,1755,198,27,33
7966,523,75,44,53
7967,3249,68,57,49
7968,2986,115,22,57
7969,505,12,59,8
7970,3506,144,38,45
7971,1497,122,20,28
7972,2240,134,38,4
7973,3055,90,8,39
7974,3322,89,12,50
7975,4060,146,16,17
7976,80,17,42,58
7977,2735,142,41,26
7978,3417,135,55,54
7979,4733,209,10,28
7980,2955,66,21,54
7981,4340,49,53,51
7982,1221,71,1,52
7983,1543,9,33,47
7984,5907,19,8,10
7985,4756,73,12,39
7986,2564,10,6,3
7987,5504,64,36,19
7988,5431,34,43,44
7989,506,146,19,2
7990,3956,212,46,16
7991,800,146,11,59
7992,1151,76,36,23
7993,917,2,37,45
7994,5736,215,45,590
7995,2426,160,4,4
7996,4733,156,14,50
7997,3746,165,35,49
7998,3394,37,38,30
7999,3189,113,38,13
8000,5693,119,9,7
8001,1842,125,53,35
8002,5308,150,44,43
8003,3963,155,50,1
8004,456,104,47,32
8005,3224,75,11,34
8006,2032,78,23,42
8007,3171,49,43,23
8008,5975,118,12,6
8009,1763,94,18,46
8010,2569,144,24,30
8011,3341,204,60,58
8012,1839,31,13,10
8013,905,191,23,59
8014,1663,108,32,11
8015,1930,170,46,9
8016,281,182,-9,27
8017,2400,99,43,59
8018,2437,9,30,8
8019,4331,211,2,48
8020,4209,123,39,39
8021,839,201,59,31
8022,182,139,51,16
8023,2611,179,10,31
8024,869,19,22,47
8025,4042,83,44,0
8026,4851,53,48,27
8027,1957,48,,19
8028,3259,216,15,49
8029,1399,50,24,11
8030,783,165,53,45
8031,4764,207,52,29
8032,652,205,6,50
8033,216,122,14,26
8034,4912,181,25,29
8035,4739,113,37,27
8036,4866,113,33,4
8037,3287,98,31,6
8038,526,111,50,34
8039,5440,177,23,37
8040,446,114,13,59
8041,910,208,8,28
8042,5952,36,5,51
8043,5088,205,28,56
8044,156,156,53,25
8045,3758,57,6,50
8046,1666,213,16,36
8047,4540,215,16,9
8048,4257,107,47,5
8049,4098,217,17,0
8050,4440,90,59,41
8051,142,105,6,8
8052,4198,210,30,56
8053,104,28,17,17
8054,4115,117,30,6
8055,5657,94,33,41
8056,4980,191,53,8
8057,4036,143,51,6
8058,1191,176,22,38
8059,1761,184,36,43
8060,4841,126,56,46
8061,1753,108,32,26
8062,2179,41,7,20
8063,5969,35,45,51
8064,57,151,46,4
8065,4321,183,9,30
8066,3093,169,58,22
8067,4644,205,35,44
8068,4022,110,45,40
8069,1871,206,10,26
8070,2516,42,27,42
8071,3688,114,13,1
8072,1090,210,12,21
8073,3980,173,39,43
8074,2316,10,59,29
8075,3327,37,49,46
8076,3572,67,30,33
8077,5712,79,33,661
8078,3145,65,7,14
8079,192,103,25,25
8080,364,186,9,39
8081,4064,37,39,19
8082,1658,187,22,55
8083,4924,152,3,4
8084,4263,4,25,35
8085,3516,161,21,55
8086,2986,176,0,13
8087,1782,175,50,9
8088,1858,122,20,1
8089,5175,76,13,9
8090,5899,108,0,10
8091,2246,100,60,44
8092,2321,220,3,24
8093,4233,53,60,28
8094,4875,192,16,45
8095,3960,218,44,3
8096,1751,193,1,30
8097,534,12,47,21
8098,340,190,1,26
8099,2503,28,23,33
8100,5001,82,43,8
8101,186,163,34,31
8102,816,81,48,54
8103,5267,95,57,1
8104,4030,107,16,19
8105,5129,64,55,49
8106,786,78,35,51
8107,3230,80,10,54
8108,506,220,18,49
8109,2997,75,47,20
8110,612,183,60,54
8111,414,164,11,45
8112,3499,175,21,58
8113,4039,153,39,10
8114,1102,78,14,54
8115,5879,187,47,6
8116,4450,169,4,54
8117,5549,189,2,34
8118,3189,93,46,41
8119,3130,27,19,26
8120,5382,212,58,7
8121,4773,57,52,43
8122,3804,193,23,30
8123,739,44,58,11
8124,3879,110,31,0
8125,2188,79,59,30
8126,4414,100,36,18
8127,1864,155,3,526
8128,4158,105,8,45
8129,5853,60,20,46
8130,5197,124,6,18
8131,259,151,13,59
8132,682,187,11,59
8133,1234,86,50,41
8134,2745,59,60,21
8135,1104,185,18,7
8136,3474,107,25,44
8137,5383,12,27,35
8138,3212,106,50,48
8139,356,216,55,48
8140,5801,39,32,35
8141,2489,18,4,53
8142,975,163,8,1
8143,277,40,50,24
8144,2747,95,55,50
8145,1240,119,59,44
8146,747,166,17,4
8147,2553,92,8,55
8148,3865,105,18,46
8149,4186,6,51,60
8150,208,182,43,16
8151,5681,83,9,860
8152,896,190,47,32
8153,2403,188,47,24
8154,769,52,31,9
8155,4582,28,6,8
8156,637,78,16,35
8157,1876,107,27,811
8158,2602,95,17,58
8159,4618,181,56,47
8160,5185,153,28,21
8161,1510,220,26,22
8162,4007,10,52,3
8163,1143,135,44,18
8164,1580,201,51,9
8165,267,182,59,57
8166,5786,24,27,2
8167,4878,106,11,39
8168,4632,186,20,46
8169,5223,112,5,12
8170,2657,203,6,0
8171,60,53,31,16
8172,4685,176,9,7
8173,74,159,26,59
8174,4200,200,,2
8175,5869,128,29,54
8176,3664,24,23,23
8177,2708,99,8,44
8178,5602,73,31,26
8179,3347,217,45,39
8180,2311,214,21,29
8181,3065,159,53,44
8182,5437,188,0,37
8183,4935,186,35,59
8184,4805,81,38,39
8185,501,92,24,1
8186,1050,100,53,55
8187,1098,187,44,21
8188,449,60,6,23
8189,207,131,29,616
8190,7,218,60,10
8191,3966,123,26,42
8192,3441,142,41,35
8193,3652,188,0,27
8194,736,15,32,3
8195,5102,170,-3,4
8196,4615,158,46,27
8197,1442,73,49,33
8198,946,88,54,40
8199,1661,67,12,18
8200,760,113,51,56
8201,410,14,14,41
8202,2808,210,,40
8203,4375,59,41,14
8204,5307,204,19,53
8205,2301,63,40,31
8206,3071,16,27,13
8207,4576,87,13,36
8208,5643,48,32,25
8209,3079,150,41,43
8210,1905,65,43,5
8211,2981,36,22,26
8212,831,167,25,22
8213,3535,216,18,13
8214,212,89,18,3
8215,3311,146,27,23
8216,4189,37,24,54
8217,1446,117,9,21
8218,2020,160,15,2
8219,5195,38,57,43
8220,595,24,30,30
8221,2884,181,12,27
8222,1984,29,45,30
8223,1285,202,4,6
8224,838,197,44,50
8225,5130,41,52,27
8226,1946,108,0,36
8227,324,121,12,55
8228,3039,94,6,14
8229,1971,162,54,36
8230,4434,134,60,49
8231,2728,153,18,6
8232,79,172,50,30
8233,3104,195,28,19
8234,3814,185,31,2
8235,2078,40,8,23
8236,4164,199,23,4
8237,1625,29,9,4
8238,666,77,16,8
8239,4433,21,19,21
8240,465,63,8,30
8241,841,88,16,27
8242,1272,94,23,36
8243,1118,128,4,57
8244,5162,3,30,19
8245,5496,28,18,43
8246,1341,156,52,42
8247,4164,215,12,8
8248,2341,83,12,33
8249,1356,196,36,47
8250,5142,112,,51
8251,2208,179,0,57
8252,225,189,37,35
8253,1845,189,27,34
8254,344,17,30,9
8255,3012,178,5,34
8256,5295,204,56,57
8257,2319,67,50,2
8258,2603,65,43,15
8259,5496,42,8,10
8260,3420,77,37,11
8261,3623,43,19,40
8262,5620,163,42,22
8263,1817,129,36,57
8264,3944,109,41,17
8265,4790,83,11,45
8266,1240,218,20,12
8267,3895,166,18,49
8268,5248,106,48,28
8269,2359,141,16,15
8270,999,74,22,58
8271,5514,104,8,675
8272,1875,129,60,23
8273,2866,139,32,21
8274,4830,26,46,57
8275,4337,145,48,58
8276,2194,121,29,43
8277,2241,191,39,36
8278,4546,86,13,45
8279,860,32,48,55
8280,576,58,56,3
8281,1702,38,47,53
8282,1527,27,54,53
8283,830,195,50,41
8284,3438,36,22,60
8285,4708,117,13,53
8286,5238,8,9,50
8287,4925,133,40,52
8288,772,37,27,20
8289,1158,168,-1,6
8290,3642,73,51,54
8291,5003,140,35,42
8292,3926,20,57,0
8293,4284,75,2,17
8294,4556,14,3,34
8295,3352,106,21,33
8296,633,81,54,13
8297,3097,40,9,56
8298,1974,158,13,24
8299,3518,147,22,17
8300,2547,111,59,23
8301,4613,220,9,0
8302,4285,143,,23
8303,1740,39,23,29
8304,3349,48,42,41
8305,467,124,57,30
8306,4965,33,23,11
8307,1060,11,38,39
8308,3424,38,28,57
8309,2786,203,-3,31
8310,306,4,54,35
8311,3897,94,59,58
8312,1318,34,9,30
8313,2560,132,20,37
8314,519,127,32,56
8315,3857,130,52,42
8316,1682,70,3,22
8317,3244,123,44,25
8318,100,174,12,55
8319,5157,210,12,28
8320,3317,122,52,9
8321,321,52,26,28
8322,5811,148,59,36
8323,5607,104,47,23
8324,723,48,12,21
8325,1194,45,12,40
8326,5012,190,29,777
8327,1804,79,3,27
8328,1154,160,23,43
8329,2560,80,4,17
8330,3881,204,31,28
8331,2403,87,36,46
8332,995,129,34,14
8333,5918,2,34,37
8334,4293,181,47,3
8335,1582,43,1,28
8336,2336,75,46,33
8337,533,122,53,22
8338,2908,34,52,21
8339,1886,154,4,40
8340,2878,83,8,58
8341,226,195,,12
8342,4717,177,50,29
8343,5283,122,,26
8344,1430,121,,30
8345,1630,64,8,56
8346,5276,87,55,58
8347,1716,162,25,861
8348,5112,33,32,52
8349,3394,110,29,17
8350,5155,99,1,18
8351,5074,136,33,15
8352,1126,189,35,43
8353,3595,188,-1,20
8354,5634,152,18,45
8355,534,137,51,32
8356,5526,172,24,43
8357,5647,89,4,54
8358,691,150,7,56
8359,1339,145,26,28
8360,128,115,16,25
8361,4492,187,24,47
8362,3093,76,24,53
8363,3734,141,44,48
8364,3699,117,54,38
8365,1003,121,27,20
8366,2621,132,57,39
8367,1070,57,57,38
8368,5878,38,30,2
8369,826,73,41,7
8370,2975,107,54,8
8371,1691,137,53,57
8372,901,103,31,11
8373,286,61,28,8
8374,5571,79,41,31
8375,5424,150,42,16
8376,5009,92,,12
8377,2438,84,23,9
8378,284,163,0,12
8379,1385,164,1,23
8380,5297,9,54,35
8381,5587,34,52,42
8382,1984,205,46,0
8383,1686,14,31,32
8384,1918,161,31,4
8385,3355,202,16,9
8386,2257,200,46,25
8387,5168,91,41,51
8388,4387,170,42,7
8389,1360,49,12,50
8390,5610,108,1,52
8391,4419,183,39,38
8392,5522,96,25,15
8393,654,23,18,587
8394,5955,25,22,13
8395,4169,207,0,51
8396,1316,118,53,26
8397,4005,140,60,6
8398,5661,132,37,15
8399,1796,71,59,23
8400,5420,38,48,46
8401,5408,22,47,30
8402,4235,29,59,24
8403,916,187,17,10
8404,2975,167,27,21
8405,177,123,27,9
8406,2085,31,26,13
8407,451,174,8,4
8408,676,6,24,41
8409,2159,18,2,47
8410,2320,83,21,60
8411,54,7,43,36
8412,527,178,8,50
8413,2944,32,24,6
8414,2518,209,26,21
8415,3808,1,39,9
8416,4191,172,30,38
8417,1922,206,60,11
8418,1389,193,47,53
8419,3118,113,28,782
8420,4656,210,23,13
8421,1201,91,44,49
8422,492,32,12,51
8423,4101,137,54,5
8424,990,96,23,58
8425,2869,35,16,35
8426,2046,1,56,48
8427,1010,53,0,48
8428,752,143,33,1
8429,564,27,44,11
8430,537,170,8,24
8431,4836,172,-2,40
8432,398,182,50,8
8433,3194,121,17,60
8434,5771,153,30,28
8435,1588,73,36,50
8436,3570,205,14,46
8437,1763,179,53,19
8438,3002,93,28,19
8439,4439,88,28,19
8440,3995,22,31,28
8441,2740,105,18,33
8442,3083,65,15,9
8443,2145,200,25,37
8444,876,208,34,60
8445,2665,137,38,39
8446,4805,158,12,45
8447,5172,41,24,12
8448,427,154,9,27
8449,2317,132,-6,16
8450,1191,18,28,49
8451,904,13,4,42
8452,5035,114,15,47
8453,5123,47,18,50
8454,2804,169,10,21
8455,4796,158,58,38
8456,3265,197,30,56
8457,5035,16,12,6
8458,4661,115,49,11
8459,838,139,49,49
8460,5279,137,16,2
8461,2369,59,5,848
8462,4498,91,40,28
8463,2263,101,39,48
8464,4225,182,27,45
8465,5610,141,52,38
8466,763,85,45,44
8467,1245,171,8,60
8468,4040,11,39,58
8469,3013,96,30,29
8470,1284,9,56,54
8471,5901,83,44,14
8472,4497,208,33,46
8473,428,142,36,27
8474,2568,183,48,60
8475,4463,46,2,6
8476,4007,106,28,44
8477,4683,69,59,41
8478,5977,20,57,4
8479,5175,1,39,6
8480,4045,186,3,51
8481,3160,103,11,3
8482,3355,166,51,49
8483,4069,33,16,56
8484,97,212,36,37
8485,3514,121,-2,23
8486,3537,38,14,37
8487,2922,35,27,43
8488,2987,86,44,40
8489,2776,114,26,56
8490,1005,29,10,53
8491,64,10,55,22
8492,2627,176,20,22
8493,399,192,42,868
8494,2279,51,40,56
8495,4349,118,10,56
8496,80,122,41,57
8497,5880,55,14,22
8498,1443,74,10,12
8499,2054,142,57,8
8500,1233,140,37,0
8501,3863,17,2,25
8502,4302,20,44,51
8503,4469,111,33,51
8504,1989,140,13,37
8505,5966,88,49,16
8506,5141,86,60,49
8507,5654,20,8,53
8508,454,208,13,48
8509,509,95,35,56
8510,54,65,55,39
8511,759,146,12,51
8512,5340,119,14,8
8513,1574,84,6,36
8514,425,158,26,8
8515,2019,79,17,1
8516,5966,146,48,47
8517,5476,63,60,55
8518,5043,140,15,15
8519,1721,115,43,33
8520,5477,169,14,20
8521,484,84,53,57
8522,5018,162,53,51
8523,4350,155,44,21
8524,4127,18,18,33
8525,2650,158,21,4
8526,3364,125,17,25
8527,1499,119,12,622
8528,3207,76,29,2
8529,4293,123,3,18
8530,4346,161,2,17
8531,4431,157,6,38
8532,2389,162,17,28
8533,1603,163,42,29
8534,4936,147,56,15
8535,2083,200,,50
8536,1997,216,0,12
8537,3522,3,58,17
8538,4803,26,47,31
8539,3834,6,50,21
8540,5525,115,13,526
8541,5994,45,31,47
8542,1869,109,10,52
8543,2602,95,31,33
8544,4620,3,15,9
8545,608,30,14,52
8546,4163,110,39,41
8547,558,143,25,27
8548,3869,4,39,50
8549,5661,193,37,20
8550,4063,41,49,16
8551,3368,143,21,47
8552,5416,164,16,22
8553,1710,186,24,36
8554,5416,19,40,2
8555,2862,52,46,55
8556,2980,57,18,31
8557,4670,47,57,52
8558,1738,11,43,34
8559,412,121,46,39
8560,1904,70,22,25
8561,1839,151,42,1
8562,5468,44,24,29
8563,5440,215,20,54
8564,1845,158,24,8
8565,4701,152,36,5
8566,4508,216,1,41
8567,1494,124,6,20
8568,1140,116,15,30
8569,5745,42,46,8
8570,1635,196,60,33
8571,915,120,7,24
8572,1580,194,35,53
8573,4306,27,50,31
8574,239,200,22,9
8575,2628,4,12,20
8576,5271,138,13,23
8577,586,193,7,59
8578,1640,167,49,40
8579,5066,203,25,5
8580,2145,76,1,3
8581,4787,146,31,38
8582,1808,22,56,21
8583,3976,182,39,5
8584,5560,120,19,27
8585,332,104,23,48
8586,80,46,41,60
8587,209,109,34,47
8588,2843,167,10,12
8589,2485,35,53,1
8590,1309,38,56,17
8591,79,67,10,33
8592,2426,129,20,3
8593,1648,104,30,8
8594,164,144,39,15
8595,438,217,1,33
8596,5647,141,43,52
8597,2647,38,4,56
8598,1311,99,38,19
8599,3073,79,-10,6
8600,951,190,56,59
8601,4621,126,27,41
8602,4257,55,40,22
8603,5276,180,58,56
8604,4269,196,-10,8
8605,1409,118,37,36
8606,1573,65,35,13
8607,2067,134,1,31
8608,3294,129,39,0
8609,2886,16,6,29
8610,2276,116,54,830
8611,624,108,56,40
8612,4220,32,22,29
8613,3510,80,46,0
8614,4990,189,-3,35
8615,213,5,13,771
8616,5332,32,44,38
8617,472,172,19,28
8618,5100,86,18,55
8619,310,144,34,35
8620,89,51,51,31
8621,4697,53,1,19
8622,4550,202,1,33
8623,4568,34,37,49
8624,5843,183,18,26
8625,4509,128,14,54
8626,1807,36,10,6
8627,3206,60,50,18
8628,4956,183,31,26
8629,1169,161,22,8
8630,4154,25,21,49
8631,2516,54,45,10
8632,4971,154,22,20
8633,2899,81,15,50
8634,1878,93,1,27
8635,5692,65,4,12
8636,248,121,40,53
8637,2059,64,8,36
8638,1083,177,49,0
8639,1121,48,7,49
8640,5557,191,28,57
8641,5385,59,9,40
8642,5682,36,33,32
8643,4978,186,,50
8644,1483,173,47,825
8645,2885,36,3,27
8646,940,8,48,53
8647,895,7,51,51
8648,4779,169,44,31
8649,5266,119,21,12
8650,1985,141,25,12
8651,3968,121,13,59
8652,2421,38,7,28
8653,5838,219,42,30
8654,1387,132,46,42
8655,5925,69,45,44
8656,4932,23,28,47
8657,1534,189,13,35
8658,5317,138,27,38
8659,4763,22,33,3
8660,4415,27,58,30
8661,2697,180,8,45
8662,2622,164,12,31
8663,198,65,59,7
8664,1420,189,12,14
8665,1312,144,24,18
8666,563,101,56,38
8667,3863,167,3,15
8668,4871,60,43,46
8669,1835,179,42,58
8670,5374,67,37,1
8671,3538,183,20,28
8672,4323,133,38,31
8673,5330,57,4,519
8674,683,139,22,22
8675,3071,194,31,48
8676,4228,125,55,1
8677,4549,22,44,57
8678,3963,209,17,30
8679,183,204,53,49
8680,1496,63,9,33
8681,1923,124,15,25
8682,203,178,21,48
8683,1237,205,44,3
8684,3786,43,24,58
8685,4943,63,7,56
8686,2995,205,32,49
8687,5762,167,6,60
8688,1164,95,14,38
8689,3195,55,37,16
8690,4403,126,18,11
8691,1670,187,,37
8692,1646,205,16,9
8693,4792,199,10,26
8694,2516,66,19,35
8695,2058,29,58,1
8696,2526,87,41,55
8697,4341,157,24,0
8698,1847,164,29,31
8699,1386,142,24,31
8700,3556,104,47,34
8701,4026,50,19,21
8702,3763,213,7,1
8703,3753,132,1,26
8704,2652,217,2,11
8705,3903,35,8,12
8706,3377,175,18,50
8707,1243,4,58,28
8708,3993,147,27,25
8709,2860,134,5,44
8710,1869,197,18,44
8711,3620,214,47,24
8712,1900,102,45,44
8713,3342,173,15,28
8714,3502,31,11,0
8715,2896,160,31,31
8716,3948,218,46,41
8717,2070,15,16,39
8718,250,102,50,60
8719,4902,43,22,53
8720,4947,171,59,7
8721,5410,96,27,21
8722,1454,158,55,9
8723,4548,32,40,12
8724,2117,175,35,0
8725,2182,111,30,30
8726,1793,51,35,15
8727,5982,14,9,40
8728,4591,99,42,10
8729,3157,52,54,43
8730,2165,23,14,20
8731,279,50,44,53
8732,4292,217,20,5
8733,581,46,1,53
8734,607,197,37,1
8735,3986,59,55,26
8736,1433,174,15,29
8737,5260,80,59,29
8738,947,86,21,34
8739,4786,171,48,30
8740,4156,78,0,0
8741,615,213,3,22
8742,747,43,16,1
8743,3921,109,46,26
8744,3099,180,50,6
8745,3186,195,24,18
8746,1995,133,12,29
8747,1007,12,51,28
8748,2471,113,25,1
8749,707,11,30,28
8750,5286,95,15,15
8751,2161,21,17,57
8752,1350,124,50,48
8753,4660,138,35,0
8754,1145,15,39,38
8755,1616,85,10,57
8756,1266,1,39,33
8757,2936,88,19,59
8758,4085,184,3,0
8759,2899,175,,29
8760,813,34,50,47
8761,4603,118,2,12
8762,987,101,12,34
8763,289,24,0,33
8764,847,96,12,21
8765,5525,163,8,55
8766,4560,6,2,51
8767,3347,10,32,34
8768,4570,169,51,18
8769,3151,36,55,34
8770,868,208,38,16
8771,2307,100,39,1
8772,4060,149,10,15
8773,5995,17,49,34
8774,2643,124,26,45
8775,2821,51,33,38
8776,2681,97,8,44
8777,4983,89,5,29
8778,4547,103,15,6
8779,4772,46,29,33
8780,4582,166,23,26
8781,5920,220,36,24
8782,3722,180,12,29
8783,5967,215,39,23
8784,4266,207,2,46
8785,2641,190,44,38
8786,3343,112,22,9
8787,3121,219,57,13
8788,5243,162,19,33
8789,3102,192,17,55
8790,4271,7,7,3
8791,953,167,5,32
8792,1137,170,47,51
8793,2494,32,47,0
8794,414,94,34,15
8795,2647,163,30,49
8796,176,179,34,14
8797,3084,220,11,46
8798,2002,171,58,34
8799,3248,212,1,27
8800,3735,10,25,9
8801,37,159,5,55
8802,5978,168,39,10
8803,807,25,39,60
8804,5805,16,38,50
8805,3582,180,3,50
8806,4694,157,15,46
8807,1135,189,12,27
8808,1968,103,44,21
8809,5910,13,5,48
8810,6000,123,13,7
8811,1394,6,54,46
8812,3803,44,11,7
8813,551,126,18,42
8814,783,159,38,54
8815,4487,146,8,42
8816,1835,72,-6,52
8817,4416,102,15,20
8818,4797,48,15,50
8819,3518,36,16,9
8820,4858,191,27,57
8821,1827,152,1,55
8822,2272,34,42,24
8823,1728,129,59,40
8824,1429,38,33,56
8825,77,48,52,14
8826,452,162,49,52
8827,5978,105,1,39
8828,5615,51,4,18
8829,5483,63,44,55
8830,923,41,14,37
8831,4485,24,35,37
8832,5175,72,42,41
8833,3619,90,52,5
8834,5584,87,10,15
8835,5581,88,35,36
8836,2852,6,50,49
8837,3744,183,4,14
8838,5587,195,14,28
8839,5768,191,-4,37
8840,857,62,19,59
8841,2389,59,38,0
8842,2696,174,54,14
8843,2748,144,14,53
8844,1549,178,8,52
8845,2956,11,-3,39
8846,4324,19,32,19
8847,4369,157,14,40
8848,2733,154,55,51
8849,5534,14,48,3
8850,4714,152,4,41
8851,1663,73,26,35
8852,3127,161,51,1
8853,3241,17,9,7
8854,4039,216,19,30
8855,3381,125,11,13
8856,317,112,34,34
8857,3603,128,9,30
8858,2773,164,12,35
8859,4501,153,44,31
8860,3643,54,52,46
8861,1026,27,34,57
8862,5958,194,32,39
8863,1674,28,25,58
8864,4138,35,56,56
8865,1634,185,31,36
8866,4853,191,23,15
8867,2470,35,43,40
8868,2699,106,25,733
8869,1837,92,51,52
8870,3691,82,24,22
8871,5090,218,48,43
8872,62,96,15,41
8873,315,205,12,25
8874,136,69,40,27
8875,166,212,46,21
8876,189,25,57,36
8877,2799,1,2,39
8878,4569,191,30,10
8879,3429,37,28,6
8880,3733,90,51,8
8881,2960,147,15,59
8882,5985,215,55,21
8883,642,95,53,31
8884,1925,149,31,16
8885,3796,73,9,41
8886,4819,25,39,54
8887,2588,158,56,56
8888,2535,110,20,5
8889,2429,109,43,52
8890,1731,191,7,50
8891,1669,48,41,35
8892,4190,151,57,16
8893,4689,124,35,53
8894,2482,27,44,55
8895,1036,111,48,14
8896,2919,35,33,35
8897,4114,3,43,43
8898,1759,25,19,12
8899,5860,10,42,9
8900,325,3,41,8
8901,4712,194,44,54
8902,249,75,10,42
8903,5694,141,2,34
8904,1420,81,15,16
8905,5382,1,37,37
8906,5416,130,47,21
8907,3568,19,24,4
8908,5330,39,60,7
8909,4323,137,42,46
8910,5884,134,43,45
8911,3560,166,11,25
8912,3298,157,32,30
8913,1147,42,56,15
8914,1865,136,59,51
8915,2495,80,25,4
8916,4653,187,48,20
8917,5956,95,59,47
8918,552,175,52,5
8919,86,76,39,60
8920,5744,80,41,40
8921,1577,99,7,16
8922,590,176,42,41
8923,4438,193,13,4
8924,1878,39,6,53
8925,900,180,24,51
8926,326,78,52,37
8927,2946,101,-1,6
8928,3987,33,27,3
8929,3119,132,43,56
8930,3449,75,47,56
8931,5250,215,27,526
8932,2757,142,48,58
8933,5849,74,18,22
8934,1101,129,56,10
8935,1148,160,16,50
8936,4386,159,34,4
8937,3464,111,51,48
8938,4894,122,10,42
8939,2019,204,9,20
8940,2635,127,19,44
8941,5095,28,48,14
8942,4091,91,37,37
8943,1832,66,23,50
8944,1698,141,34,5
8945,916,102,37,16
8946,3598,197,22,27
8947,5024,171,48,8
8948,5147,210,11,19
8949,3738,105,33,2
8950,2702,121,42,36
8951,5182,19,12,5
8952,2282,108,12,27
8953,3460,39,6,13
8954,101,111,9,39
8955,5795,152,17,59
8956,5142,47,50,31
8957,2905,83,42,31
8958,4812,150,34,49
8959,2561,18,6,39
8960,4851,220,15,43
8961,1823,102,48,56
8962,5055,145,52,55
8963,247,18,19,60
8964,929,94,43,47
8965,5626,118,31,42
8966,4714,67,59,40
8967,5102,94,44,39
8968,2158,10,56,39
8969,3722,117,52,19
8970,4164,73,6,53
8971,3117,65,52,1
8972,2024,93,8,38
8973,1428,35,29,25
8974,3979,49,,42
8975,3727,47,7,32
8976,2764,209,60,56
8977,1061,169,27,5
8978,5063,20,29,51
8979,4628,57,40,45
8980,2828,165,10,10
8981,4863,204,6,33
8982,2903,81,50,16
8983,417,15,45,55
8984,4578,136,31,15
8985,38,161,8,51
8986,5349,34,1,52
8987,3347,166,15,14
8988,2122,13,49,37
8989,1202,193,34,55
8990,698,170,10,47
8991,4504,46,59,48
8992,3361,63,7,1
8993,3326,193,34,29
8994,3063,77,2,28
8995,5879,65,34,59
8996,4342,185,48,54
8997,3404,130,-4,59
8998,1338,215,33,5
8999,3783,125,13,7
9000,3800,76,43,56
9001,1379,174,30,34
9002,5253,197,16,12
9003,5578,143,30,10
9004,3779,90,32,50
9005,205,178,24,20
9006,5932,85,34,0
9007,4684,164,23,13
9008,2440,113,3,23
9009,5188,68,35,50
9010,3820,87,12,44
9011,3957,166,40,40
9012,1475,138,40,18
9013,4449,131,43,36
9014,1136,216,33,4
9015,3931,23,53,595
9016,1172,213,53,34
9017,2195,15,13,12
9018,5721,123,29,22
9019,5178,158,50,56
9020,3146,114,49,34
9021,4212,142,54,18
9022,4761,9,43,34
9023,5191,135,6,13
9024,1154,193,14,44
9025,5772,187,6,39
9026,5849,128,49,45
9027,2304,116,20,42
9028,2043,63,22,24
9029,4248,133,42,57
9030,1363,131,10,11
9031,3270,174,56,40
9032,3868,128,29,31
9033,4363,209,19,11
9034,4143,81,58,3
9035,3587,10,40,8
9036,4417,23,43,3
9037,2124,109,50,14
9038,2003,37,47,1
9039,2822,209,19,24
9040,596,66,46,37
9041,746,188,11,40
9042,5350,163,26,43
9043,852,170,37,16
9044,5248,168,36,55
9045,4704,39,41,26
9046,5517,82,43,6
9047,2713,180,,32
9048,1451,2,11,41
9049,2656,162,49,41
9050,5466,180,47,41
9051,4665,106,4,9
9052,5009,40,3,60
9053,5902,209,57,19
9054,2659,188,46,38
9055,1840,4,49,39
9056,3358,82,30,9
9057,1545,134,3,6
9058,2772,142,19,54
9059,1592,47,43,16
9060,2361,191,0,47
9061,3540,1,25,20
9062,822,193,20,16
9063,4927,134,49,23
9064,791,116,45,30
9065,4638,112,8,59
9066,1522,59,46,43
9067,3377,124,6,34
9068,3416,20,42,28
9069,3708,77,15,1
9070,3231,186,42,40
9071,3146,115,54,41
9072,44,4,6,40
9073,5851,77,29,51
9074,5304,110,58,24
9075,2996,49,22,36
9076,3636,23,9,17
9077,438,141,16,42
9078,2939,180,9,845
9079,2844,98,11,11
9080,3720,32,34,3
9081,5221,201,33,33
9082,5152,216,18,40
9083,3738,27,3,57
9084,2598,165,33,11
9085,4848,103,47,2
9086,215,187,,20
9087,5667,199,36,29
9088,1188,42,52,4
9089,74,106,26,31
9090,2493,218,32,4
9091,1639,3,45,40
9092,1662,177,42,50
9093,3530,129,60,17
9094,3477,62,59,13
9095,4482,220,37,6
9096,2595,88,57,38
9097,5920,112,23,29
9098,1186,141,31,53
9099,5384,186,32,50
9100,5523,30,46,19
9101,3114,48,51,50
9102,4173,10,10,25
9103,4001,15,50,54
9104,3336,18,35,27
9105,3964,23,56,47
9106,2282,19,33,7
9107,3441,14,16,56
9108,4719,149,5,9
9109,1821,110,57,12
9110,1206,133,1,57
9111,1371,156,28,38
9112,38,201,60,53
9113,2436,125,9,47
9114,4627,112,31,58
9115,5951,109,24,30
9116,5110,111,23,13
9117,3178,118,1,15
9118,5910,45,30,19
9119,4879,22,19,14
9120,1941,158,28,43
9121,8,88,-4,14
9122,1742,212,24,48
9123,303,27,18,27
9124,4013,29,22,4
9125,5211,139,43,35
9126,5807,48,,31
9127,1305,190,53,10
9128,4143,157,4,15
9129,2505,50,28,17
9130,3679,166,25,27
9131,5942,64,36,55
9132,4392,22,36,8
9133,4153,202,54,17
9134,1287,126,28,23
9135,3701,155,11,54
9136,5491,206,3,5
9137,1236,66,41,24
9138,5016,81,30,53
9139,3137,53,15,30
9140,5645,19,38,12
9141,3800,8,35,29
9142,3411,81,3,33
9143,900,120,3,13
9144,3600,102,4,13
9145,2359,40,35,6
9146,2255,85,15,51
9147,4456,67,20,21
9148,5207,163,51,41
9149,2281,70,40,55
9150,1662,203,39,53
9151,3668,162,41,37
9152,1089,170,2,5
9153,4244,38,57,39
9154,3959,157,53,50
9155,5549,147,46,56
9156,3123,137,26,42
9157,3109,107,1,7
9158,702,103,22,21
9159,3267,91,6,5
9160,239,61,20,23
9161,844,206,54,34
9162,5520,176,,48
9163,3276,168,1,22
9164,5603,195,30,30
9165,1522,164,6,12
9166,146,11,34,50
9167,5902,220,13,512
9168,5283,109,15,46
9169,1917,127,33,8
9170,1998,109,37,44
9171,110,155,43,39
9172,4092,170,33,28
9173,532,148,6,51
9174,5488,2,44,42
9175,903,111,21,5
9176,344,8,17,52
9177,834,84,12,21
9178,5456,9,1,39
9179,4167,116,56,5
9180,481,48,0,3
9181,2879,84,60,42
9182,5347,28,47,34
9183,4334,149,0,58
9184,5345,84,59,11
9185,2159,37,14,8
9186,5439,68,56,51
9187,1613,66,38,10
9188,1726,45,41,50
9189,1418,174,19,12
9190,1156,85,32,42
9191,1662,64,44,1
9192,5153,19,15,8
9193,4025,109,-5,37
9194,5320,173,44,30
9195,2160,77,31,57
9196,1884,4,38,40
9197,835,31,53,1
9198,3645,164,-9,35
9199,3998,108,52,24
9200,2499,87,13,59
9201,5226,167,12,46
9202,5556,199,29,32
9203,3733,11,49,4
9204,4157,195,,43
9205,1621,190,25,55
9206,3209,55,30,45
9207,197,108,1,20
9208,1994,185,59,23
9209,923,102,15,51
9210,5409,198,30,35
9211,2357,91,43,58
9212,1925,106,51,55
9213,1976,4,15,17
9214,1030,207,27,50
9215,1383,113,53,15
9216,1052,103,56,39
9217,3689,35,40,33
9218,1066,48,38,19
9219,134,151,45,31
9220,572,1,49,11
9221,4960,162,54,44
9222,93,148,49,50
9223,2884,108,29,54
9224,4656,92,40,24
9225,2908,156,43,60
9226,750,195,53,28
9227,309,57,10,57
9228,4595,75,19,11
9229,880,55,34,18
9230,1783,33,5,49
9231,1887,196,2,56
9232,413,75,46,58
9233,2711,97,0,566
9234,4885,51,43,0
9235,4127,126,41,512
9236,3712,92,-3,3
9237,2668,92,25,38
9238,4190,111,0,27
9239,1826,209,40,50
9240,1981,135,30,18
9241,4043,218,15,0
9242,2885,158,26,8
9243,3389,61,0,2
9244,4016,98,48,14
9245,5199,48,20,8
9246,2001,156,28,57
9247,2120,141,35,5
9248,4737,25,17,9
9249,1893,128,23,49
9250,2541,17,50,19
9251,2436,8,6,15
9252,4596,121,44,35
9253,5016,95,15,45
9254,5904,119,6,32
9255,2094,193,11,34
9256,98,203,34,44
9257,4149,94,26,43
9258,67,47,42,34
9259,1218,18,,48
9260,2350,165,5,25
9261,4541,218,44,23
9262,3014,91,36,54
9263,4427,123,52,2
9264,1110,31,-10,29
9265,3008,187,2,46
9266,4512,141,33,17
9267,1899,171,54,23
9268,72,35,46,51
9269,4713,139,44,2
9270,4521,18,14,21
9271,1672,176,45,24
9272,1171,70,43,18
9273,1505,110,21,23
9274,2990,171,31,42
9275,1877,87,42,22
9276,3931,34,29,17
9277,4502,76,29,59
9278,1522,120,2,56
9279,4906,68,59,56
9280,3096,26,28,14
9281,3289,15,26,45
9282,2382,128,-8,43
9283,2518,2,38,47
9284,1286,99,1,9
9285,3730,164,3,1
9286,3666,194,4,651
9287,4168,14,57,48
9288,1593,38,60,22
9289,4165,102,36,39
9290,4178,5,3,49
9291,809,73,33,19
9292,4949,80,24,43
9293,2695,68,4,44
9294,2272,184,11,9
9295,485,109,49,39
9296,4557,47,50,46
9297,5832,41,47,49
9298,1182,177,4,35
9299,3633,133,54,9
9300,5404,149,26,30
9301,5894,117,26,45
9302,2382,176,56,35
9303,3686,143,30,52
9304,4337,90,21,37
9305,901,209,58,5
9306,5083,124,44,8
9307,4250,30,33,46
9308,3551,51,13,30
9309,3734,67,60,28
9310,3374,197,49,28
9311,1345,214,24,47
9312,1920,107,4,21
9313,5997,158,14,25
9314,3958,178,,8
9315,5161,212,11,60
9316,1267,212,45,1
9317,5155,151,56,20
9318,3348,47,47,54
9319,5250,63,58,49
9320,2815,154,58,46
9321,1057,62,43,52
9322,5410,175,5,17
9323,2880,134,9,21
9324,2091,199,21,47
9325,961,65,14,19
9326,1215,89,3,3
9327,5955,98,60,43
9328,4818,33,2,22
9329,1584,65,44,49
9330,4852,78,48,39
9331,5387,196,8,45
9332,1538,73,37,18
9333,2023,91,53,55
9334,1110,114,-8,26
9335,5301,187,41,4
9336,3921,102,18,9
9337,5024,28,31,56
9338,382,61,49,55
9339,1419,47,14,18
9340,3765,168,29,37
9341,1245,196,44,47
9342,5535,27,29,583
9343,2358,81,55,39
9344,5090,7,6,10
9345,991,124,10,844
9346,4408,74,58,1
9347,284,165,57,36
9348,745,90,10,7
9349,4980,209,48,39
9350,1006,121,33,52
9351,1500,89,57,41
9352,5695,217,5,23
9353,3464,143,34,60
9354,5482,99,40,42
9355,146,73,48,20
9356,3172,2,49,47
9357,1311,133,22,14
9358,5176,169,46,31
9359,4954,44,35,40
9360,4331,121,4,51
9361,5695,52,58,45
9362,2874,198,18,12
9363,1905,63,60,7
9364,1159,176,59,31
9365,3579,185,50,18
9366,3934,136,50,59
9367,4680,191,41,36
9368,2287,218,37,30
9369,733,5,15,2
9370,1849,213,30,37
9371,3315,19,32,21
9372,1318,158,29,25
9373,3512,66,-4,54
9374,244,180,48,20
9375,3488,216,45,41
9376,101,99,37,47
9377,182,12,22,18
9378,3394,56,22,31
9379,4567,129,55,42
9380,3631,79,16,19
9381,613,63,48,33
9382,1064,81,34,41
9383,2011,199,42,22
9384,3215,59,29,13
9385,484,218,24,48
9386,3923,159,38,32
9387,2314,218,48,13
9388,709,14,0,25
9389,22,81,60,38
9390,2883,8,29,50
9391,2091,2,42,16
9392,4146,120,7,55
9393,4884,16,30,60
9394,1847,143,9,51
9395,4917,47,3,2
9396,955,72,38,46
9397,1130,30,43,24
9398,186,147,57,32
9399,2290,119,39,12
9400,5253,57,42,24
9401,2106,101,38,0
9402,3453,163,7,0
9403,291,57,57,14
9404,1272,199,48,9
9405,1717,142,40,45
9406,1964,96,13,29
9407,5564,128,8,29
9408,2730,157,8,48
9409,231,167,4,60
9410,5160,215,34,28
9411,3353,158,25,23
9412,3616,128,25,31
9413,3811,140,58,50
9414,1007,49,54,0
9415,2083,210,60,32
9416,4067,34,0,860
9417,3483,55,8,39
9418,4163,145,34,24
9419,2541,129,60,49
9420,1986,103,29,54
9421,150,111,47,4
9422,4050,92,0,0
9423,630,208,46,56
9424,459,66,13,56
9425,21,23,22,54
9426,2894,2,0,48
9427,4366,54,23,42
9428,5633,139,20,41
9429,2403,202,11,21
9430,564,71,58,58
9431,1764,114,60,33
9432,3697,100,1,6
9433,1624,48,49,22
9434,4676,131,7,44
9435,2909,179,42,48
9436,3000,39,16,43
9437,4860,49,48,43
9438,2133,195,45,11
9439,4766,6,16,47
9440,5532,182,0,4
9441,1981,147,50,20
9442,4589,148,32,5
9443,4170,187,18,15
9444,2290,209,19,56
9445,4066,183,19,52
9446,5319,47,20,37
9447,619,41,60,9
9448,4774,86,9,37
9449,1820,189,46,57
9450,4107,42,6,3
9451,4413,98,35,50
9452,808,175,2,2
9453,1836,87,38,2
9454,1503,188,52,40
9455,3781,6,41,48
9456,693,204,16,32
9457,2288,194,13,50
9458,1502,87,39,20
9459,4572,94,56,58
9460,3636,54,38,54
9461,4001,69,10,40
9462,62,140,,22
9463,5440,101,10,48
9464,4808,157,7,17
9465,1947,216,49,20
9466,4683,210,23,60
9467,2610,105,38,53
9468,1325,4,30,3
9469,5754,125,39,35
9470,4126,154,50,13
9471,3186,57,,52
9472,2827,167,11,30
9473,1646,120,18,45
9474,763,32,34,19
9475,4051,137,-3,54
9476,4706,26,34,54
9477,412,146,1,3
9478,1376,88,51,20
9479,3744,131,9,20
9480,1631,29,13,1
9481,256,60,28,48
9482,5159,89,19,2
9483,2994,164,14,12
9484,2071,200,50,0
9485,786,107,17,50
9486,5612,118,34,46
9487,499,210,45,26
9488,5115,185,14,12
9489,5083,138,24,22
9490,2618,19,1,8
9491,5698,191,4,52
9492,3283,83,16,34
9493,4620,207,49,42
9494,1367,6,50,51
9495,550,91,10,43
9496,244,21,38,51
9497,3952,155,59,32
9498,4622,81,1,54
9499,3819,164,-7,2
9500,1503,36,20,52
9501,362,20,59,28
9502,2729,157,4,29
9503,4477,166,37,2
9504,1458,51,54,36
9505,1811,105,56,1
9506,5254,72,31,1
9507,5952,193,40,1
9508,420,187,22,31
9509,2632,33,30,13
9510,4567,64,4,46
9511,5993,217,20,37
9512,1301,36,58,52
9513,5787,154,34,28
9514,901,111,60,9
9515,5608,66,17,22
9516,4984,106,5,13
9517,1997,67,1,52
9518,2307,156,30,33
9519,999,82,45,2
9520,1138,161,29,40
9521,4614,63,60,38
9522,949,220,36,6
9523,3114,91,17,20
9524,4424,7,,8
9525,5501,81,51,8
9526,4053,158,21,32
9527,3236,16,28,10
9528,4875,49,12,40
9529,5835,57,50,525
9530,3421,198,35,11
9531,110,83,13,50
9532,4180,73,21,50
9533,914,53,16,36
9534,2596,211,52,28
9535,1227,216,54,58
9536,3091,97,5,2
9537,1274,29,7,33
9538,62,196,20,50
9539,5505,33,23,50
9540,540,63,3,56
9541,5157,151,39,25
9542,4989,77,11,50
9543,3338,75,41,39
9544,4026,5,30,1
9545,2768,97,11,4
9546,2708,35,31,57
9547,902,103,36,59
9548,2923,195,31,22
9549,2495,30,42,36
9550,2056,83,16,54
9551,3562,83,19,46
9552,4310,191,53,9
9553,2464,15,41,39
9554,3172,205,27,25
9555,5405,28,55,33
9556,3638,15,54,0
9557,5021,198,48,35
9558,104,4,26,5
9559,1253,9,58,12
9560,3029,111,57,29
9561,2597,48,7,56
9562,3011,159,51,59
9563,2103,188,17,19
9564,2912,8,28,27
9565,2512,117,33,57
9566,799,205,20,50
9567,1976,160,34,37
9568,2971,175,57,42
9569,2519,35,20,59
9570,173,128,47,18
9571,936,42,0,49
9572,3843,191,13,51
9573,91,28,19,20
9574,1983,46,15,8
9575,895,195,18,8
9576,278,68,48,6
9577,1739,184,36,20
9578,2390,50,0,56
9579,5649,131,19,26
9580,4970,7,15,45
9581,5318,69,38,3
9582,1790,60,6,15
9583,3124,190,2,58
9584,5716,122,9,46
9585,5568,116,12,5
9586,5508,196,45,26
9587,3380,176,11,59
9588,3502,92,34,8
9589,215,202,6,45
9590,636,129,3,843
9591,1763,135,28,51
9592,2249,41,25,13
9593,2316,2,46,22
9594,4040,92,23,4
9595,5425,103,39,33
9596,1283,48,38,52
9597,5753,208,35,57
9598,4153,161,0,38
9599,4617,22,29,30
9600,657,148,53,44
9601,3994,119,41,50
9602,4840,87,25,31
9603,5191,144,28,52
9604,1007,40,5,45
9605,5853,189,47,18
9606,2116,80,6,22
9607,2949,116,18,13
9608,3943,86,55,38
9609,2401,137,4,13
9610,4413,202,60,7
9611,116,201,6,11
9612,2999,91,32,17
9613,2596,115,59,12
9614,3200,68,2,51
9615,5718,185,19,54
9616,4678,22,,6
9617,3534,186,23,9
9618,454,187,16,22
9619,2630,72,50,13
9620,1457,148,3,15
9621,1446,109,20,6
9622,4808,66,28,11
9623,1077,104,49,14
9624,267,168,59,2
9625,994,18,13,52
9626,681,174,51,11
9627,1279,113,46,60
9628,810,90,35,16
9629,2844,179,5,5
9630,4435,193,55,30
9631,1485,41,15,7
9632,4156,56,5,60
9633,1778,44,39,30
9634,216,52,18,58
9635,5104,114,54,7
9636,4387,24,17,52
9637,2528,59,60,25
9638,3602,168,17,33
9639,5979,28,35,29
9640,3923,186,35,55
9641,1105,152,30,27
9642,4165,65,41,55
9643,4506,82,7,37
9644,539,125,44,59
9645,2885,176,34,52
9646,4918,39,28,44
9647,1317,169,39,3
9648,435,58,39,54
9649,996,11,8,32
9650,870,26,31,2
9651,2374,183,57,31
9652,5391,206,30,14
9653,4182,13,23,8
9654,5628,119,46,0
9655,4093,62,36,54
9656,461,161,5,26
9657,1021,109,8,37
9658,536,14,53,57
9659,917,149,25,42
9660,3558,126,55,47
9661,544,176,25,24
9662,417,104,17,35
9663,4501,175,52,47
9664,4432,168,18,50
9665,2557,69,42,8
9666,478,70,46,39
9667,4188,104,18,54
9668,4113,109,35,47
9669,873,45,26,21
9670,4043,107,26,60
9671,1945,28,21,23
9672,2211,24,44,29
9673,1744,47,5,5
9674,4415,28,35,26
9675,196,217,25,13
9676,4320,173,21,26
9677,4833,126,58,31
9678,2367,95,41,24
9679,4544,47,27,58
9680,2480,46,52,19
9681,2946,158,11,33
9682,5232,122,-3,58
9683,2861,22,50,13
9684,3901,219,11,20
9685,3302,31,32,11
9686,5137,66,0,45
9687,5958,129,29,16
9688,932,89,40,50
9689,957,206,10,4
9690,3077,33,30,23
9691,1570,62,57,45
9692,272,7,26,6
9693,5285,174,39,50
9694,4536,157,22,59
9695,5691,171,51,30
9696,4421,3,10,55
9697,1893,163,53,22
9698,2614,133,40,16
9699,4895,111,15,51
9700,5456,168,33,19
9701,3690,74,37,4
9702,5004,134,54,7
9703,2649,112,6,12
9704,3511,193,44,3
9705,2547,121,41,20
9706,954,219,40,0
9707,2202,203,8,20
9708,2129,101,23,33
9709,4761,54,12,15
9710,2776,123,5,28
9711,4481,201,45,23
9712,2221,152,39,50
9713,4287,189,55,17
9714,3807,38,30,39
9715,1263,131,1,39
9716,4076,118,47,4
9717,200,220,43,18
9718,2102,14,33,31
9719,821,122,15,27
9720,4301,87,28,47
9721,2217,94,10,58
9722,2396,43,41,2
9723,765,29,,33
9724,1384,199,43,53
9725,2671,65,40,35
9726,2611,35,5,46
9727,670,167,8,7
9728,5684,94,36,56
9729,3463,63,12,15
9730,3875,146,42,34
9731,3587,108,58,37
9732,830,120,29,1
9733,5093,165,3,44
9734,1876,51,29,3
9735,4911,163,15,24
9736,5000,134,51,50
9737,5879,87,58,4
9738,5247,56,26,16
9739,4657,98,45,44
9740,2825,80,45,21
9741,4826,11,50,37
9742,3885,32,11,20
9743,2251,3,18,51
9744,478,130,42,15
9745,222,113,15,21
9746,3444,13,0,47
9747,3770,181,16,3
9748,3861,202,52,27
9749,3130,70,16,53
9750,5660,39,20,50
9751,4724,60,15,16
9752,4128,98,36,20
9753,4478,16,0,8
9754,122,171,39,28
9755,3196,93,12,4
9756,4078,171,23,44
9757,2770,145,26,8
9758,5161,122,16,8
9759,1899,77,60,42
9760,1253,140,44,15
9761,1952,164,55,736
9762,2791,48,25,55
9763,3415,132,23,30
9764,4892,17,24,41
9765,1547,160,16,24
9766,4992,60,15,8
9767,3251,210,5,24
9768,5101,129,17,33
9769,987,118,9,49
9770,2771,31,11,51
9771,2498,133,7,55
9772,1711,46,19,27
9773,5218,97,54,14
9774,883,161,33,0
9775,2875,70,11,2
9776,19,157,40,38
9777,5000,205,40,55
9778,452,181,31,35
9779,2114,148,49,48
9780,54,103,6,56
9781,1482,53,57,32
9782,3736,90,4,7
9783,4584,199,27,21
9784,4843,108,45,35
9785,1996,48,3,8
9786,25,26,31,14
9787,4581,22,20,39
9788,5148,83,48,44
9789,529,37,16,40
9790,2050,3,44,0
9791,2365,2,19,15
9792,828,73,4,7
9793,4332,120,45,59
9794,3436,13,56,60
9795,1902,68,2,23
9796,652,52,2,2
9797,1525,60,36,23
9798,3705,145,7,32
9799,1807,210,7,26
9800,3430,36,38,56
9801,643,179,35,4
9802,2731,79,35,5
9803,1060,167,45,15
9804,1275,171,6,20
9805,1153,56,42,40
9806,2466,208,59,54
9807,4062,79,58,25
9808,4317,123,36,8
9809,702,142,22,22
9810,1884,120,3,13
9811,5821,207,47,37
9812,4911,118,55,53
9813,5288,5,35,31
9814,2375,26,29,32
9815,3861,159,41,50
9816,1767,112,38,14
9817,4874,151,42,21
9818,1517,8,8,3
9819,2593,42,7,3
9820,789,31,53,52
9821,3420,136,40,5
9822,4374,218,59,50
9823,5952,59,15,4
9824,3527,51,43,60
9825,2368,148,8,13
9826,5696,173,44,49
9827,2284,156,12,31
9828,916,12,58,17
9829,3260,48,51,58
9830,2724,215,44,57
9831,862,2,-2,41
9832,3374,71,53,2
9833,209,59,39,44
9834,5386,103,8,7
9835,4554,6,27,625
9836,4127,151,5,6
9837,4199,38,4,38
9838,919,44,0,24
9839,2079,74,4,33
9840,172,18,42,57
9841,3438,188,18,42
9842,150,155,39,23
9843,2705,99,33,52
9844,5304,59,16,14
9845,1827,214,11,38
9846,769,67,37,14
9847,5066,133,41,9
9848,1703,94,45,39
9849,1985,71,57,45
9850,1370,198,53,27
9851,2213,215,28,6
9852,1913,147,6,26
9853,1364,114,43,57
9854,3623,220,47,59
9855,4458,122,44,8
9856,84,60,25,18
9857,331,4,56,44
9858,2909,211,-5,18
9859,5151,172,24,42
9860,3461,94,60,4
9861,3967,191,31,58
9862,1799,41,36,7
9863,1665,163,24,20
9864,3567,75,16,6
9865,1607,2,1,4
9866,3016,158,0,13
9867,1495,66,60,0
9868,4787,43,8,43
9869,2535,52,24,17
9870,3027,99,27,832
9871,365,97,27,36
9872,435,192,18,49
9873,155,101,26,53
9874,2551,105,54,23
9875,3794,25,31,42
9876,5689,60,3,0
9877,4307,129,12,60
9878,4736,169,8,58
9879,2431,85,20,48
9880,339,122,19,53
9881,1405,210,39,43
9882,4464,6,12,45
9883,4756,176,17,526
9884,84,17,0,56
9885,3551,136,57,36
9886,3884,153,3,14
9887,5925,111,53,16
9888,4991,97,19,19
9889,5485,40,53,60
9890,3300,150,26,53
9891,4972,204,10,44
9892,4619,125,37,51
9893,4758,60,53,18
9894,2620,159,27,56
9895,2957,122,8,8
9896,5456,52,46,5
9897,5506,104,2,23
9898,3750,152,18,35
9899,3746,82,33,7
9900,293,20,47,23
9901,3764,93,4,11
9902,3042,126,15,30
9903,5712,139,17,32
9904,5768,15,-4,51
9905,1377,219,33,31
9906,423,114,60,33
9907,3149,183,4,30
9908,1922,205,9,42
9909,1091,96,42,3
9910,854,202,23,46
9911,3706,59,10,11
9912,1510,63,44,8
9913,303,24,29,57
9914,1179,101,39,46
9915,4265,200,13,10
9916,5030,148,52,40
9917,2233,39,13,19
9918,5359,159,41,48
9919,5891,108,5,45
9920,2719,104,44,45
9921,3592,131,22,30
9922,1097,182,59,45
9923,4849,212,18,35
9924,5713,114,5,17
9925,1915,53,41,37
9926,398,160,9,7
9927,3625,11,7,33
9928,1281,125,16,0
9929,1587,30,27,37
9930,3915,205,17,15
9931,4409,136,7,48
9932,5183,115,41,27
9933,3041,22,23,57
9934,793,131,25,60
9935,2791,156,35,8
9936,2481,30,23,5
9937,2016,131,26,5
9938,4999,7,35,22
9939,65,162,50,14
9940,1596,37,22,14
9941,2704,152,38,46
9942,4895,115,11,0
9943,5787,193,44,20
9944,130,1,40,26
9945,2408,218,8,0
9946,1165,218,23,36
9947,2022,159,52,26
9948,388,115,51,57
9949,709,11,24,45
9950,817,191,48,5
9951,5171,208,0,14
9952,1730,171,10,15
9953,2497,58,12,44
9954,2126,82,13,52
9955,2745,103,2,50
9956,3896,181,19,56
9957,1411,21,54,25
9958,4164,43,16,20
9959,3136,48,10,14
9960,5213,125,9,17
9961,4403,210,16,13
9962,5927,189,,46
9963,4822,98,44,3
9964,4771,49,37,55
9965,2867,25,22,735
9966,572,161,55,3
9967,4349,212,4,26
9968,3035,52,44,55
9969,5781,170,34,23
9970,517,199,23,41
9971,5124,219,9,3
9972,1398,143,14,41
9973,2230,39,41,17
9974,2716,3,45,5
9975,1396,184,46,43
9976,120,14,46,51
9977,4319,105,7,60
9978,3661,169,29,50
9979,1735,219,43,11
9980,5807,160,41,25
9981,4957,44,60,33
9982,3551,52,49,33
9983,4609,148,-3,32
9984,5820,108,24,36
9985,1579,213,3,2
9986,3655,104,17,57
9987,2359,159,17,19
9988,4607,46,53,34
9989,4215,50,9,21
9990,1297,97,25,50
9991,4867,17,30,41
9992,3596,41,38,29
9993,922,62,27,39
9994,4563,101,27,1
9995,1058,151,25,14
9996,2914,217,3,7
9997,2254,213,3,18
9998,82,192,43,13
9999,794,123,26,0
10000,5054,125,7,12
10001,3911,123,53,39
10002,3103,77,1,16
10003,251,70,52,59
10004,5410,140,60,54
10005,3312,185,19,31
10006,3430,49,23,44
10007,2197,64,0,44
10008,1218,34,24,38
10009,2658,63,42,20
10010,1624,32,32,30
10011,105,166,41,22
10012,5087,141,52,10
10013,535,194,26,55
10014,3071,159,55,14
10015,1482,71,0,45
10016,4265,215,60,18
10017,5314,128,18,36
10018,1991,68,56,5
10019,1987,217,48,9
10020,1089,131,31,17
10021,211,36,36,7
10022,1727,35,9,30
10023,168,53,37,11
10024,4610,27,59,26
10025,4101,193,2,24
10026,1748,161,32,23
10027,517,36,39,37
10028,3306,180,15,54
10029,5593,8,20,32
10030,69,158,28,25
10031,5397,76,60,24
10032,2589,6,31,30
10033,896,141,52,34
10034,5090,61,55,29
10035,1966,56,22,38
10036,2112,164,2,36
10037,2582,168,57,41
10038,1584,44,41,17
10039,2030,51,54,46
10040,157,101,36,48
10041,2378,78,15,13
10042,5073,6,10,20
10043,4088,192,5,42
10044,3878,140,0,52
10045,3094,65,48,19
10046,5261,105,51,30
10047,5650,97,32,38
10048,4099,92,45,20
10049,3935,197,56,3
10050,846,136,45,13
10051,3240,58,51,55
10052,4070,4,50,44
10053,5955,83,21,19
10054,5823,87,6,21
10055,732,215,17,11
10056,5721,138,26,4
10057,2581,6,38,19
10058,5227,168,35,10
10059,2908,198,32,4
10060,277,22,40,0
10061,5500,32,36,1
10062,5440,78,46,19
10063,5477,139,6,26
10064,2599,130,44,46
10065,5315,192,33,875
10066,3252,180,14,58
10067,828,149,31,50
10068,1560,75,45,17
10069,3411,96,53,35
10070,4048,107,35,8
10071,2591,137,54,16
10072,4087,35,9,3
10073,992,176,5,571
10074,3506,133,19,43
10075,3898,118,56,31
10076,995,150,11,3
10077,3818,103,15,28
10078,2845,214,23,42
10079,5103,220,19,46
10080,5571,176,38,12
10081,3130,114,56,5
10082,1346,208,22,12
10083,1108,156,52,14
10084,4578,102,10,55
10085,5328,21,34,30
10086,1647,169,47,41
10087,3826,88,38,49
10088,5125,117,40,8
10089,810,56,4,49
10090,2680,134,47,24
10091,191,121,4,13
10092,4685,65,30,42
10093,5486,142,21,19
10094,425,114,37,16
10095,2017,158,13,17
10096,1514,56,56,26
10097,3331,178,11,41
10098,2656,13,24,36
10099,5646,40,-5,55
10100,3774,79,0,45
10101,5801,5,14,30
10102,1017,189,26,0
10103,4009,192,2,17
10104,4165,220,28,42
10105,1087,60,30,46
10106,4554,121,45,15
10107,3281,214,55,33
10108,2075,39,39,26
10109,5067,219,37,41
10110,5079,81,18,30
10111,5649,113,51,16
10112,789,109,33,27
10113,5644,72,33,36
10114,975,177,59,59
10115,845,169,-9,27
10116,97,66,18,60
10117,4389,59,55,21
10118,869,1,3,26
10119,3860,9,50,59
10120,5140,111,1,15
10121,5620,68,48,23
10122,259,168,51,44
10123,1551,72,5,23
10124,2264,194,42,9
10125,1159,138,7,15
10126,485,156,18,15
10127,4307,15,7,48
10128,450,139,31,55
10129,1548,117,19,6
10130,1426,186,26,582
10131,3471,162,55,46
10132,2806,176,48,32
10133,4278,146,40,42
10134,1071,194,1,24
10135,2412,138,34,29
10136,5472,8,53,10
10137,1174,90,12,49
10138,2849,204,20,9
10139,2570,49,51,34
10140,4291,16,14,0
10141,2891,27,22,29
10142,3208,213,56,50
10143,2778,183,19,26
10144,1554,153,0,48
10145,2366,78,6,34
10146,306,114,4,53
10147,1700,129,12,53
10148,2825,18,16,27
10149,2381,119,25,23
10150,4398,178,46,47
10151,2645,77,49,45
10152,3352,46,0,27
10153,1895,181,41,58
10154,4181,100,59,31
10155,140,174,11,6
10156,3912,101,50,7
10157,2128,52,8,50
10158,5902,22,30,10
10159,1518,93,23,7
10160,4535,208,58,32
10161,1018,139,11,37
10162,127,157,5,0
10163,460,44,24,15
10164,4775,175,2,0
10165,837,155,37,1
10166,1909,146,60,17
10167,4562,64,19,0
10168,4922,10,-8,43
10169,538,137,59,52
10170,4874,125,3,12
10171,451,174,23,34
10172,5159,129,47,10
10173,1405,65,16,58
10174,4830,73,40,53
10175,5025,162,48,57
10176,2380,47,9,20
10177,4863,187,-3,14
10178,855,71,20,13
10179,1614,62,10,5
10180,299,18,54,37
10181,3146,163,32,49
10182,3255,120,11,15
10183,823,17,38,55
10184,3364,26,18,31
10185,3180,36,37,28
10186,1227,64,22,21
10187,1716,19,59,34
10188,5250,184,40,16
10189,2523,181,50,24
10190,2449,132,33,12
10191,1633,73,31,6
10192,3528,142,,33
10193,3868,118,5,3
10194,3539,153,25,23
10195,3241,93,,1
10196,1617,95,25,46
10197,683,77,48,2
10198,901,216,16,54
10199,5821,6,20,19
10200,704,49,28,6
10201,5813,67,57,58
10202,5157,126,44,37
10203,1258,157,6,3
10204,4480,11,28,28
10205,3044,172,32,60
10206,2651,157,51,40
10207,5558,158,11,32
10208,5538,39,7,49
10209,3553,214,37,53
10210,476,59,34,55
10211,4023,213,33,27
10212,2249,109,50,5
10213,976,85,,41
10214,4360,106,-6,21
10215,281,210,56,46
10216,108,168,31,34
10217,561,217,6,44
10218,2090,6,43,29
10219,167,60,19,42
10220,280,130,8,25
10221,3960,77,43,26
10222,3074,39,8,42
10223,355,165,28,16
10224,1376,24,36,35
10225,1991,190,34,47
10226,5632,82,-7,14
10227,4154,201,16,36
10228,3617,17,37,37
10229,3960,84,7,6
10230,2070,76,54,598
10231,2339,46,34,52
10232,5178,104,28,12
10233,928,188,,49
10234,3811,99,24,0
10235,1494,113,39,5
10236,3396,20,22,817
10237,4205,169,23,25
10238,680,2,14,37
10239,2444,144,,3
10240,1568,80,40,21
10241,4704,49,7,40
10242,5909,34,9,5
10243,4773,129,6,5
10244,3907,199,48,36
10245,1626,100,53,43
10246,4279,168,38,21
10247,3626,156,,34
10248,1970,159,57,24
10249,1095,67,33,4
10250,5215,217,60,11
10251,851,56,4,5
10252,4220,209,,20
10253,2389,205,13,17
10254,767,188,7,10
10255,4476,188,11,34
10256,1380,151,6,16
10257,3836,12,41,42
10258,2314,64,13,11
10259,2628,151,44,22
10260,2404,50,9,58
10261,2393,182,13,47
10262,1425,16,29,32
10263,5250,29,52,1
10264,244,215,35,37
10265,5425,153,45,17
10266,432,191,34,44
10267,3321,161,29,10
10268,1753,103,37,15
10269,359,119,13,32
10270,2600,208,13,18
10271,2961,109,30,56
10272,2339,19,22,18
10273,50,158,19,26
10274,2269,95,20,26
10275,4004,143,48,2
10276,3969,25,45,20
10277,72,2,25,12
10278,4851,108,51,6
10279,5288,151,60,36
10280,1220,176,58,50
10281,3173,29,34,49
10282,3598,152,29,28
10283,2354,34,12,29
10284,4111,81,2,28
10285,5786,8,41,40
10286,3775,96,22,10
10287,78,200,15,53
10288,5694,81,-3,56
10289,1865,43,36,0
10290,848,193,7,45
10291,2183,158,15,17
10292,2906,176,32,58
10293,1238,36,5,55
10294,687,193,23,4
10295,4520,139,-10,52
10296,4442,145,,59
10297,3336,206,23,38
10298,1856,88,25,53
10299,2215,15,1,35
10300,2469,173,22,8
10301,4517,101,0,25
10302,1280,207,5,30
10303,2148,126,46,1
10304,2061,154,42,46
10305,1138,76,38,59
10306,5413,156,41,34
10307,3269,59,36,7
10308,388,115,25,36
10309,5677,108,20,43
10310,217,192,57,4
10311,5084,90,3,48
10312,2006,194,55,21
10313,5200,212,45,27
10314,5168,86,14,1
10315,2572,100,29,49
10316,2825,166,37,32
10317,5584,17,35,60
10318,3307,63,53,8
10319,5898,54,-9,20
10320,5372,91,5,55
10321,3807,67,57,32
10322,5830,26,24,9
10323,5116,136,23,11
10324,203,87,27,42
10325,2733,178,36,36
10326,1586,38,56,41
10327,3785,197,17,25
10328,3230,53,40,33
10329,3350,154,2,10
10330,3636,164,25,5
10331,5094,113,45,26
10332,768,57,32,36
10333,955,6,8,755
10334,5864,80,2,11
10335,4829,150,14,53
10336,5281,186,1,2
10337,2041,17,39,1
10338,3742,143,57,54
10339,2596,135,17,55
10340,155,132,59,40
10341,1034,207,3,29
10342,4285,100,3,11
10343,3333,60,30,53
10344,761,23,53,44
10345,3179,151,3,43
10346,1220,219,28,15
10347,4100,95,23,53
10348,3783,151,56,30
10349,2085,192,54,0
10350,1351,193,52,11
10351,707,154,33,8
10352,3348,201,-6,53
10353,3917,112,32,10
10354,5071,154,49,27
10355,4287,46,52,55
10356,560,179,59,39
10357,5971,210,25,32
10358,2156,44,33,34
10359,5587,153,10,20
10360,4301,102,56,28
10361,5682,76,7,57
10362,2365,32,40,23
10363,3893,112,10,25
10364,3792,215,11,51
10365,4639,36,23,31
10366,2852,86,54,21
10367,2157,111,58,23
10368,4142,59,4,17
10369,465,153,59,38
10370,1875,41,6,34
10371,1942,28,55,41
10372,5624,64,2,20
10373,5913,98,49,50
10374,4456,54,52,14
10375,4602,12,27,31
10376,850,127,18,11
10377,675,132,54,42
10378,3820,191,21,42
10379,5474,122,6,53
10380,3704,168,23,55
10381,2460,220,,43
10382,3743,180,22,33
10383,2020,168,49,56
10384,1885,71,59,30
10385,5446,149,23,52
10386,398,77,19,55
10387,2933,162,3,0
10388,3516,10,12,0
10389,5375,183,38,33
10390,3084,60,53,17
10391,677,83,46,27
10392,4184,122,38,51
10393,254,161,16,35
10394,2033,139,45,16
10395,3890,5,28,33
10396,1876,169,,52
10397,717,72,4,7
10398,3175,162,3,27
10399,3183,136,10,59
10400,663,122,39,28
10401,2240,214,59,41
10402,166,199,60,21
10403,2445,44,0,531
10404,4367,10,56,0
10405,514,136,41,9
10406,33,177,25,11
10407,966,32,-7,38
10408,4392,143,-10,56
10409,329,150,3,51
10410,2015,39,60,26
10411,3389,58,45,17
10412,2529,87,2,40
10413,273,181,30,37
10414,1207,165,22,54
10415,1031,4,10,4
10416,5119,165,53,20
10417,213,121,52,26
10418,5578,64,21,36
10419,2993,108,59,7
10420,4176,201,54,52
10421,3849,11,7,50
10422,3936,79,19,5
10423,3471,39,7,18
10424,5954,145,32,19
10425,4237,211,44,40
10426,2206,123,41,5
10427,5299,147,44,14
10428,5970,26,31,43
10429,4532,44,43,53
10430,4382,217,49,4
10431,2116,172,7,60
10432,5396,8,58,5
10433,2747,117,0,0
10434,134,25,31,12
10435,3751,86,37,60
10436,5217,44,33,40
10437,637,59,7,48
10438,4226,54,39,21
10439,294,24,26,1
10440,708,170,39,39
10441,5927,95,52,36
10442,1388,89,44,15
10443,1125,93,-5,28
10444,1273,8,53,45
10445,5109,213,37,37
10446,5337,169,-1,17
10447,5989,150,37,20
10448,1276,168,42,33
10449,945,166,21,51
10450,4745,198,41,44
10451,1549,3,32,15
10452,5695,123,30,8
10453,2777,30,34,58
10454,1585,144,40,37
10455,2473,210,37,5
10456,1462,206,24,14
10457,3421,74,37,14
10458,2114,152,39,41
10459,3666,87,55,20
10460,1562,137,34,55
10461,1976,166,46,561
10462,3653,9,49,32
10463,4640,83,57,58
10464,2501,55,33,9
10465,4333,39,35,10
10466,4756,133,59,28
10467,361,120,36,35
10468,372,215,22,7
10469,893,79,27,37
10470,4762,213,39,14
10471,5137,129,24,47
10472,2172,92,32,31
10473,3151,202,15,41
10474,4302,85,47,45
10475,5294,204,37,34
10476,5241,67,53,23
10477,4327,185,29,14
10478,3348,140,33,1
10479,5675,118,19,20
10480,2731,46,18,29
10481,4319,190,28,47
10482,153,168,2,1
10483,10,14,15,21
10484,5399,122,20,6
10485,1416,136,25,14
10486,5116,79,51,53
10487,5713,130,57,15
10488,307,184,43,2
10489,4979,130,19,46
10490,3023,166,22,46
10491,4130,19,18,48
10492,825,120,55,47
10493,3847,8,5,35
10494,1718,132,35,31
10495,1026,30,31,43
10496,4435,63,25,0
10497,3113,109,54,34
10498,2240,200,16,34
10499,2358,157,15,5
10500,1620,35,8,1
10501,1440,72,45,582
10502,3740,73,13,21
10503,5560,94,24,36
10504,1045,129,31,47
10505,2176,180,15,57
10506,2373,36,55,3
10507,2710,5,,18
10508,4779,213,,22
10509,5167,54,45,54
10510,2336,90,3,12
10511,3702,208,-3,23
10512,5343,99,58,49
10513,2810,179,58,43
10514,5296,42,27,4
10515,686,94,54,16
10516,4458,167,8,56
10517,5630,130,,2
10518,556,56,27,48
10519,1771,155,37,36
10520,1707,40,59,13
10521,4136,183,28,53
10522,5552,165,18,21
10523,1316,38,29,26
10524,5403,1,55,53
10525,4377,108,27,0
10526,5720,104,18,18
10527,1041,196,0,58
10528,4045,126,6,14
10529,3037,173,36,39
10530,1923,64,5,11
10531,4780,129,20,7
10532,3522,189,-5,55
10533,1044,52,4,56
10534,1350,97,58,8
10535,3687,70,32,38
10536,2301,102,25,45
10537,3166,184,20,731
10538,2567,169,4,36
10539,2085,33,21,17
10540,5193,82,42,0
10541,2986,190,48,4
10542,2510,204,36,58
10543,5662,213,53,23
10544,70,176,18,27
10545,3039,56,16,53
10546,2461,168,9,9
10547,4601,6,41,14
10548,3451,1,10,36
10549,5747,192,57,18
10550,200,209,20,29
10551,5667,211,55,40
10552,5483,211,12,59
10553,2824,42,2,6
10554,4960,117,25,55
10555,425,176,56,38
10556,3547,52,2,10
10557,3463,109,55,46
10558,5323,89,15,23
10559,5398,143,4,35
10560,4744,212,35,22
10561,3808,159,57,6
10562,1297,21,16,33
10563,4390,43,40,15
10564,2928,89,7,42
10565,239,199,42,56
10566,2068,104,27,28
10567,4148,209,-9,60
10568,5440,2,33,5
10569,3969,198,8,54
10570,2275,111,0,2
10571,999,23,23,27
10572,3404,61,60,40
10573,534,7,46,58
10574,2192,140,23,21
10575,4976,166,56,12
10576,5618,202,56,56
10577,4242,26,56,9
10578,853,204,18,31
10579,4773,102,17,35
10580,714,213,21,39
10581,935,77,20,10
10582,3630,168,51,6
10583,1662,190,0,17
10584,807,197,56,4
10585,3648,83,0,58
10586,597,163,0,46
10587,860,124,14,21
10588,5445,159,39,31
10589,3919,123,28,10
10590,3513,98,18,3
10591,647,207,24,11
10592,2804,51,16,23
10593,5014,193,30,8
10594,5539,8,32,53
10595,1594,127,9,20
10596,3515,28,25,46
10597,4605,52,54,31
10598,143,28,19,35
10599,5518,12,58,10
10600,5589,62,25,55
10601,3321,91,44,30
10602,5157,201,2,23
10603,4085,45,12,43
10604,2826,80,58,12
10605,2506,121,30,35
10606,459,31,20,11
10607,5382,3,31,18
10608,4638,183,39,13
10609,4277,49,36,31
10610,2177,115,38,7
10611,5830,176,25,57
10612,2645,147,41,5
10613,2121,91,1,54
10614,1465,182,12,7
10615,5198,131,41,56
10616,924,196,16,52
10617,2167,33,57,43
10618,4623,27,23,50
10619,2625,77,21,57
10620,1234,206,30,60
10621,5752,48,1,16
10622,4159,207,37,12
10623,2186,43,17,7
10624,2624,5,18,33
10625,483,3,24,1
10626,108,220,33,45
10627,3267,33,17,1
10628,1045,144,13,60
10629,5184,14,1,43
10630,3841,56,14,33
10631,4573,154,53,11
10632,4047,7,52,9
10633,3279,174,31,10
10634,1376,91,31,57
10635,2949,116,31,14
10636,3934,85,15,50
10637,4988,114,34,49
10638,4871,11,14,25
10639,4313,72,15,39
10640,4389,43,10,51
10641,5366,49,13,26
10642,4804,87,28,6
10643,1701,3,3,44
10644,5153,95,24,19
10645,2635,142,38,25
10646,5625,125,54,19
10647,5379,210,34,29
10648,5275,138,47,13
10649,5598,50,48,6
10650,5367,63,-3,39
10651,711,84,45,31
10652,5220,40,60,0
10653,1713,180,26,58
10654,5898,97,44,11
10655,3844,151,18,30
10656,713,17,54,0
10657,1055,16,55,18
10658,916,105,6,4
10659,3515,45,35,35
10660,3026,123,50,41
10661,3053,140,47,56
10662,3339,121,6,36
10663,1307,165,27,41
10664,5768,3,10,42
10665,3448,158,33,2
10666,1136,165,43,28
10667,1714,145,47,46
10668,3329,112,24,11
10669,4730,18,13,29
10670,551,215,10,34
10671,5898,151,59,43
10672,3621,89,42,51
10673,1749,193,21,2
10674,1433,34,-5,55
10675,4046,169,43,44
10676,181,25,37,8
10677,5511,8,54,28
10678,4178,136,11,17
10679,4484,55,41,52
10680,3435,120,9,1
10681,5591,17,51,41
10682,896,70,45,30
10683,2267,190,59,8
10684,1419,13,33,36
10685,4405,176,0,553
10686,2956,204,58,4
10687,2323,170,34,50
10688,3357,34,8,1
10689,4395,108,30,15
10690,2251,62,40,34
10691,523,197,23,10
10692,4822,134,49,11
10693,506,35,54,36
10694,575,101,45,48
10695,865,93,4,29
10696,3613,194,48,10
10697,2306,54,43,27
10698,3430,73,28,39
10699,5385,75,40,27
10700,5342,2,13,15
10701,2182,99,32,49
10702,5759,214,6,20
10703,3672,204,25,701
10704,276,64,2,29
10705,2964,178,32,21
10706,5452,201,12,53
10707,5705,160,41,26
10708,1084,210,52,11
10709,1006,156,16,46
10710,5668,125,57,24
10711,2090,56,55,15
10712,4078,18,11,15
10713,305,112,7,38
10714,3645,184,54,42
10715,5288,16,25,7
10716,3901,137,46,3
10717,5249,21,35,29
10718,542,106,56,24
10719,4671,52,17,41
10720,2702,219,58,21
10721,5547,43,16,8
10722,2243,34,2,59
10723,3628,210,59,48
10724,2422,46,40,29
10725,3755,172,4,12
10726,2809,103,51,19
10727,3429,212,28,47
10728,2160,212,14,26
10729,4361,148,56,14
10730,684,119,20,57
10731,92,129,32,40
10732,5650,4,3,55
10733,883,136,35,59
10734,909,101,2,10
10735,2047,61,16,18
10736,938,1,10,614
10737,4611,35,4,793
10738,1144,39,58,33
10739,5010,49,29,0
10740,4891,188,39,55
10741,1427,108,15,15
10742,1604,57,,57
10743,100,40,51,13
10744,5696,83,10,7
10745,69,11,24,53
10746,2217,25,30,19
10747,3319,12,1,25
10748,4850,176,32,32
10749,2054,117,44,27
10750,5212,44,37,0
10751,1433,119,25,37
10752,4763,6,52,50
10753,2583,12,43,35
10754,5212,44,49,49
10755,5092,34,29,35
10756,5573,159,31,10
10757,2715,55,36,33
10758,4013,75,20,14
10759,429,20,47,11
10760,2185,193,39,2
10761,4394,89,26,18
10762,5311,3,26,50
10763,5102,59,7,9
10764,4248,62,48,49
10765,1449,116,38,3
10766,2592,198,53,49
10767,3697,61,16,42
10768,2694,70,7,13
10769,1112,60,27,24
10770,590,107,11,53
10771,1830,9,60,42
10772,5516,142,4,38
10773,1781,176,47,12
10774,5211,68,39,19
10775,124,65,22,49
10776,1193,168,3,22
10777,5593,126,12,33
10778,4183,157,60,0
10779,3102,186,7,15
10780,5678,141,49,30
10781,1872,169,50,42
10782,2771,75,45,587
10783,1127,3,45,10
10784,3558,198,29,35
10785,3429,150,23,6
10786,15,217,20,581
10787,3957,49,40,1
10788,1905,133,54,11
10789,481,14,0,800
10790,98,216,5,7
10791,402,13,36,60
10792,4581,44,7,49
10793,31,51,54,34
10794,4341,124,32,6
10795,2379,27,29,32
10796,1316,109,23,18
10797,644,207,57,25
10798,2305,36,38,22
10799,3004,95,58,14
10800,405,147,30,60
10801,2600,170,19,10
10802,1434,182,,55
10803,4498,170,12,60
10804,4262,59,30,4
10805,4343,124,21,19
10806,4998,104,13,11
10807,1234,75,59,58
10808,476,80,31,11
10809,4184,69,9,11
10810,5038,6,0,6
10811,1834,201,6,2
10812,3555,165,3,38
10813,212,189,27,29
10814,2085,185,15,0
10815,896,158,13,59
10816,4125,181,51,0
10817,1434,53,14,49
10818,2323,20,22,7
10819,1008,193,15,59
10820,1450,176,34,40
10821,2968,22,42,17
10822,1975,146,47,56
10823,2670,58,29,37
10824,5867,163,37,36
10825,2832,169,57,21
10826,1225,142,45,30
10827,2476,166,53,6
10828,839,109,8,46
10829,3178,30,51,45
10830,3227,37,16,14
10831,5436,31,36,5
10832,5494,161,12,44
10833,2619,145,14,9
10834,2504,69,46,59
10835,2745,187,20,17
10836,3161,61,43,8
10837,1493,114,1,0
10838,3201,199,52,54
10839,1139,110,35,53
10840,352,143,59,49
10841,2435,121,26,2
10842,4038,154,32,53
10843,4318,145,24,43
10844,4265,106,31,60
10845,1898,51,52,45
10846,4527,191,38,57
10847,2809,210,50,49
10848,4556,132,3,19
10849,3264,178,10,22
10850,5931,83,56,626
10851,5767,29,50,20
10852,2746,206,13,4
10853,1594,19,13,22
10854,547,78,46,32
10855,3963,87,4,28
10856,522,156,52,11
10857,5163,106,8,5
10858,3667,199,44,57
10859,2446,94,28,11
10860,3011,78,11,20
10861,5391,109,-2,25
10862,4671,176,59,59
10863,3286,178,6,7
10864,4411,30,52,1
10865,5463,87,58,10
10866,5238,216,34,60
10867,965,166,54,48
10868,2703,11,59,33
10869,910,24,3,55
10870,4406,5,55,53
10871,3287,176,7,22
10872,767,16,20,29
10873,498,64,40,29
10874,909,23,58,48
10875,5237,35,58,60
10876,632,12,3,12
10877,3158,111,-4,60
10878,1245,143,44,47
10879,4292,143,4,48
10880,2236,183,57,42
10881,504,101,36,40
10882,2656,167,45,37
10883,882,85,11,48
10884,1478,122,44,20
10885,4980,8,6,24
10886,854,87,12,57
10887,3206,66,17,49
10888,541,98,-1,14
10889,2033,2,1,19
10890,5319,44,55,2
10891,1302,52,20,0
10892,5069,97,32,34
10893,4197,176,58,35
10894,1887,18,5,18
10895,1623,177,32,26
10896,4439,66,58,52
10897,540,169,49,59
10898,4877,203,4,30
10899,3131,38,55,9
10900,4094,139,37,19
10901,3381,188,0,12
10902,58,194,46,57
10903,4675,6,10,39
10904,2740,80,8,22
10905,5737,40,32,15
10906,5721,143,6,7
10907,272,86,37,31
10908,703,48,43,16
10909,1244,180,57,12
10910,5727,37,20,26
10911,1469,179,10,38
10912,848,43,15,46
10913,4900,185,20,52
10914,2509,1,39,12
10915,3088,184,32,40
10916,3415,147,6,17
10917,1761,8,25,50
10918,3249,176,-1,12
10919,5935,163,38,2
10920,5522,124,20,41
10921,3681,99,56,5
10922,1492,143,8,14
10923,2242,217,17,15
10924,5689,65,30,5
10925,3976,35,-2,51
10926,1582,155,22,18
10927,2382,146,55,7
10928,962,165,46,5
10929,4326,66,9,20
10930,3371,165,5,38
10931,1420,62,49,8
10932,4366,108,9,23
10933,1579,120,30,9
10934,5474,154,0,22
10935,4921,3,55,32
10936,4239,53,6,0
10937,2179,80,26,38
10938,471,116,18,59
10939,4113,215,41,44
10940,4962,218,60,30
10941,5292,104,32,4
10942,3840,132,32,33
10943,3,193,4,41
10944,3322,160,36,22
10945,4981,14,54,52
10946,4968,194,19,19
10947,3034,45,57,1
10948,307,109,47,21
10949,837,203,9,35
10950,5887,54,13,42
10951,4145,6,41,59
10952,158,19,12,27
10953,2528,210,36,18
10954,5862,201,55,51
10955,984,71,11,21
10956,5674,210,47,34
10957,813,144,50,37
10958,2411,82,29,50
10959,1468,44,36,27
10960,4602,180,55,19
10961,5221,5,30,43
10962,3850,110,52,38
10963,5533,151,44,37
10964,462,91,14,2
10965,1821,198,53,5
10966,4999,120,,54
10967,2025,204,41,53
10968,5087,13,30,0
10969,5115,114,59,18
10970,2003,62,36,60
10971,2676,30,49,1
10972,60,216,37,12
10973,734,134,26,44
10974,1969,171,37,33
10975,4714,17,55,16
10976,5071,63,55,25
10977,5901,183,24,14
10978,5552,141,,3
10979,964,129,44,0
10980,1920,161,10,49
10981,4844,198,40,22
10982,5265,17,39,31
10983,2275,216,33,849
10984,723,117,48,46
10985,2378,94,-6,50
10986,5823,102,32,42
10987,218,76,49,31
10988,5716,147,3,49
10989,710,208,40,12
10990,5692,137,23,36
10991,4432,118,59,4
10992,741,64,39,11
10993,3997,15,47,20
10994,2406,100,24,37
10995,2118,172,30,37
10996,5483,145,12,56
10997,1136,101,38,17
10998,1852,171,15,46
10999,1055,151,42,22
11000,2284,162,3,40
11001,2864,192,18,21
11002,2533,35,56,6
11003,5925,62,52,5
11004,3429,192,26,22
11005,4863,151,49,58
11006,2085,7,12,25
11007,5981,67,2,8
11008,739,111,32,31
11009,4575,164,13,13
11010,1295,32,1,1
11011,4422,87,32,39
11012,1062,145,7,53
11013,824,83,42,11
11014,4335,195,12,26
11015,1752,181,1,34
11016,5189,119,9,45
11017,3943,111,5,8
11018,412,80,16,4
11019,4444,176,8,54
11020,491,205,30,9
11021,4874,146,39,40
11022,4683,178,39,17
11023,5157,15,50,58
11024,5844,133,39,52
11025,1428,99,27,11
11026,4720,59,48,48
11027,5293,98,,16
11028,5363,107,23,26
11029,318,8,50,10
11030,1466,150,21,48
11031,4021,7,14,19
11032,1572,89,47,23
11033,963,122,24,3
11034,5648,134,31,25
11035,4990,63,56,26
11036,5000,32,59,38
11037,363,151,54,33
11038,5723,63,59,18
11039,3832,66,6,22
11040,3517,51,40,51
11041,5572,77,59,45
11042,297,23,11,591
11043,4749,17,19,12
11044,2118,38,49,3
11045,2119,129,3,4
11046,4929,118,10,3
11047,2576,35,10,29
11048,4954,36,47,26
11049,152,119,23,2
11050,4675,100,29,0
11051,1690,134,33,60
11052,4320,3,27,36
11053,1930,199,53,12
11054,4154,124,32,43
11055,5952,159,43,5
11056,3624,39,12,60
11057,2770,47,35,47
11058,2915,220,6,12
11059,4962,44,32,31
11060,5774,7,1,11
11061,4737,201,30,54
11062,132,69,14,4
11063,2908,201,49,44
11064,3339,53,33,32
11065,4135,194,15,11
11066,4994,114,43,50
11067,333,95,29,20
11068,5032,140,51,4
11069,4380,4,39,35
11070,3576,210,-9,56
11071,4667,141,56,41
11072,4940,28,45,7
11073,913,77,30,6
11074,4521,174,18,2
11075,740,87,52,40
11076,5620,197,58,12
11077,2787,157,60,27
11078,450,16,56,55
11079,2690,81,13,1
11080,1101,187,31,28
11081,4528,108,37,33
11082,1632,16,7,28
11083,1447,104,3,39
11084,3705,160,9,56
11085,3931,174,19,23
11086,4914,96,48,41
11087,3414,141,10,25
11088,5635,15,45,25
11089,4593,211,49,1
11090,3684,158,40,23
11091,5512,187,,13
11092,1840,88,3,1
11093,3638,99,25,765
11094,2568,84,3,13
11095,2296,174,28,49
11096,54,108,33,41
11097,5086,127,12,49
11098,3835,64,27,28
11099,1221,64,,5
11100,5515,31,45,1
11101,2895,214,60,36
11102,5428,27,15,1
11103,83,216,31,778
11104,638,97,12,18
11105,679,6,48,895
11106,3789,196,10,60
11107,2708,166,28,50
11108,1413,111,5,54
11109,4355,183,19,49
11110,3171,29,44,10
11111,1558,90,35,22
11112,5383,38,18,12
11113,1253,37,33,58
11114,4175,85,28,24
11115,1381,170,55,13
11116,1943,148,5,26
11117,2048,191,-5,51
11118,4369,170,46,60
11119,2814,82,50,48
11120,3203,132,60,28
11121,5141,14,,34
11122,5702,213,13,22
11123,3929,201,9,50
11124,5141,154,,9
11125,2830,79,5,15
11126,1410,140,11,39
11127,3593,22,25,59
11128,906,161,25,39
11129,5268,141,59,3
11130,3364,134,16,4
11131,625,207,55,584
11132,5155,14,55,54
11133,517,44,9,55
11134,1121,91,34,56
11135,4024,197,9,15
11136,2552,132,55,56
11137,4678,178,56,14
11138,3349,147,-3,32
11139,1368,87,2,36
11140,3061,170,58,46
11141,5404,144,49,5
11142,5707,69,11,51
11143,2494,202,5,20
11144,187,146,38,23
11145,1004,16,48,17
11146,40,88,39,34
11147,1344,104,7,652
11148,2380,187,58,31
11149,3380,172,44,51
11150,5759,209,18,36
11151,1636,76,0,22
11152,1893,209,49,49
11153,4100,26,53,38
11154,5551,197,58,42
11155,2578,208,16,44
11156,1377,57,20,23
11157,4932,120,8,37
11158,2991,1,22,52
11159,1205,72,-8,6
11160,5265,23,-10,19
11161,4621,44,11,39
11162,5509,50,18,26
11163,4889,116,10,23
11164,2414,142,14,22
11165,3038,184,38,37
11166,1532,111,13,19
11167,3070,208,57,52
11168,65,13,9,15
11169,250,156,46,41
11170,1299,153,58,24
11171,4413,41,34,25
11172,4693,130,8,56
11173,5111,7,17,2
11174,436,146,40,19
11175,1794,205,-3,7
11176,1914,184,59,48
11177,868,201,,12
11178,904,204,4,15
11179,1983,64,38,34
11180,4218,77,37,26
11181,4347,104,30,12
11182,2260,189,32,7
11183,5610,62,57,36
11184,707,47,10,57
11185,4914,4,16,12
11186,5388,103,2,58
11187,4679,15,17,48
11188,5748,78,44,46
11189,5935,193,57,42
11190,5051,67,19,8
11191,5863,20,0,26
11192,5042,157,40,2
11193,1711,163,55,2
11194,3358,199,56,50
11195,2773,25,40,35
11196,271,66,1,43
11197,2270,110,16,48
11198,3283,59,34,36
11199,1242,37,33,533
11200,2522,187,16,47
11201,3976,147,2,44
11202,5392,87,40,31
11203,1797,84,32,3
11204,2206,29,27,15
11205,4934,184,10,57
11206,2927,10,48,0
11207,5525,145,53,10
11208,1554,157,41,1
11209,122,84,58,1
11210,5815,124,45,45
11211,4126,161,60,48
11212,3651,158,53,48
11213,4653,15,12,43
11214,268,62,56,37
11215,2930,200,41,42
11216,4186,27,49,13
11217,5655,26,53,8
11218,189,157,37,45
11219,4823,83,56,29
11220,536,53,16,7
11221,4882,7,27,7
11222,4648,26,53,45
11223,2728,55,,4
11224,4091,8,29,25
11225,3094,124,0,11
11226,4333,160,7,54
11227,861,121,30,15
11228,1296,102,34,41
11229,5271,127,34,48
11230,495,202,22,47
11231,4861,75,4,26
11232,5653,142,51,27
11233,604,129,22,23
11234,2600,107,29,24
11235,4422,113,39,42
11236,2633,190,19,59
11237,664,109,42,47
11238,4884,24,5,58
11239,2364,6,40,58
11240,2491,36,27,53
11241,5097,106,42,60
11242,3532,146,60,57
11243,4230,110,39,50
11244,84,14,29,35
11245,976,103,52,0
11246,1997,127,37,55
11247,3474,70,42,2
11248,4634,211,30,2
11249,1925,79,6,0
11250,827,19,23,22
11251,5224,124,3,4
11252,101,176,42,30
11253,5018,6,32,11
11254,2838,97,0,43
11255,5088,75,58,14
11256,202,31,60,12
11257,1238,203,52,50
11258,1612,146,49,40
11259,2847,70,3,15
11260,671,60,54,12
11261,2134,65,31,10
11262,4523,19,8,50
11263,3195,167,45,52
11264,5247,213,50,44
11265,3030,22,20,42
11266,4646,98,3,43
11267,508,115,45,27
11268,3973,24,9,17
11269,5988,189,25,41
11270,4604,57,16,33
11271,4857,117,21,6
11272,4009,153,,53
11273,2570,216,32,14
11274,5254,150,30,40
11275,432,112,59,14
11276,483,19,28,53
11277,4259,162,9,52
11278,336,158,21,39
11279,4538,63,56,45
11280,1912,46,34,21
11281,5737,97,52,35
11282,2145,82,7,4
11283,5711,20,44,3
11284,3146,89,5,20
11285,1776,132,9,59
11286,1351,107,9,39
11287,3105,196,21,32
11288,2249,185,56,39
11289,3167,217,3,21
11290,273,185,58,19
11291,1160,82,9,24
11292,3824,175,38,4
11293,4143,129,23,5
11294,3287,148,18,652
11295,4217,120,56,4
11296,1128,153,39,5
11297,4373,2,57,49
11298,3214,108,6,59
11299,2929,181,-7,47
11300,864,134,28,541
11301,1761,106,20,4
11302,69,17,26,12
11303,3227,155,6,15
11304,5289,115,11,54
11305,2720,152,35,52
11306,4454,70,11,51
11307,1407,34,32,57
11308,4339,82,13,49
11309,2060,210,6,16
11310,776,164,58,51
11311,1464,102,56,55
11312,1905,103,12,57
11313,874,91,,5
11314,5816,68,41,514
11315,2385,83,14,518
11316,1399,83,39,2
11317,3048,76,44,50
11318,4893,23,29,6
11319,2826,145,20,4
11320,4158,72,26,52
11321,846,122,9,32
11322,701,37,28,7
11323,4928,39,31,10
11324,704,155,52,34
11325,4410,216,12,52
11326,1730,15,27,23
11327,5377,159,59,51
11328,3253,18,15,22
11329,5788,36,0,44
11330,1058,216,28,39
11331,5397,126,29,60
11332,278,23,52,11
11333,4515,89,49,46
11334,2805,177,4,28
11335,4839,70,34,35
11336,4509,64,14,45
11337,753,145,32,36
11338,2015,93,19,2
11339,5551,83,41,25
11340,172,190,56,674
11341,3248,79,57,13
11342,4974,3,3,32
11343,2760,3,51,36
11344,4092,176,11,31
11345,26,196,49,27
11346,5458,106,10,9
11347,1446,197,-4,21
11348,4170,101,20,55
11349,1060,51,20,35
11350,5670,68,9,3
11351,765,135,17,18
11352,3534,183,48,10
11353,363,69,54,52
11354,2762,188,31,40
11355,3837,48,28,12
11356,1985,172,54,39
11357,5823,23,6,41
11358,4178,199,49,60
11359,1309,171,37,14
11360,4446,10,29,17
11361,2813,197,41,29
11362,4982,12,14,59
11363,689,169,27,21
11364,1003,211,20,56
11365,5247,218,29,15
11366,3596,97,4,3
11367,1130,203,28,29
11368,4564,184,44,31
11369,5163,85,41,47
11370,4005,61,9,18
11371,3015,170,30,48
11372,292,90,1,56
11373,741,25,38,8
11374,5898,200,23,32
11375,5421,197,13,25
11376,1382,85,49,4
11377,395,164,9,17
11378,2894,168,46,23
11379,1209,97,56,29
11380,3566,146,43,58
11381,2339,78,12,11
11382,1323,142,12,28
11383,609,51,0,11
11384,1721,48,8,655
11385,4484,74,0,639
11386,2911,56,19,18
11387,1516,211,10,31
11388,4952,216,8,32
11389,1258,124,11,17
11390,1618,68,29,28
11391,173,68,55,58
11392,5775,68,18,15
11393,4006,99,58,51
11394,4527,210,9,21
11395,4680,155,19,51
11396,4579,42,47,50
11397,2862,148,24,23
11398,4517,127,27,49
11399,5173,192,60,48
11400,4735,65,6,15
11401,26,130,51,48
11402,3594,24,3,27
11403,2751,197,38,41
11404,4619,55,48,6
11405,5501,218,16,47
11406,2266,214,48,56
11407,2355,149,20,54
11408,5739,99,42,42
11409,3293,179,26,0
11410,230,127,27,41
11411,4304,81,5,57
11412,489,149,26,7
11413,1154,118,46,14
11414,4275,215,21,52
11415,4908,197,42,19
11416,2446,20,49,35
11417,2444,43,27,20
11418,4762,164,20,14
11419,330,95,30,56
11420,2227,159,18,5
11421,3782,79,17,38
11422,5457,4,11,9
11423,4886,85,4,47
11424,3055,170,35,38
11425,3081,132,5,4
11426,2585,91,0,53
11427,4277,156,7,19
11428,4295,113,27,38
11429,3041,120,17,35
11430,245,16,19,46
11431,3489,198,36,2
11432,109,183,9,24
11433,5968,132,9,10
11434,128,188,50,38
11435,1946,80,8,49
11436,2204,155,28,32
11437,2630,44,10,32
11438,3037,87,4,20
11439,5221,77,39,39
11440,4010,36,37,38
11441,5951,177,53,58
11442,283,70,13,2
11443,471,74,8,53
11444,1888,192,55,31
11445,4914,164,48,47
11446,1500,147,60,32
11447,5144,133,58,23
11448,2800,118,26,1
11449,5393,219,50,20
11450,4882,196,57,36
11451,5827,51,47,39
11452,4661,173,5,34
11453,5123,167,42,6
11454,335,89,17,32
11455,2059,106,46,22
11456,4756,21,44,53
11457,1599,93,33,3
11458,1617,13,28,24
11459,1121,174,52,0
11460,2057,35,25,1
11461,2282,71,8,45
11462,3962,184,14,48
11463,2307,158,24,9
11464,2148,64,45,51
11465,4585,212,46,19
11466,279,114,1,4
11467,5738,78,8,51
11468,2657,186,20,656
11469,5705,190,1,23
11470,5805,29,3,52
11471,3535,34,2,32
11472,270,40,0,7
11473,420,66,5,9
11474,4178,130,58,26
11475,2392,153,-3,25
11476,2567,12,39,10
11477,256,32,6,39
11478,2664,87,10,25
11479,1145,133,49,44
11480,330,33,45,24
11481,1059,96,36,8
11482,4756,126,56,25
11483,2059,12,11,28
11484,5664,55,49,0
11485,91,13,32,42
11486,4778,214,22,9
11487,2138,10,55,0
11488,1731,94,42,57
11489,919,198,42,46
11490,5271,200,56,39
11491,2591,127,24,60
11492,4622,77,28,32
11493,3719,159,9,24
11494,5466,187,37,40
11495,3320,167,49,44
11496,3364,178,42,16
11497,3220,172,40,13
11498,3526,58,42,45
11499,4202,139,8,38
11500,4125,211,41,55
11501,3131,140,44,52
11502,3035,134,40,19
11503,2611,23,25,27
11504,3491,58,21,28
11505,2428,178,32,48
11506,1418,77,1,52
11507,2177,202,7,26
11508,1615,198,12,7
11509,1457,30,42,45
11510,3829,46,41,15
11511,265,49,,28
11512,2671,86,-8,17
11513,2424,24,57,59
11514,2049,58,9,0
11515,2720,136,37,40
11516,5889,192,30,39
11517,5288,67,41,9
11518,5542,112,6,43
11519,3108,167,29,26
11520,2514,161,57,33
11521,4408,84,43,9
11522,2577,132,0,13
11523,782,39,1,7
11524,1380,191,30,47
11525,4200,87,23,49
11526,3313,83,40,10
11527,720,122,59,31
11528,4516,215,1,0
11529,922,15,20,36
11530,1738,155,1,51
11531,3095,80,51,45
11532,4092,171,51,1
11533,677,78,36,11
11534,5132,195,39,3
11535,4205,49,17,0
11536,3784,118,42,8
11537,109,34,,51
11538,4478,87,,13
11539,3524,177,0,55
11540,1614,131,40,9
11541,743,63,23,57
11542,4844,200,52,17
11543,738,176,41,57
11544,3962,37,29,17
11545,4964,50,14,51
11546,2821,111,52,4
11547,1623,219,7,7
11548,3120,166,38,51
11549,2955,78,57,38
11550,1764,118,35,3
11551,4542,88,58,21
11552,1933,68,7,47
11553,1507,96,14,7
11554,2179,8,41,11
11555,3694,60,36,13
11556,441,185,17,23
11557,5680,119,57,17
11558,1032,158,60,51
11559,169,188,42,45
11560,3934,145,48,1
11561,2123,40,20,50
11562,681,122,40,1
11563,4042,119,57,31
11564,806,212,40,54
11565,5586,118,42,32
11566,4031,186,9,34
11567,4166,40,49,24
11568,390,220,40,13
11569,1402,54,23,55
11570,1890,112,26,10
11571,5061,97,31,7
11572,1724,38,49,13
11573,1618,2,9,4
11574,4665,90,11,9
11575,4855,161,53,14
11576,2773,153,45,42
11577,288,92,44,5
11578,2746,11,41,30
11579,4645,124,50,8
11580,830,13,46,35
11581,4572,178,-9,28
11582,4917,144,,3
11583,404,57,33,35
11584,5013,26,6,47
11585,1054,9,14,702
11586,239,49,14,31
11587,3282,19,10,25
11588,15,116,8,50
11589,495,121,38,15
11590,2394,203,52,27
11591,4973,1,40,37
11592,1281,56,5,36
11593,3627,149,46,53
11594,5978,173,32,59
11595,2217,69,-8,25
11596,4712,21,56,38
11597,4803,44,13,21
11598,5883,170,10,3
11599,1724,171,50,3
11600,4732,193,36,31
11601,279,85,,49
11602,2436,72,14,0
11603,550,161,56,27
11604,2828,27,8,43
11605,3885,81,15,60
11606,2903,195,43,18
11607,1374,191,15,27
11608,1724,197,30,22
11609,2170,156,6,8
11610,1469,99,50,52
11611,2502,146,5,17
11612,2738,220,39,25
11613,5042,76,53,25
11614,4367,87,16,46
11615,1827,211,39,35
11616,1984,167,0,5
11617,975,46,30,59
11618,2442,47,24,8
11619,652,17,52,20
11620,161,115,7,26
11621,1039,53,9,49
11622,3986,29,5,17
11623,3805,82,13,2
11624,2578,200,31,3
11625,3672,189,2,53
11626,2007,211,42,892
11627,3628,214,45,25
11628,5082,169,58,36
11629,4192,33,17,49
11630,66,72,58,9
11631,1845,33,16,10
11632,338,155,21,17
11633,4162,206,58,18
11634,4904,120,38,44
11635,3210,76,8,26
11636,1874,183,13,7
11637,2923,107,52,11
11638,1420,162,29,17
11639,5952,177,19,0
11640,3021,26,27,58
11641,1055,192,38,29
11642,1243,157,4,25
11643,3447,151,14,59
11644,4714,213,26,5
11645,2529,102,16,35
11646,5849,216,,11
11647,5402,151,54,21
11648,1225,16,31,21
11649,2178,201,40,49
11650,2254,137,43,12
11651,5493,219,29,5
11652,1723,195,3,12
11653,1559,174,7,31
11654,2277,208,32,6
11655,3345,118,16,14
11656,1195,32,47,34
11657,1246,90,36,54
11658,1825,76,42,31
11659,1563,166,6,30
11660,2409,179,54,5
11661,3483,168,16,29
11662,2773,189,24,1
11663,4972,28,21,29
11664,3012,71,6,23
11665,3514,31,42,16
11666,4582,47,14,17
11667,4483,44,3,39
11668,4119,109,8,9
11669,2669,218,14,54
11670,1472,39,7,14
11671,1278,182,35,26
11672,4042,178,37,42
11673,1791,43,20,36
11674,5202,151,24,3
11675,5801,63,55,49
11676,4049,92,34,23
11677,4968,63,19,16
11678,4223,12,49,56
11679,4882,66,43,0
11680,2993,19,28,29
11681,5729,28,31,4
11682,2320,210,32,37
11683,5993,82,3,23
11684,3156,33,59,15
11685,114,114,52,26
11686,3545,59,28,18
11687,154,98,32,53
11688,2665,146,27,16
11689,1131,208,4,21
11690,1200,74,34,39
11691,5878,101,20,17
11692,1760,153,58,32
11693,4625,150,30,43
11694,34,189,-1,59
11695,2304,102,,26
11696,5682,93,43,10
11697,3364,189,6,53
11698,1120,208,19,31
11699,178,85,10,0
11700,5815,7,46,36
11701,5078,166,5,46
11702,3692,190,56,0
11703,4609,59,20,18
11704,4991,28,45,582
11705,5834,23,54,7
11706,234,151,5,20
11707,4376,27,25,31
11708,4285,56,14,38
11709,3734,1,53,18
11710,4239,50,20,26
11711,1944,48,,30
11712,3324,18,51,51
11713,1226,130,32,51
11714,5977,127,21,56
11715,3837,110,55,51
11716,3862,90,59,42
11717,2179,64,28,59
11718,4071,182,50,51
11719,4666,87,8,21
11720,821,118,5,48
11721,976,107,33,17
11722,5717,86,36,35
11723,3097,56,58,59
11724,5677,150,18,41
11725,5030,11,20,44
11726,3808,94,50,49
11727,5518,209,41,17
11728,450,71,38,40
11729,978,196,4,45
11730,85,21,0,35
11731,4377,119,52,41
11732,4679,175,1,22
11733,2519,116,6,12
11734,4849,33,55,24
11735,3133,109,37,23
11736,5617,220,46,39
11737,5321,136,12,49
11738,35,49,37,17
11739,1813,181,6,49
11740,5128,85,52,17
11741,4060,12,31,22
11742,4632,161,51,31
11743,2538,16,3,60
11744,3322,125,16,46
11745,245,117,15,48
11746,4285,93,2,53
11747,3901,137,35,8
11748,2970,99,43,26
11749,4429,161,59,10
11750,2438,13,53,33
11751,5487,116,46,60
11752,3620,164,48,18
11753,310,97,19,31
11754,380,137,33,648
11755,4690,21,41,26
11756,3949,180,-3,60
11757,3927,179,58,23
11758,4071,151,16,56
11759,1171,190,,22
11760,319,200,49,38
11761,2186,172,13,24
11762,3509,191,0,52
11763,2764,72,50,52
11764,2160,183,43,11
11765,1737,112,0,26
11766,5729,152,16,12
11767,3633,35,37,43
11768,5634,170,14,10
11769,2704,34,36,44
11770,4699,102,5,47
11771,5131,10,60,32
11772,2195,140,47,45
11773,4186,36,27,17
11774,5416,188,-10,51
11775,2054,22,44,11
11776,2517,124,8,19
11777,1754,9,48,12
11778,4412,178,46,18
11779,4809,169,47,59
11780,343,130,36,59
11781,5242,192,27,55
11782,5816,76,31,55
11783,2726,80,43,30
11784,4750,147,25,7
11785,5662,175,43,53
11786,3578,153,23,30
11787,3862,32,14,1
11788,240,40,42,41
11789,4351,82,10,31
11790,5931,69,19,1
11791,4621,87,12,56
11792,5822,19,31,5
11793,991,142,32,8
11794,2031,31,28,9
11795,5921,18,13,8
11796,5305,199,48,34
11797,311,6,2,48
11798,2737,156,56,19
11799,4276,164,44,30
11800,2906,8,13,13
11801,3636,8,23,29
11802,1651,101,42,17
11803,2319,16,60,11
11804,4949,90,27,51
11805,40,160,17,32
11806,5774,165,25,5
11807,4567,15,9,33
11808,1782,145,32,34
11809,1584,122,30,54
11810,851,19,32,13
11811,5289,18,35,44
11812,700,180,30,20
11813,274,160,41,30
11814,5614,5,16,32
11815,3320,202,53,52
11816,4489,39,3,49
11817,581,33,48,38
11818,1137,85,2,26
11819,4806,143,41,54
11820,524,208,16,44
11821,2257,94,42,40
11822,5166,143,41,48
11823,1766,22,19,26
11824,3997,197,0,17
11825,641,207,6,23
11826,5784,108,37,21
11827,4997,35,49,5
11828,5661,28,43,8
11829,3220,65,42,33
11830,4553,13,28,34
11831,4913,160,,31
11832,3805,127,15,1
11833,1947,159,10,59
11834,1477,135,9,7
11835,53,36,7,55
11836,1231,51,17,43
11837,2497,32,29,45
11838,893,145,15,8
11839,1335,85,28,5
11840,4915,24,,22
11841,2509,28,38,29
11842,1845,34,1,13
11843,3929,30,53,18
11844,4284,117,2,53
11845,4337,184,16,49
11846,3883,163,46,58
11847,3332,171,29,27
11848,972,192,18,7
11849,5525,26,45,39
11850,5057,155,50,13
11851,5991,59,37,19
11852,5456,137,2,52
11853,405,91,1,58
11854,3585,30,23,53
11855,3314,54,24,34
11856,3526,133,33,42
11857,518,10,37,40
11858,4968,218,59,38
11859,1682,68,34,43
11860,389,71,23,0
11861,4033,55,8,47
11862,3248,51,3,22
11863,5611,92,47,37
11864,1063,219,59,13
11865,4753,200,6,60
11866,1310,170,41,34
11867,2757,212,34,57
11868,5607,196,27,0
11869,3178,195,57,42
11870,327,160,6,12
11871,4054,119,10,56
11872,1128,153,9,32
11873,448,76,22,14
11874,5773,207,43,9
11875,5685,136,8,52
11876,4441,95,51,43
11877,506,36,45,20
11878,5109,150,44,35
11879,4794,50,38,30
11880,839,195,1,34
11881,3584,77,5,29
11882,5709,141,20,43
11883,750,137,60,36
11884,2681,59,38,52
11885,2838,52,17,22
11886,4300,190,23,10
11887,3365,32,4,58
11888,476,185,23,22
11889,3788,189,36,47
11890,1514,44,58,60
11891,2261,27,15,9
11892,3391,177,58,10
11893,4259,138,38,47
11894,2602,30,39,22
11895,5872,71,22,44
11896,58,58,22,25
11897,5090,127,12,36
11898,3083,207,16,4
11899,3238,169,40,46
11900,3830,2,30,28
11901,4869,68,37,6
11902,409,49,8,23
11903,5353,98,24,12
11904,1448,21,26,49
11905,4247,122,1,36
11906,1234,181,27,26
11907,899,122,13,35
11908,1681,121,38,31
11909,197,201,58,51
11910,3952,19,42,22
11911,1785,38,,37
11912,4450,126,58,40
11913,3444,63,31,24
11914,3947,197,,10
11915,3277,13,2,11
11916,908,39,43,19
11917,635,104,41,18
11918,5296,117,39,60
11919,4266,138,10,16
11920,1974,34,12,40
11921,5150,67,53,34
11922,5594,130,30,46
11923,3071,37,51,0
11924,790,77,29,23
11925,5553,133,47,694
11926,699,121,19,31
11927,1957,189,25,50
11928,2332,125,7,32
11929,2332,72,39,39
11930,3135,76,29,9
11931,2018,210,46,27
11932,5885,206,54,43
11933,3202,2,54,21
11934,1455,49,12,33
11935,1133,82,6,26
11936,4788,32,55,14
11937,205,107,34,14
11938,5179,47,38,8
11939,2807,9,15,16
11940,1580,85,39,2
11941,371,101,29,5
11942,2615,41,55,23
11943,5763,182,49,35
11944,1490,29,55,31
11945,317,4,32,30
11946,4154,18,12,47
11947,4798,21,6,53
11948,925,200,34,56
11949,5258,203,29,38
11950,2490,16,23,41
11951,1147,126,14,17
11952,4934,157,57,33
11953,5808,160,35,37
11954,3647,216,46,37
11955,1458,173,3,35
11956,1481,69,48,60
11957,2723,203,0,58
11958,774,111,50,15
11959,3966,185,53,15
11960,4866,191,37,34
11961,5126,216,22,4
11962,5886,189,11,46
11963,1659,127,26,41
11964,4227,80,33,9
11965,4505,38,43,16
11966,508,179,17,54
11967,5401,115,5,53
11968,720,192,40,22
11969,1818,149,6,33
11970,5174,199,30,22
11971,4077,98,41,17
11972,1673,170,11,9
11973,1606,49,2,42
11974,2533,42,57,12
11975,4954,63,5,49
11976,2545,147,48,59
11977,433,108,36,19
11978,3337,52,56,29
11979,5430,55,27,27
11980,5902,183,7,47
11981,1421,189,35,10
11982,4824,111,15,33
11983,3092,154,28,6
11984,4961,21,29,56
11985,5490,75,52,5
11986,262,132,6,23
11987,568,167,14,520
11988,2727,142,40,37
11989,921,28,54,51
11990,2095,203,14,19
11991,5246,185,8,16
11992,2225,18,60,21
11993,1011,50,57,23
11994,3149,97,-4,36
11995,4167,118,21,27
11996,3432,31,53,52
11997,593,216,5,50
11998,4971,76,41,40
11999,41,76,47,2
12000,3923,36,55,19
12001,5025,200,53,31
12002,1243,131,35,56
12003,1623,63,35,4
12004,2864,78,39,34
12005,2900,106,11,29
12006,3886,116,42,29
12007,1611,44,4,40
12008,4319,191,24,28
12009,1680,181,28,9
12010,3539,176,33,12
12011,446,16,18,20
12012,3226,199,23,22
12013,5009,17,20,4
12014,5562,139,48,46
12015,1900,57,44,51
12016,2778,14,11,7
12017,818,125,8,5
12018,4278,154,54,33
12019,5704,215,28,8
12020,1084,131,9,12
12021,2105,190,51,9
12022,467,113,7,11
12023,5983,62,1,10
12024,1754,172,-8,59
12025,1249,58,51,9
12026,4479,164,17,17
12027,2279,16,58,21
12028,5425,213,28,55
12029,4457,138,28,3
12030,2089,204,-6,33
12031,3836,190,11,55
12032,1257,210,36,41
12033,2510,158,14,3
12034,5752,146,33,44
12035,1632,51,53,50
12036,720,90,13,58
12037,4244,47,49,50
12038,1246,201,3,5
12039,5836,28,60,48
12040,1408,102,40,18
12041,3167,14,,32
12042,4271,113,8,41
12043,524,58,41,50
12044,2480,125,40,53
12045,446,47,52,51
12046,2145,159,12,0
12047,434,214,47,44
12048,5443,42,50,54
12049,5894,95,56,23
12050,5331,58,5,22
12051,3789,165,57,15
12052,355,57,35,45
12053,3694,114,8,41
12054,32,197,13,13
12055,3086,200,1,27
12056,4733,145,40,37
12057,3137,113,-4,54
12058,831,118,,21
12059,4319,26,1,20
12060,1109,27,27,60
12061,4723,105,22,8
12062,852,204,7,60
12063,5929,108,19,47
12064,685,50,14,17
12065,894,41,38,6
12066,5773,97,48,34
12067,417,97,11,20
12068,3417,204,46,4
12069,5434,133,6,59
12070,2215,132,28,33
12071,3112,128,53,30
12072,610,8,55,37
12073,5575,150,15,60
12074,1325,3,60,59
12075,3260,47,23,54
12076,709,99,38,23
12077,1234,142,20,36
12078,687,104,39,4
12079,5365,39,50,1
12080,139,3,15,51
12081,3539,120,50,20
12082,333,163,34,11
12083,1882,57,31,29
12084,3690,200,43,59
12085,5055,198,47,13
12086,2840,134,55,39
12087,3326,84,30,18
12088,2757,132,25,33
12089,3860,180,14,41
12090,3901,76,56,19
12091,4403,205,29,44
12092,1555,65,48,6
12093,1205,152,13,36
12094,893,21,36,45
12095,4110,183,26,11
12096,791,61,31,23
12097,2310,129,34,28
12098,277,97,31,38
12099,5404,43,12,35
12100,4198,198,5,32
12101,5611,151,41,23
12102,4760,5,3,4
12103,235,58,58,33
12104,820,46,6,51
12105,2107,162,59,18
12106,1712,52,3,10
12107,1867,213,36,50
12108,4804,148,40,44
12109,4014,192,19,2
12110,1863,205,38,10
12111,1910,39,33,13
12112,5521,218,49,2
12113,4356,67,52,2
12114,2610,24,20,24
12115,1798,94,7,52
12116,11,60,38,38
12117,4668,36,46,2
12118,552,49,55,49
12119,411,53,50,60
12120,1391,139,36,36
12121,776,142,42,47
12122,2373,58,8,23
12123,3148,87,0,45
12124,5756,141,18,26
12125,2408,204,56,49
12126,2949,93,26,37
12127,57,55,57,12
12128,2876,72,20,15
12129,2799,123,19,15
12130,4846,123,23,26
12131,2015,40,30,13
12132,4784,158,,24
12133,1970,45,3,41
12134,742,40,7,50
12135,75,70,48,13
12136,3449,196,22,1
12137,4575,73,12,12
12138,1078,65,6,41
12139,2520,151,2,39
12140,3616,141,10,30
12141,4457,26,59,30
12142,915,169,26,18
12143,5364,186,47,51
12144,1851,120,20,43
12145,3771,207,51,30
12146,2510,34,,7
12147,4581,23,27,21
12148,4478,124,35,28
12149,4680,101,56,56
12150,2129,171,31,54
12151,2794,214,13,56
12152,1210,170,59,50
12153,3936,11,27,47
12154,4669,158,38,46
12155,689,87,,18
12156,1239,142,39,9
12157,1227,75,29,21
12158,3329,106,51,25
12159,65,42,35,60
12160,3356,26,44,18
12161,2597,70,23,54
12162,920,207,46,31
12163,2606,200,37,23
12164,4689,171,58,33
12165,2858,113,1,37
12166,5232,108,19,24
12167,5779,156,22,25
12168,1758,1,32,20
12169,5296,76,14,46
12170,2456,72,37,14
12171,3968,149,0,44
12172,3882,191,58,59
12173,5838,110,34,35
12174,4207,194,42,60
12175,2216,216,37,6
12176,3977,31,47,23
12177,3251,191,44,53
12178,4597,152,19,887
12179,2046,184,13,21
12180,5623,23,51,58
12181,3448,37,45,25
12182,3837,207,31,52
12183,4499,14,36,58
12184,3568,205,29,24
12185,3746,117,11,3
12186,195,43,14,44
12187,917,159,,38
12188,408,6,60,5
12189,2281,81,2,4
12190,3545,35,18,58
12191,2526,1,51,1
12192,1868,120,8,56
12193,3755,42,19,9
12194,1839,14,22,25
12195,3418,176,-9,52
12196,507,144,9,51
12197,479,8,25,29
12198,1416,175,32,18
12199,4747,85,59,21
12200,2075,212,11,9
12201,5479,137,7,59
12202,3040,154,-2,44
12203,5384,207,5,60
12204,4140,11,53,55
12205,3746,154,46,58
12206,5259,12,22,5
12207,4263,73,33,58
12208,1065,96,32,54
12209,565,48,,47
12210,5333,169,41,11
12211,1342,84,51,48
12212,1003,165,4,17
12213,4214,145,21,2
12214,3304,90,57,28
12215,883,59,11,34
12216,2695,96,8,36
12217,5128,34,33,25
12218,3836,30,41,38
12219,1424,50,12,54
12220,3103,144,9,35
12221,3657,136,46,50
12222,5789,201,52,36
12223,4079,164,37,19
12224,442,88,57,59
12225,732,188,31,29
12226,277,139,24,14
12227,1180,128,29,45
12228,5230,144,16,50
12229,1017,28,10,18
12230,5010,169,45,52
12231,4447,191,54,24
12232,5499,2,41,16
12233,3408,136,38,36
12234,160,73,7,6
12235,1862,84,27,16
12236,593,214,25,55
12237,1449,177,49,7
12238,3572,63,49,19
12239,647,194,0,43
12240,3661,82,43,36
12241,198,115,34,50
12242,1940,139,51,5
12243,290,83,30,45
12244,5511,150,60,9
12245,4516,36,44,58
12246,5840,69,32,15
12247,2737,23,25,3
12248,539,165,,18
12249,5389,55,55,59
12250,4811,175,22,28
12251,8,159,30,18
12252,2978,34,17,33
12253,4434,50,57,42
12254,2536,95,1,25
12255,1912,55,19,45
12256,4871,185,58,20
12257,1248,71,0,6
12258,5661,87,38,53
12259,3549,205,16,26
12260,2345,134,-9,50
12261,5802,92,58,42
12262,1264,140,59,10
12263,3939,76,40,50
12264,1165,58,26,55
12265,5344,160,32,41
12266,4884,160,21,41
12267,790,195,17,45
12268,263,97,33,46
12269,2235,193,-1,3
12270,3199,122,38,18
12271,784,147,39,4
12272,1236,9,52,42
12273,549,194,6,54
12274,1200,213,33,11
12275,385,189,22,23
12276,2301,30,55,38
12277,5376,2,41,44
12278,4768,168,52,60
12279,3732,3,47,47
12280,3921,191,54,51
12281,2450,157,9,11
12282,2693,106,4,42
12283,4888,172,40,36
12284,5686,90,58,10
12285,2054,125,42,3
12286,4430,54,23,39
12287,4852,205,54,18
12288,1047,171,23,6
12289,5717,31,54,708
12290,5142,202,23,44
12291,45,150,36,0
12292,855,158,-9,13
12293,2483,114,5,25
12294,2273,67,7,20
12295,1886,100,51,6
12296,1267,185,19,717
12297,214,32,11,30
12298,4319,47,29,0
12299,841,126,27,2
12300,5603,213,16,0
12301,3300,61,52,44
12302,3462,141,34,29
12303,3065,88,10,36
12304,271,15,52,25
12305,4896,18,27,38
12306,3938,11,34,12
12307,1888,139,29,35
12308,2901,2,35,12
12309,270,199,51,3
12310,3842,12,19,28
12311,345,4,15,55
12312,761,97,3,572
12313,3356,24,55,11
12314,1595,58,60,28
12315,4666,89,26,32
12316,4668,111,59,32
12317,1853,66,30,2
12318,2307,111,11,21
12319,4772,126,37,33
12320,4319,202,26,8
12321,2760,215,42,747
12322,1148,131,8,14
12323,4281,61,21,10
12324,1729,152,5,38
12325,4232,108,8,58
12326,5599,123,45,30
12327,253,36,35,31
12328,4494,197,55,51
12329,5723,45,34,45
12330,856,203,12,5
12331,4785,118,56,36
12332,777,36,15,3
12333,2869,184,22,55
12334,2892,27,28,56
12335,4781,97,44,18
12336,4440,80,40,27
12337,4941,73,29,56
12338,1858,169,42,56
12339,745,169,54,56
12340,5319,126,10,17
12341,2589,63,36,16
12342,1193,164,12,53
12343,1859,184,49,12
12344,2324,56,18,41
12345,2468,137,47,58
12346,628,166,5,21
12347,3053,184,30,14
12348,1674,54,16,57
12349,3120,3,19,54
12350,1369,150,3,40
12351,4949,88,54,2
12352,2277,36,30,20
12353,5977,213,10,25
12354,2138,14,49,53
12355,237,22,46,47
12356,2035,106,15,10
12357,4918,58,58,34
12358,2236,180,60,55
12359,709,96,37,27
12360,5650,146,38,5
12361,4807,141,,21
12362,3333,21,25,6
12363,1767,47,31,55
12364,2272,204,56,31
12365,4460,82,24,15
12366,123,108,,60
12367,5524,215,56,44
12368,692,50,6,11
12369,1055,149,35,50
12370,2086,107,40,24
12371,1942,83,6,47
12372,1096,187,48,54
12373,3501,183,7,4
12374,3218,53,13,38
12375,311,149,2,27
12376,2846,134,41,9
12377,1880,220,-5,0
12378,3163,57,19,58
12379,4534,107,60,37
12380,4766,167,42,27
12381,715,112,43,53
12382,5613,152,40,5
12383,4672,11,44,35
12384,5106,198,8,4
12385,223,52,-3,40
12386,5614,118,13,46
12387,1641,168,24,21
12388,5214,96,25,37
12389,2108,47,2,37
12390,2680,142,53,9
12391,5344,82,0,57
12392,2354,108,20,50
12393,3121,116,2,7
12394,1183,172,38,54
12395,5119,142,32,45
12396,2923,140,19,39
12397,591,104,50,22
12398,2439,152,4,56
12399,928,98,33,53
12400,149,89,11,22
12401,1805,165,43,17
12402,4180,200,21,0
12403,4251,53,32,39
12404,2207,209,45,37
12405,485,3,38,53
12406,2605,187,16,10
12407,4580,206,19,12
12408,1309,54,43,60
12409,3861,71,56,32
12410,5792,204,22,12
12411,5432,220,40,0
12412,5478,120,41,18
12413,388,38,47,41
12414,4039,49,44,42
12415,3748,161,10,34
12416,2476,101,26,28
12417,2417,155,58,15
12418,892,97,19,51
12419,4189,124,16,11
12420,229,19,44,32
12421,1285,208,14,55
12422,4098,215,43,21
12423,4612,132,3,25
12424,2927,82,9,16
12425,2954,58,2,15
12426,4515,219,27,52
12427,1693,7,16,53
12428,5401,2,3,39
12429,3074,90,52,41
12430,1633,128,11,38
12431,3386,130,49,54
12432,588,184,60,8
12433,4437,69,17,7
12434,3014,60,41,14
12435,1390,142,54,27
12436,5885,143,32,31
12437,4055,137,31,12
12438,4864,218,17,50
12439,3368,209,15,17
12440,5475,95,59,14
12441,2530,201,49,27
12442,394,110,57,26
12443,4016,58,21,45
12444,3115,83,22,9
12445,4175,12,48,3
12446,4087,182,25,37
12447,3198,101,55,27
12448,5811,220,7,20
12449,5163,52,56,1
12450,3593,190,23,36
12451,3686,160,29,29
12452,3138,98,,35
12453,278,204,51,48
12454,158,44,28,13
12455,778,62,29,8
12456,2719,19,8,20
12457,2790,121,39,37
12458,3061,34,15,16
12459,392,47,52,44
12460,4932,157,59,3
12461,1724,210,27,39
12462,3599,118,47,36
12463,3728,169,29,18
12464,1331,171,50,59
12465,360,90,2,13
12466,1430,124,55,15
12467,5417,172,59,57
12468,4979,190,6,44
12469,3927,183,47,29
12470,244,135,25,25
12471,2269,115,38,15
12472,5817,190,3,8
12473,4829,36,57,29
12474,4453,27,45,30
12475,2912,173,11,30
12476,3550,148,0,40
12477,5193,7,19,22
12478,4804,218,58,28
12479,5529,153,6,58
12480,3394,190,29,5
12481,2019,124,59,2
12482,5559,220,54,7
12483,5781,114,12,54
12484,1391,216,31,32
12485,5817,31,9,28
12486,519,1,23,57
12487,1792,172,32,44
12488,2528,195,39,43
12489,5508,119,34,41
12490,643,70,6,22
12491,3169,122,37,28
12492,5609,133,1,32
12493,2437,120,26,8
12494,5989,148,36,25
12495,2037,51,19,24
12496,597,178,29,32
12497,4026,123,5,3
12498,5283,41,3,13
12499,3557,67,7,59
12500,5042,176,18,28
12501,639,118,36,36
12502,4345,104,32,16
12503,4412,106,48,15
12504,2212,100,38,34
12505,5157,106,34,22
12506,546,58,5,10
12507,5572,121,13,5
12508,1048,204,55,53
12509,2934,156,59,0
12510,1569,104,40,6
12511,1150,152,53,6
12512,5694,31,43,24
12513,5749,74,21,5
12514,4472,87,44,33
12515,609,50,48,0
12516,4905,133,54,5
12517,5090,212,51,6
12518,5751,84,38,42
12519,1175,207,16,33
12520,2369,61,60,3
12521,5152,105,30,55
12522,3238,126,7,8
12523,4295,141,39,6
12524,5794,155,40,37
12525,3200,136,34,30
12526,4965,127,50,11
12527,1610,212,31,8
12528,5233,178,51,13
12529,3824,87,8,12
12530,3008,204,51,26
12531,3825,26,1,42
12532,4190,175,36,58
12533,1564,52,52,21
12534,615,201,12,40
12535,75,137,21,9
12536,632,148,23,53
12537,1721,12,47,56
12538,3685,198,8,52
12539,4209,120,6,24
12540,2393,81,55,52
12541,3988,210,58,52
12542,4206,60,36,36
12543,3863,75,7,13
12544,1001,208,45,8
12545,2131,105,40,38
12546,5896,145,31,55
12547,1852,114,49,3
12548,1079,72,31,7
12549,755,13,14,32
12550,1763,57,5,5
12551,3680,156,29,41
12552,2090,87,11,31
12553,5212,110,42,38
12554,3131,176,11,41
12555,1230,131,11,12
12556,3296,57,28,32
12557,2042,23,14,2
12558,3514,108,30,6
12559,1669,178,31,34
12560,4623,65,56,53
12561,4604,50,48,45
12562,5800,200,53,16
12563,2918,170,19,44
12564,1240,114,15,40
12565,2118,141,53,42
12566,3398,102,6,17
12567,3900,214,44,878
12568,1334,187,39,27
12569,5239,38,39,8
12570,2851,153,3,37
12571,1217,28,56,21
12572,5880,89,24,15
12573,5709,87,9,23
12574,5842,176,32,32
12575,4181,34,57,4
12576,5385,74,3,9
12577,4106,30,16,1
12578,2049,159,,47
12579,4385,120,15,5
12580,884,170,50,9
12581,2748,107,49,44
12582,4813,99,15,41
12583,4116,155,15,26
12584,4719,75,23,40
12585,2859,121,0,5
12586,5428,119,10,30
12587,2894,55,51,36
12588,4333,183,46,29
12589,2767,178,51,31
12590,3532,69,7,16
12591,4377,104,-9,42
12592,661,5,5,42
12593,224,13,11,46
12594,679,8,28,36
12595,1998,97,-3,38
12596,34,86,6,0
12597,4927,201,40,12
12598,4330,205,10,6
12599,2910,35,35,22
12600,215,196,8,49
12601,4097,19,50,13
12602,1089,142,41,15
12603,4350,35,34,47
12604,5531,181,50,41
12605,4601,209,26,30
12606,5826,52,46,3
12607,1888,214,51,22
12608,4285,174,-1,25
12609,43,5,17,42
12610,4228,52,22,9
12611,777,165,21,3
12612,2942,41,44,59
12613,5965,220,13,47
12614,3958,12,46,7
12615,3433,82,3,36
12616,4265,176,3,25
12617,2852,26,22,8
12618,265,25,41,9
12619,2262,1,46,7
12620,4872,198,27,40
12621,3422,69,8,17
12622,2596,77,57,31
12623,695,150,9,51
12624,2453,117,34,49
12625,1357,31,46,42
12626,1143,89,34,33
12627,4092,104,6,43
12628,1064,123,0,27
12629,1843,166,24,59
12630,1203,196,44,5
12631,1122,56,53,29
12632,4905,40,32,52
12633,2174,177,,33
12634,1346,195,39,32
12635,2753,192,32,29
12636,2435,195,17,7
12637,2374,5,17,15
12638,1532,183,60,33
12639,4223,61,15,53
12640,5932,171,52,4
12641,4446,168,49,10
12642,72,41,16,40
12643,2967,43,33,23
12644,1433,57,18,18
12645,1873,182,58,13
12646,614,20,39,48
12647,271,18,55,54
12648,1213,169,57,15
12649,3130,58,52,40
12650,5844,152,41,1
12651,5473,28,44,54
12652,346,118,40,27
12653,4029,130,23,22
12654,901,44,13,41
12655,377,20,27,31
12656,1847,9,9,6
12657,235,214,27,25
12658,3583,116,57,14
12659,4266,160,18,32
12660,1261,134,44,24
12661,3374,70,7,8
12662,2034,8,21,37
12663,5275,57,49,53
12664,4297,39,14,14
12665,3869,127,55,14
12666,2417,193,37,41
12667,1945,54,20,44
12668,3234,141,5,30
12669,2812,212,41,54
12670,5098,82,35,31
12671,386,98,24,32
12672,3098,194,3,38
12673,5337,142,46,22
12674,212,124,23,24
12675,3435,54,34,25
12676,1853,50,34,35
12677,372,170,4,29
12678,2851,138,53,0
12679,2242,156,57,60
12680,5460,108,3,13
12681,5747,47,56,12
12682,205,40,21,49
12683,3939,142,5,30
12684,3309,50,9,42
12685,959,72,42,26
12686,3727,15,41,9
12687,3821,94,60,57
12688,5534,28,,58
12689,2051,48,17,16
12690,3319,33,47,48
12691,741,110,55,45
12692,2228,148,29,17
12693,4959,159,22,50
12694,1887,145,24,2
12695,4153,52,51,48
12696,919,132,8,58
12697,542,216,6,34
12698,2444,133,57,716
12699,858,218,35,28
12700,3492,64,16,42
12701,2301,6,26,768
12702,4594,46,19,30
12703,1083,168,9,10
12704,4064,137,51,13
12705,5131,201,58,45
12706,5061,22,28,60
12707,5571,47,45,39
12708,1656,187,48,48
12709,4793,139,38,55
12710,511,191,56,32
12711,2842,219,14,10
12712,5575,120,30,2
12713,5420,207,3,58
12714,1722,120,5,58
12715,5539,162,38,24
12716,5695,122,27,26
12717,5796,152,0,21
12718,1642,69,48,38
12719,2913,113,16,18
12720,450,28,40,43
12721,4572,65,21,23
12722,2739,216,26,8
12723,570,117,36,6
12724,5536,4,6,53
12725,3154,66,12,45
12726,3846,20,26,4
12727,1185,154,30,49
12728,1143,15,53,8
12729,2942,88,43,18
12730,3847,45,27,5
12731,2202,79,33,13
12732,2092,26,47,28
12733,4054,42,13,3
12734,3225,18,43,8
12735,3375,151,18,17
12736,2854,198,23,5
12737,1773,121,8,15
12738,5527,60,32,9
12739,5012,40,21,26
12740,2070,111,24,52
12741,1624,124,45,26
12742,1262,136,30,17
12743,5292,40,40,20
12744,2294,51,30,58
12745,3031,146,40,7
12746,4359,17,22,32
12747,4111,197,16,37
12748,5188,152,55,17
12749,5151,99,40,10
12750,4454,120,8,16
12751,3330,49,20,42
12752,1211,47,7,53
12753,4728,59,14,31
12754,5232,206,54,12
12755,674,69,13,10
12756,4928,191,39,23
12757,3459,132,34,55
12758,1263,75,3,39
12759,728,155,53,17
12760,958,44,55,10
12761,2350,117,1,15
12762,4514,211,38,38
12763,717,151,51,11
12764,2529,158,53,38
12765,1353,142,48,36
12766,4132,42,56,5
12767,2340,159,16,22
12768,4164,210,25,30
12769,4693,33,47,6
12770,899,147,25,4
12771,1535,191,56,59
12772,490,19,0,8
12773,3826,29,34,8
12774,5636,159,0,37
12775,2162,98,47,31
12776,3992,94,1,54
12777,2201,104,52,4
12778,5526,33,16,31
12779,665,20,25,31
12780,5018,162,48,44
12781,2510,88,2,25
12782,3544,21,19,25
12783,901,26,29,49
12784,5966,147,24,37
12785,662,29,1,39
12786,5220,180,38,44
12787,4457,51,44,40
12788,3718,187,12,36
12789,3751,56,47,26
12790,786,49,2,45
12791,2933,1,16,29
12792,2254,36,52,55
12793,1557,135,14,55
12794,1953,150,0,51
12795,115,126,7,59
12796,3423,178,20,49
12797,4754,30,40,57
12798,463,111,6,33
12799,2837,67,38,27
12800,5781,67,17,29
12801,25,121,54,41
12802,5400,199,10,52
12803,2940,156,21,20
12804,3718,43,21,45
12805,5837,96,-8,54
12806,5557,144,38,11
12807,4842,38,7,19
12808,1064,41,33,39
12809,4672,151,11,44
12810,4566,4,12,57
12811,359,183,48,32
12812,3494,31,28,22
12813,1458,107,57,20
12814,1778,132,40,40
12815,3670,164,58,32
12816,4277,82,35,34
12817,5687,182,8,34
12818,4559,151,25,24
12819,1229,113,7,33
12820,2671,208,1,42
12821,4123,181,5,19
12822,2848,194,,34
12823,122,94,40,30
12824,3568,53,15,41
12825,1475,165,40,58
12826,5016,135,5,4
12827,1408,69,45,13
12828,5717,197,6,5
12829,415,183,43,46
12830,4324,170,,21
12831,295,100,40,49
12832,3314,167,21,41
12833,4066,87,6,35
12834,5782,208,8,12
12835,5224,214,5,19
12836,115,104,25,57
12837,5828,36,8,23
12838,3573,2,48,59
12839,1232,54,55,30
12840,4769,161,37,16
12841,476,93,51,16
12842,4832,91,10,45
12843,2074,162,58,47
12844,4514,172,24,29
12845,5327,80,-9,9
12846,2824,145,57,10
12847,3848,199,51,22
12848,981,60,0,41
12849,1976,173,31,14
12850,4631,121,50,60
12851,727,183,58,19
12852,1491,171,9,27
12853,258,139,7,18
12854,5954,199,15,59
12855,142,102,41,56
12856,3484,161,54,40
12857,382,208,51,30
12858,1982,198,42,53
12859,218,86,30,40
12860,1894,211,10,55
12861,5538,43,55,14
12862,3473,106,10,40
12863,4575,55,11,47
12864,3394,98,33,18
12865,3215,84,,9
12866,802,51,-8,10
12867,1667,120,6,59
12868,4726,213,17,2
12869,263,126,7,11
12870,3859,128,7,39
12871,805,110,16,41
12872,4332,37,52,47
12873,1139,212,7,43
12874,1379,114,8,57
12875,5411,211,29,21
12876,2978,45,39,15
12877,1465,126,27,31
12878,5163,11,10,11
12879,3,142,18,60
12880,2783,194,5,43
12881,660,104,1,33
12882,3087,166,55,8
12883,947,112,18,39
12884,1444,5,55,9
12885,4283,19,32,44
12886,2660,45,19,19
12887,2844,53,6,31
12888,3497,142,8,56
12889,2871,166,44,57
12890,2726,105,31,41
12891,1092,3,4,11
12892,2515,219,19,7
12893,5338,91,18,19
12894,1544,219,37,24
12895,4852,7,31,44
12896,551,81,9,15
12897,4876,213,50,12
12898,5322,206,55,31
12899,3377,151,38,23
12900,4729,169,53,60
12901,1585,48,-9,60
12902,2656,55,48,54
12903,4352,94,32,3
12904,1467,194,40,29
12905,2350,38,60,12
12906,3341,149,-10,36
12907,928,77,46,29
12908,88,144,54,2
12909,1121,94,29,14
12910,4383,44,7,2
12911,3764,186,50,44
12912,4207,9,26,24
12913,2932,106,-6,30
12914,1664,76,12,20
12915,3265,87,3,8
12916,3964,21,20,15
12917,5940,81,21,30
12918,5983,70,0,18
12919,4736,159,10,30
12920,367,169,32,50
12921,4637,16,33,28
12922,5594,215,35,2
12923,543,170,48,33
12924,3508,118,12,35
12925,3525,216,47,19
12926,4260,141,3,560
12927,5467,36,20,46
12928,287,88,56,13
12929,902,92,45,48
12930,3138,51,52,649
12931,4,178,45,8
12932,2851,182,52,5
12933,3950,22,37,60
12934,2252,208,20,8
12935,1934,192,58,4
12936,1968,129,-1,26
12937,3071,45,35,8
12938,5450,83,12,17
12939,5663,196,20,52
12940,3957,92,26,29
12941,5857,218,54,42
12942,1780,104,13,10
12943,1476,207,20,573
12944,5659,220,18,25
12945,4198,183,7,31
12946,1842,181,8,8
12947,3016,123,5,5
12948,4224,124,13,52
12949,5640,127,29,29
12950,1241,98,20,37
12951,4256,201,19,14
12952,1444,9,4,30
12953,802,173,57,7
12954,2101,48,15,3
12955,4580,18,35,14
12956,5307,116,9,54
12957,3113,16,47,41
12958,5906,78,25,50
12959,1015,116,-4,39
12960,3310,216,31,15
12961,3477,206,14,27
12962,3502,156,7,46
12963,3685,191,2,1
12964,3747,188,17,21
12965,5857,136,15,8
12966,761,160,30,54
12967,1262,131,9,15
12968,2196,64,1,14
12969,5689,147,3,4
12970,4205,19,1,10
12971,5161,13,22,3
12972,2625,64,35,4
12973,5693,3,54,19
12974,5126,146,28,51
12975,2905,214,52,40
12976,2017,178,25,44
12977,2753,67,56,22
12978,1369,200,4,53
12979,76,141,45,56
12980,4751,87,18,52
12981,3556,61,19,34
12982,4200,57,11,37
12983,286,101,42,1
12984,5759,28,56,59
12985,5037,150,32,19
12986,2671,46,57,54
12987,3396,23,38,47
12988,4435,182,-5,34
12989,1270,124,17,13
12990,4307,68,8,57
12991,2657,185,1,50
12992,910,216,49,52
12993,2390,140,22,14
12994,3252,131,12,5
12995,4846,44,17,39
12996,2287,120,14,58
12997,1076,82,49,60
12998,1611,5,27,14
12999,2976,163,45,24
13000,4814,11,34,3
13001,5179,79,10,45
13002,3882,218,38,30
13003,3086,46,21,41
13004,3405,40,8,36
13005,4094,129,10,59
13006,4965,209,5,35
13007,2460,83,60,60
13008,1861,184,53,55
13009,1407,72,49,528
13010,4991,43,43,45
13011,3387,162,41,42
13012,1277,138,0,31
13013,3953,187,42,53
13014,4266,135,5,21
13015,4451,182,44,45
13016,3768,151,44,13
13017,1173,86,22,37
13018,2716,80,12,16
13019,3332,119,59,3
13020,5420,126,14,32
13021,5178,147,6,42
13022,1233,207,32,5
13023,902,144,50,2
13024,1915,218,59,43
13025,5312,11,23,41
13026,3405,50,21,31
13027,2231,64,18,860
13028,4399,145,1,11
13029,3688,214,50,28
13030,3746,73,54,19
13031,5374,190,8,30
13032,2117,64,36,4
13033,1479,43,35,14
13034,3653,84,7,37
13035,5725,181,44,8
13036,5376,164,32,48
13037,2088,136,20,38
13038,1631,135,36,31
13039,3905,39,58,60
13040,3073,27,38,54
13041,4753,124,47,4
13042,4331,115,44,31
13043,2171,201,53,59
13044,703,133,18,47
13045,3247,43,37,28
13046,4695,215,16,39
13047,5002,24,25,46
13048,656,198,51,0
13049,3591,111,51,60
13050,123,152,51,3
13051,5155,199,22,31
13052,84,76,22,9
13053,675,151,6,12
13054,1721,187,31,20
13055,3968,75,26,54
13056,3074,98,20,59
13057,1195,16,56,38
13058,3095,101,51,18
13059,496,113,2,31
13060,4207,17,19,17
13061,1335,19,1,10
13062,4823,189,2,40
13063,3878,74,52,55
13064,3119,179,5,39
13065,1627,134,20,32
13066,2424,4,27,33
13067,4601,149,41,13
13068,4261,188,5,43
13069,1146,208,49,16
13070,5655,70,,57
13071,549,174,30,52
13072,475,33,21,56
13073,4466,202,44,15
13074,5933,149,31,49
13075,819,218,1,38
13076,1480,170,60,8
13077,73,144,38,25
13078,4160,204,46,10
13079,2979,17,30,45
13080,858,69,23,23
13081,1388,92,12,47
13082,78,86,34,46
13083,5418,26,6,56
13084,1136,57,46,26
13085,4024,194,28,20
13086,1500,66,22,53
13087,678,38,56,22
13088,2046,183,24,34
13089,3467,176,17,51
13090,1577,30,7,17
13091,4949,56,36,44
13092,5617,15,49,40
13093,3917,16,33,50
13094,2985,216,-4,17
13095,2644,25,24,1
13096,2547,192,5,40
13097,2992,177,16,60
13098,429,190,12,34
13099,643,109,20,44
13100,1165,138,7,8
13101,4324,70,3,31
13102,4054,64,44,58
13103,2394,147,58,0
13104,1449,79,14,12
13105,1024,104,0,47
13106,1633,16,60,11
13107,1951,100,55,47
13108,3133,203,35,59
13109,5511,73,3,24
13110,1719,190,33,40
13111,2341,186,27,27
13112,4009,74,59,39
13113,1863,135,58,28
13114,4664,134,60,38
13115,3363,78,18,13
13116,5760,43,20,17
13117,3072,98,1,732
13118,5059,58,43,30
13119,1483,73,7,19
13120,594,159,34,45
13121,447,199,57,9
13122,4042,201,34,50
13123,3599,55,45,49
13124,2671,2,51,57
13125,104,111,30,46
13126,1256,214,12,42
13127,1079,117,33,6
13128,4892,100,49,31
13129,655,77,36,33
13130,3256,79,35,34
13131,3873,134,44,52
13132,4154,175,41,30
13133,1606,130,4,54
13134,2185,97,23,57
13135,3414,170,2,41
13136,2239,152,6,8
13137,3347,145,1,10
13138,5419,98,49,34
13139,3488,78,60,0
13140,2188,141,37,3
13141,5733,11,7,45
13142,5593,48,59,35
13143,4170,58,58,12
13144,503,205,27,52
13145,5393,113,45,58
13146,3496,196,44,30
13147,505,50,48,5
13148,3364,197,38,51
13149,2038,192,9,7
13150,4056,188,21,54
13151,2833,47,44,32
13152,1855,184,34,27
13153,1519,220,56,9
13154,582,124,3,42
13155,395,114,60,21
13156,4529,3,17,30
13157,5270,152,17,4
13158,3093,69,8,35
13159,3595,146,28,3
13160,1933,37,26,49
13161,3153,107,29,38
13162,3395,133,59,44
13163,868,140,6,45
13164,3110,216,8,8
13165,2132,196,56,57
13166,646,27,47,57
13167,1059,105,50,25
13168,1647,7,25,52
13169,3707,198,14,39
13170,2646,73,16,30
13171,2909,109,33,42
13172,2687,219,59,16
13173,5495,214,31,55
13174,4608,195,21,41
13175,3530,137,42,29
13176,332,5,4,51
13177,4469,72,22,27
13178,5125,133,44,2
13179,3308,113,47,27
13180,2833,107,,56
13181,4408,127,13,19
13182,5688,47,22,59
13183,4385,101,59,58
13184,5488,136,7,28
13185,997,65,,14
13186,287,187,11,3
13187,4180,20,35,13
13188,979,34,16,33
13189,3771,204,6,42
13190,4039,55,35,34
13191,5664,40,,40
13192,5684,202,2,50
13193,1981,40,16,0
13194,299,177,49,17
13195,815,64,,34
13196,4443,19,41,35
13197,3873,147,29,43
13198,1227,72,52,40
13199,563,115,16,11
13200,5441,106,56,56
13201,4585,137,21,7
13202,875,1,56,8
13203,5329,193,7,50
13204,1664,69,2,28
13205,2166,46,27,43
13206,3253,64,11,59
13207,4643,49,56,59
13208,3882,83,23,43
13209,2669,170,21,56
13210,4061,139,49,28
13211,5980,149,37,27
13212,1924,134,53,27
13213,2464,45,36,29
13214,2138,162,9,60
13215,2547,23,55,56
13216,2869,54,58,47
13217,4896,179,51,27
13218,3822,93,14,26
13219,1135,220,-8,48
13220,1868,192,21,35
13221,495,113,51,44
13222,1225,76,31,55
13223,3910,217,54,40
13224,5730,121,55,42
13225,1516,200,4,16
13226,2125,194,23,54
13227,282,21,41,17
13228,5199,200,8,13
13229,5382,115,48,38
13230,1007,137,17,21
13231,3612,84,18,12
13232,459,110,31,50
13233,3168,125,54,59
13234,139,175,25,36
13235,3729,148,39,46
13236,1032,200,33,24
13237,419,137,10,20
13238,1815,166,39,50
13239,153,90,17,14
13240,5328,114,-1,58
13241,2168,220,36,9
13242,1346,65,3,55
13243,3571,217,59,27
13244,168,200,56,52
13245,3318,65,2,60
13246,3139,42,29,33
13247,5820,109,26,12
13248,37,53,12,6
13249,3863,95,33,44
13250,391,119,28,24
13251,5446,91,34,15
13252,1677,173,43,40
13253,4820,126,32,23
13254,1249,148,27,16
13255,5050,167,13,37
13256,5633,179,40,55
13257,1024,181,7,13
13258,2644,70,,18
13259,2194,169,43,5
13260,5406,48,20,60
13261,2946,182,35,3
13262,4193,19,48,31
13263,4138,103,38,31
13264,5535,39,48,35
13265,3738,197,14,553
13266,629,1,43,12
13267,1736,92,35,60
13268,5028,158,20,8
13269,501,14,1,58
13270,4644,111,12,5
13271,260,147,34,46
13272,1992,51,46,4
13273,3195,205,22,39
13274,3708,56,51,57
13275,749,9,57,13
13276,92,103,6,44
13277,4103,195,43,30
13278,1022,155,11,52
13279,2275,32,52,35
13280,1955,72,34,11
13281,2427,119,5,22
13282,2671,180,7,20
13283,5185,41,32,55
13284,4574,196,37,22
13285,3606,187,5,5
13286,3355,163,60,38
13287,254,33,7,14
13288,4446,102,51,58
13289,5289,27,58,46
13290,4450,60,36,19
13291,4094,200,20,9
13292,5540,26,9,37
13293,65,72,-3,18
13294,4079,73,24,6
13295,1001,109,52,19
13296,1691,164,30,525
13297,274,152,2,25
13298,4911,186,51,5
13299,1854,156,3,16
13300,5286,72,57,54
13301,3200,60,13,7
13302,3232,128,,1
13303,5019,27,25,18
13304,611,158,46,48
13305,4601,178,22,13
13306,4254,160,26,55
13307,3815,65,25,15
13308,4713,75,21,49
13309,5291,177,12,46
13310,859,156,0,12
13311,612,184,24,59
13312,1839,131,18,16
13313,5300,34,27,14
13314,5302,108,11,14
13315,3416,53,17,20
13316,3192,211,10,53
13317,1676,95,54,40
13318,5580,54,21,50
13319,5442,211,10,29
13320,2145,135,54,2
13321,3242,106,58,49
13322,382,197,56,36
13323,2616,79,22,45
13324,5149,147,10,40
13325,2608,69,18,36
13326,568,116,27,19
13327,2437,193,37,15
13328,1965,142,16,34
13329,4465,207,30,26
13330,464,169,58,20
13331,4408,214,9,60
13332,3880,11,48,26
13333,318,142,29,41
13334,1737,23,47,39
13335,4178,89,,59
13336,8,134,10,3
13337,5674,169,42,25
13338,190,195,8,33
13339,5574,162,12,26
13340,3970,137,26,2
13341,2839,210,-4,33
13342,5087,56,48,39
13343,4368,141,43,56
13344,4186,111,59,37
13345,2736,210,0,19
13346,2211,162,44,13
13347,4045,128,,60
13348,3826,170,32,3
13349,1535,140,60,10
13350,1841,146,34,2
13351,5015,196,34,47
13352,5487,148,21,14
13353,2534,115,45,58
13354,1698,7,18,56
13355,5800,87,52,685
13356,4391,183,13,31
13357,2544,154,60,53
13358,334,16,60,23
13359,2452,36,23,4
13360,3566,167,,39
13361,5592,90,22,1
13362,4178,139,16,14
13363,3029,168,48,876
13364,4967,26,34,5
13365,5994,183,49,57
13366,5399,55,21,2
13367,1387,109,49,22
13368,4341,123,36,58
13369,2629,157,-8,14
13370,3621,125,,7
13371,4509,28,15,2
13372,2790,70,-2,1
13373,3383,150,38,24
13374,631,187,51,46
13375,1442,51,34,57
13376,2963,22,16,8
13377,1739,38,38,17
13378,1307,164,39,9
13379,2513,3,27,18
13380,1916,140,19,23
13381,2449,116,46,38
13382,5243,195,16,6
13383,1657,86,59,28
13384,4454,217,58,58
13385,4251,95,13,15
13386,1656,196,50,57
13387,4999,90,7,10
13388,5695,85,17,51
13389,5206,136,58,28
13390,4973,125,2,33
13391,3157,125,16,3
13392,77,174,24,6
13393,1774,82,53,49
13394,5175,64,53,4
13395,205,138,9,15
13396,581,29,7,56
13397,4252,48,49,57
13398,2419,175,41,55
13399,5293,23,40,6
13400,3356,56,22,21
13401,2822,124,32,33
13402,713,73,22,52
13403,5980,117,18,30
13404,2822,144,58,29
13405,5257,82,31,24
13406,640,99,51,51
13407,1847,78,56,53
13408,3763,145,35,28
13409,676,197,48,5
13410,2829,115,56,56
13411,511,167,45,18
13412,1640,120,53,3
13413,2218,218,56,42
13414,805,55,4,16
13415,1780,149,26,36
13416,3362,22,36,42
13417,1388,175,42,58
13418,4943,190,14,2
13419,3038,12,16,28
13420,5929,16,49,36
13421,2498,176,51,53
13422,1019,127,19,57
13423,800,173,52,41
13424,5607,26,43,21
13425,5019,219,15,4
13426,3044,124,57,48
13427,4881,186,28,20
13428,3289,69,16,50
13429,4354,84,55,56
13430,2485,187,16,59
13431,3787,194,53,24
13432,684,191,49,45
13433,4214,146,53,44
13434,1764,125,57,16
13435,2909,189,45,19
13436,1371,12,32,46
13437,2442,188,52,46
13438,5600,31,14,59
13439,5740,168,48,46
13440,4964,4,17,31
13441,4187,111,44,30
13442,4274,92,47,40
13443,3101,46,14,39
13444,2192,23,60,22
13445,2322,172,2,5
13446,4968,171,43,29
13447,5225,180,27,16
13448,2630,190,57,51
13449,2202,31,33,37
13450,149,134,56,7
13451,3267,70,35,30
13452,3879,52,56,38
13453,4599,201,24,20
13454,4712,54,60,35
13455,5711,36,23,9
13456,2405,176,28,0
13457,2300,195,24,21
13458,5216,118,14,55
13459,5220,113,60,29
13460,5549,18,23,51
13461,4383,165,28,11
13462,1901,1,25,0
13463,4416,204,57,36
13464,671,158,11,1
13465,1554,130,10,37
13466,3068,81,48,44
13467,1398,201,54,21
13468,4488,134,-3,31
13469,1094,18,9,56
13470,2172,205,16,51
13471,2551,27,47,27
13472,5391,98,24,39
13473,2194,87,36,19
13474,5948,8,30,17
13475,4783,151,53,7
13476,5630,91,16,44
13477,1197,131,37,30
13478,2107,124,25,58
13479,3481,25,4,57
13480,5459,113,7,52
13481,5027,101,2,58
13482,4238,152,8,4
13483,5975,40,45,50
13484,1060,184,52,48
13485,2278,19,58,24
13486,3890,51,60,32
13487,5599,110,-7,45
13488,545,3,24,10
13489,5614,85,26,11
13490,1208,53,14,49
13491,5992,196,15,4
13492,3428,187,30,24
13493,4073,188,49,12
13494,4716,138,-1,37
13495,5450,129,19,45
13496,4205,72,35,23
13497,5644,156,24,38
13498,4517,27,13,54
13499,5473,17,10,18
13500,2244,50,59,43
13501,4650,7,12,9
13502,3448,28,19,17
13503,4286,172,0,22
13504,2636,130,37,21
13505,1489,115,30,33
13506,1806,195,18,3
13507,5729,105,60,26
13508,2346,112,52,60
13509,2015,132,11,44
13510,1881,44,26,26
13511,4492,97,25,12
13512,2928,41,40,31
13513,3634,114,26,29
13514,3195,44,51,44
13515,315,50,21,26
13516,506,145,16,17
13517,5016,126,34,37
13518,2851,13,3,16
13519,3899,160,26,55
13520,1094,94,28,33
13521,5049,125,26,7
13522,5288,143,9,36
13523,5019,170,47,35
13524,4624,37,-8,4
13525,879,125,40,25
13526,1261,30,22,25
13527,2632,131,35,24
13528,1285,44,58,27
13529,3876,28,59,17
13530,5913,21,42,14
13531,653,173,31,28
13532,3176,2,6,58
13533,2946,203,30,51
13534,1018,198,-9,29
13535,3945,16,4,16
13536,3355,93,-7,58
13537,4632,82,53,57
13538,2694,95,20,58
13539,5697,112,27,25
13540,559,84,55,60
13541,3749,4,50,48
13542,572,159,3,53
13543,4973,144,48,17
13544,634,119,17,59
13545,1715,134,35,45
13546,4305,178,1,16
13547,103,152,21,25
13548,5512,205,55,40
13549,2145,183,21,14
13550,1289,208,5,31
13551,4287,67,54,5
13552,5336,104,26,55
13553,4001,215,23,36
13554,1540,219,5,42
13555,2251,52,44,42
13556,3247,185,11,6
13557,4035,98,16,3
13558,1889,38,29,44
13559,5706,163,23,50
13560,5901,185,9,6
13561,2695,74,28,33
13562,4328,152,47,25
13563,2865,38,2,34
13564,303,115,24,27
13565,2207,35,59,4
13566,94,172,3,6
13567,4343,220,36,58
13568,5761,197,51,22
13569,4596,102,10,4
13570,5374,7,33,6
13571,3350,62,48,503
13572,4699,185,26,8
13573,3462,142,42,45
13574,2101,211,17,0
13575,4932,171,38,60
13576,4070,90,53,48
13577,511,111,7,57
13578,792,97,32,32
13579,3426,45,3,19
13580,5233,116,32,32
13581,5406,206,20,33
13582,532,5,34,44
13583,3183,193,20,9
13584,2966,115,22,42
13585,3468,153,2,28
13586,1399,51,36,47
13587,5886,218,52,33
13588,5197,184,16,33
13589,2234,3,20,53
13590,3733,18,29,39
13591,2796,117,21,46
13592,4828,67,25,12
13593,521,95,11,0
13594,5274,48,23,55
13595,409,165,60,8
13596,4835,142,8,21
13597,3435,192,55,10
13598,3232,117,46,41
13599,5493,114,39,60
13600,3268,200,53,17
13601,45,214,55,3
13602,4152,60,45,16
13603,5066,43,3,42
13604,1913,218,4,611
13605,5688,125,54,1
13606,4368,157,55,0
13607,1701,127,31,39
13608,5763,137,20,4
13609,3237,92,9,34
13610,2714,74,58,3
13611,5720,214,54,39
13612,3837,112,34,38
13613,4829,147,56,3
13614,5953,57,59,44
13615,4581,30,37,20
13616,156,3,6,49
13617,5283,146,46,44
13618,1697,174,22,17
13619,4150,147,13,11
13620,4913,143,58,36
13621,3493,195,20,37
13622,1379,60,24,26
13623,5840,67,60,12
13624,5732,116,54,54
13625,2596,117,44,48
13626,4671,60,,44
13627,4333,123,8,55
13628,1015,120,32,33
13629,4954,53,43,60
13630,2207,79,35,59
13631,5892,178,47,38
13632,3199,154,42,58
13633,1153,85,47,30
13634,402,73,57,18
13635,251,160,8,22
13636,5320,33,33,2
13637,286,146,35,35
13638,11,40,21,41
13639,3009,37,15,19
13640,2336,114,59,48
13641,1201,67,19,37
13642,3957,139,31,40
13643,1447,111,32,22
13644,2990,211,-6,52
13645,5641,35,33,17
13646,80,77,57,18
13647,2474,39,17,26
13648,2948,41,10,2
13649,2362,144,2,22
13650,2039,201,46,15
13651,4386,96,18,15
13652,4391,215,11,53
13653,5240,44,20,50
13654,2461,201,21,34
13655,5469,49,34,49
13656,5289,86,55,11
13657,4947,90,29,44
13658,5105,86,30,54
13659,3270,7,60,11
13660,2322,73,3,54
13661,879,195,18,12
13662,396,82,46,17
13663,39,58,57,30
13664,862,126,51,35
13665,3592,144,19,19
13666,2875,210,46,3
13667,4570,190,48,8
13668,3204,187,60,3
13669,3896,65,34,21
13670,4644,131,24,29
13671,2734,74,9,10
13672,1971,218,36,10
13673,1513,213,40,40
13674,5648,137,5,29
13675,3005,171,22,48
13676,4147,145,14,37
13677,1414,88,36,24
13678,1879,115,18,6
13679,695,173,6,53
13680,891,64,36,20
13681,959,28,25,30
13682,2143,171,52,38
13683,1445,218,40,41
13684,1435,25,21,17
13685,2504,34,15,34
13686,1920,165,17,43
13687,4419,70,52,13
13688,28,33,41,31
13689,4460,5,24,40
13690,5956,6,38,50
13691,3610,87,6,23
13692,2768,187,60,41
13693,1226,220,13,3
13694,5535,168,50,6
13695,1322,77,25,36
13696,3930,25,2,37
13697,4996,103,17,51
13698,2103,151,60,23
13699,4415,138,43,51
13700,521,32,6,49
13701,634,152,28,52
13702,1190,110,39,17
13703,580,199,5,28
13704,1703,208,16,41
13705,133,60,33,0
13706,1003,61,54,6
13707,4279,123,,33
13708,3408,208,13,51
13709,5824,68,28,38
13710,4688,12,14,45
13711,4233,174,31,49
13712,3942,218,5,32
13713,273,98,59,45
13714,2249,137,55,40
13715,5109,186,33,4
13716,5767,60,11,2
13717,242,180,30,43
13718,5523,93,56,22
13719,632,209,1,27
13720,697,42,32,52
13721,5450,29,26,48
13722,297,65,36,24
13723,3388,86,50,859
13724,4104,211,-2,39
13725,946,142,26,0
13726,4947,16,37,41
13727,3195,99,27,21
13728,5254,15,53,35
13729,1167,65,20,21
13730,4240,206,,43
13731,297,69,9,36
13732,2971,102,20,35
13733,2001,122,55,39
13734,1317,126,20,53
13735,2907,135,53,5
13736,52,38,12,49
13737,4259,74,22,38
13738,4660,40,31,17
13739,3290,171,54,47
13740,5472,27,26,51
13741,4373,82,22,21
13742,3422,2,21,32
13743,5037,30,28,24
13744,4965,3,9,38
13745,276,132,8,6
13746,4693,95,41,50
13747,5370,10,25,17
13748,2739,153,52,51
13749,4791,110,14,5
13750,4298,126,40,7
13751,3875,153,33,32
13752,5299,46,12,56
13753,4822,112,46,1
13754,3040,130,24,57
13755,5526,5,21,22
13756,2452,170,29,37
13757,853,40,11,23
13758,3909,88,,32
13759,4792,30,23,34
13760,2209,146,3,49
13761,4834,25,47,3
13762,5946,197,6,49
13763,4908,120,38,42
13764,1396,151,12,43
13765,1304,82,35,19
13766,263,184,18,1
13767,4754,52,53,15
13768,1682,219,52,11
13769,4553,211,46,0
13770,4388,114,59,11
13771,4392,143,23,25
13772,5646,85,25,26
13773,5535,136,27,47
13774,1060,178,42,24
13775,3112,193,38,21
13776,99,4,41,55
13777,5417,154,53,5
13778,2918,142,42,44
13779,3406,89,56,41
13780,675,111,59,55
13781,5424,51,39,47
13782,833,145,29,15
13783,1855,13,55,42
13784,4152,103,32,39
13785,3956,127,,44
13786,1531,90,45,56
13787,998,146,37,21
13788,434,61,1,26
13789,2989,108,39,18
13790,4916,127,19,52
13791,929,80,20,6
13792,1789,102,23,6
13793,4203,89,51,18
13794,2391,87,-2,11
13795,2013,76,56,35
13796,1417,72,26,13
13797,1949,47,32,3
13798,5157,120,43,13
13799,5376,154,16,7
13800,1928,196,28,53
13801,4458,79,23,33
13802,2813,141,24,41
13803,4556,84,30,17
13804,781,202,7,26
13805,4387,152,25,60
13806,2740,49,46,27
13807,4006,73,45,12
13808,4732,139,37,47
13809,4375,190,-6,39
13810,398,77,49,15
13811,794,94,47,36
13812,4700,160,35,58
13813,4100,202,30,0
13814,1046,137,4,21
13815,1746,197,55,24
13816,5723,57,2,7
13817,888,186,46,60
13818,62,106,17,5
13819,3169,131,50,5
13820,2017,88,46,46
13821,4004,173,27,59
13822,587,30,36,49
13823,4826,44,46,59
13824,2026,215,5,44
13825,4162,138,29,19
13826,1978,89,5,33
13827,3690,142,27,13
13828,4387,74,48,29
13829,1138,196,56,43
13830,4758,89,54,2
13831,2827,132,35,39
13832,5272,87,13,12
13833,2734,127,22,38
13834,5443,80,48,34
13835,4459,125,52,25
13836,354,79,11,11
13837,1314,78,17,50
13838,4281,157,3,10
13839,5856,126,49,2
13840,1067,69,1,9
13841,5309,29,54,32
13842,4412,124,32,20
13843,1248,135,44,46
13844,3197,143,56,27
13845,5609,30,16,59
13846,3535,150,25,35
13847,126,23,23,41
13848,4559,143,-2,6
13849,5204,27,34,48
13850,5516,39,23,40
13851,2280,5,20,53
13852,5036,86,33,36
13853,5000,26,40,30
13854,2935,38,58,6
13855,3209,39,52,3
13856,2811,162,48,38
13857,3641,215,30,26
13858,3442,80,58,727
13859,1067,8,13,10
13860,1251,88,50,49
13861,5820,95,51,53
13862,1264,183,34,10
13863,5355,158,31,6
13864,2764,121,33,22
13865,5229,79,33,25
13866,2381,195,39,34
13867,5770,88,1,38
13868,1077,179,6,24
13869,1420,19,29,30
13870,3705,211,38,28
13871,3962,85,38,60
13872,1940,9,53,561
13873,5211,117,31,34
13874,2301,79,16,23
13875,715,170,55,53
13876,299,57,3,12
13877,5881,131,31,14
13878,2006,209,38,4
13879,4547,200,16,13
13880,358,30,14,58
13881,2292,142,30,56
13882,1071,127,17,49
13883,4982,212,13,20
13884,5763,30,18,14
13885,2217,5,7,1
13886,5532,144,33,0
13887,2202,136,32,3
13888,1470,118,27,14
13889,5795,162,32,25
13890,4529,194,45,10
13891,239,163,39,40
13892,2443,36,17,46
13893,569,79,22,11
13894,4777,219,58,36
13895,5139,150,5,16
13896,63,200,3,17
13897,3340,49,54,33
13898,3412,188,41,37
13899,4141,79,28,20
13900,715,132,25,21
13901,3100,29,16,1
13902,1548,198,20,17
13903,205,208,52,25
13904,169,87,13,11
13905,4846,121,53,18
13906,3275,160,31,4
13907,61,107,39,57
13908,1725,95,29,28
13909,3591,143,13,40
13910,1521,219,,28
13911,5159,63,18,22
13912,1737,2,28,6
13913,1286,84,46,44
13914,5512,154,24,21
13915,1793,144,28,14
13916,5523,51,60,19
13917,3679,191,49,43
13918,5835,3,22,2
13919,3114,94,28,34
13920,3215,210,47,59
13921,3610,27,13,4
13922,2307,13,6,14
13923,1498,102,22,15
13924,1853,145,54,28
13925,417,64,60,28
13926,1480,62,15,22
13927,5372,68,39,39
13928,341,132,24,29
13929,286,31,38,15
13930,2488,78,13,43
13931,5655,145,7,48
13932,1283,128,26,57
13933,1668,162,39,20
13934,4228,90,58,4
13935,1101,55,,49
13936,4121,87,23,6
13937,1817,136,16,14
13938,5808,105,24,4
13939,620,50,23,44
13940,5837,194,56,40
13941,2241,92,31,58
13942,5508,82,1,60
13943,4867,117,52,22
13944,5044,160,34,48
13945,61,200,59,3
13946,602,138,6,36
13947,238,93,10,34
13948,4579,151,14,46
13949,4382,40,6,0
13950,575,176,2,32
13951,4046,151,53,35
13952,4592,128,19,21
13953,2252,121,40,40
13954,3646,43,47,35
13955,301,147,13,610
13956,1885,143,24,58
13957,3516,14,9,9
13958,2230,171,9,44
13959,3876,142,57,42
13960,3836,114,60,4
13961,2915,178,1,53
13962,5770,171,35,49
13963,2902,181,20,5
13964,1677,184,43,34
13965,391,130,15,14
13966,1591,55,59,18
13967,1416,105,55,16
13968,88,209,2,48
13969,3961,72,51,10
13970,817,73,44,16
13971,1957,141,12,49
13972,1741,103,,57
13973,3493,42,46,46
13974,5588,195,38,43
13975,3340,5,21,8
13976,2533,163,19,0
13977,2418,128,53,48
13978,5713,28,1,2
13979,2790,189,31,35
13980,3389,139,30,43
13981,981,31,27,17
13982,1029,79,50,54
13983,4176,146,27,55
13984,1576,165,25,57
13985,3278,56,3,28
13986,4442,116,8,29
13987,2911,215,29,40
13988,4562,46,43,47
13989,1626,20,50,14
13990,3108,194,3,28
13991,3998,73,25,47
13992,1130,41,10,8
13993,2469,97,57,51
13994,2021,159,25,55
13995,5496,158,44,8
13996,4631,27,38,30
13997,4660,101,-5,12
13998,755,81,48,44
13999,2119,209,17,37
14000,5651,151,16,34
14001,2551,116,6,57
14002,3293,128,23,47
14003,5444,74,48,32
14004,3491,79,41,35
14005,5968,5,38,50
14006,4916,193,3,35
14007,2615,14,42,24
14008,484,209,12,13
14009,2906,167,24,43
14010,2309,174,41,3
14011,5757,146,21,60
14012,742,77,48,48
14013,3728,36,40,43
14014,822,97,2,47
14015,5086,216,26,2
14016,3148,115,5,56
14017,3775,118,35,47
14018,580,153,31,24
14019,5581,194,14,7
14020,759,40,16,50
14021,4841,96,56,52
14022,2657,172,55,1
14023,380,102,59,21
14024,3707,36,51,1
14025,5300,173,7,54
14026,5097,198,1,22
14027,1235,111,12,37
14028,2034,143,20,46
14029,357,93,41,13
14030,2832,106,43,25
14031,4275,27,37,53
14032,445,28,50,41
14033,403,202,30,34
14034,5516,27,60,6
14035,3444,70,15,42
14036,5689,151,37,739
14037,2926,36,16,29
14038,2962,6,30,50
14039,1430,158,28,42
14040,2902,140,47,34
14041,1987,35,41,51
14042,4210,122,22,16
14043,5340,133,56,689
14044,3239,120,19,4
14045,1170,166,36,19
14046,321,84,2,17
14047,1669,145,4,30
14048,366,6,35,25
14049,5551,124,34,29
14050,433,72,6,48
14051,2075,34,39,36
14052,1681,38,4,22
14053,4973,108,26,57
14054,1197,146,11,48
14055,420,162,56,30
14056,5069,213,15,56
14057,259,124,13,18
14058,3426,124,21,34
14059,5327,146,38,0
14060,5818,172,37,30
14061,4842,57,28,22
14062,4630,40,,56
14063,4144,96,23,12
14064,3118,101,50,54
14065,2385,59,19,53
14066,2382,103,27,46
14067,907,163,6,28
14068,731,105,,15
14069,2303,131,9,57
14070,4114,204,59,54
14071,1736,177,,11
14072,5868,127,9,57
14073,5906,92,30,21
14074,3345,46,20,20
14075,1828,31,20,56
14076,1419,184,8,36
14077,903,25,31,38
14078,2965,25,54,19
14079,493,189,55,35
14080,5106,167,4,8
14081,2375,190,35,27
14082,435,177,3,6
14083,3274,61,7,17
14084,3783,5,42,6
14085,4201,152,-5,46
14086,2417,104,12,20
14087,1048,24,50,55
14088,428,32,31,54
14089,5794,151,,10
14090,3922,10,22,53
14091,5955,38,39,30
14092,1797,56,51,41
14093,2990,116,12,53
14094,2502,100,1,7
14095,5999,132,53,56
14096,2133,88,11,60
14097,3194,180,37,55
14098,1893,58,32,39
14099,5983,47,27,37
14100,3924,13,30,52
14101,3757,160,0,34
14102,1681,168,60,45
14103,5192,22,45,24
14104,5556,92,3,28
14105,5673,132,33,26
14106,2828,90,35,38
14107,940,162,13,53
14108,3262,181,25,41
14109,1209,36,33,36
14110,2801,58,45,15
14111,5442,200,25,35
14112,505,18,3,10
14113,2781,102,43,41
14114,4311,43,39,37
14115,5665,109,47,60
14116,3636,199,5,18
14117,4704,137,39,25
14118,5185,51,8,29
14119,2221,5,55,21
14120,328,206,34,40
14121,2146,141,17,0
14122,1041,142,38,39
14123,2313,80,56,16
14124,1027,137,46,38
14125,4731,43,47,25
14126,4334,32,9,42
14127,5848,139,20,35
14128,2731,57,52,13
14129,5665,201,10,53
14130,3590,176,34,60
14131,5802,89,52,1
14132,4919,89,42,41
14133,3224,55,3,54
14134,405,10,2,15
14135,900,7,49,57
14136,901,45,27,41
14137,75,210,,5
14138,604,36,33,2
14139,5135,37,38,45
14140,5615,196,19,51
14141,2305,193,28,16
14142,1323,46,25,50
14143,2331,10,31,24
14144,4465,100,14,40
14145,3280,59,16,21
14146,2574,197,19,50
14147,3408,9,40,31
14148,3000,80,0,28
14149,1381,152,59,33
14150,3989,146,0,6
14151,5833,110,9,5
14152,4111,132,30,14
14153,2625,173,2,42
14154,2037,28,23,8
14155,2985,44,43,45
14156,1488,38,2,35
14157,749,48,43,31
14158,2556,156,38,15
14159,4921,14,60,0
14160,793,24,8,32
14161,444,200,6,52
14162,1150,220,14,16
14163,2134,101,46,31
14164,5730,161,49,36
14165,1342,196,25,35
14166,4820,12,34,57
14167,3306,212,59,32
14168,2603,68,9,15
14169,4771,21,37,26
14170,4166,141,2,44
14171,5672,19,38,35
14172,549,124,52,0
14173,956,96,38,7
14174,5915,120,28,0
14175,2444,192,17,14
14176,5471,67,30,40
14177,1167,23,52,57
14178,5531,187,13,35
14179,945,73,-7,23
14180,5252,182,19,41
14181,5479,161,10,1
14182,2200,108,19,58
14183,4285,192,57,21
14184,3030,37,45,21
14185,5557,148,11,60
14186,1120,178,3,50
14187,4635,3,18,9
14188,2851,137,45,53
14189,1443,164,38,36
14190,5910,123,55,753
14191,1104,40,17,16
14192,2291,195,25,57
14193,1502,119,33,35
14194,2320,83,50,39
14195,2680,3,27,39
14196,4543,125,23,33
14197,1233,90,31,10
14198,4875,40,49,23
14199,4130,121,26,16
14200,354,194,44,25
14201,2100,112,39,1
14202,3350,76,17,42
14203,1923,218,-5,28
14204,570,87,55,57
14205,1764,12,48,22
14206,905,113,31,60
14207,4220,215,24,5
14208,1947,211,23,53
14209,5603,129,53,28
14210,1304,101,39,3
14211,699,22,56,39
14212,1970,197,10,14
14213,1299,96,12,28
14214,1741,10,56,28
14215,5153,161,13,49
14216,5905,32,43,48
14217,3213,192,35,35
14218,3654,135,3,56
14219,5425,184,48,8
14220,3474,79,36,59
14221,3290,66,57,49
14222,4044,10,20,35
14223,1763,15,30,50
14224,2383,108,2,814
14225,2848,132,30,10
14226,517,197,5,40
14227,1986,147,30,46
14228,1735,209,57,4
14229,3028,219,6,50
14230,4376,22,49,19
14231,3518,194,37,44
14232,78,114,58,45
14233,2155,61,51,60
14234,2375,38,25,53
14235,2323,48,16,14
14236,1170,163,9,16
14237,1536,147,59,21
14238,3070,62,34,19
14239,1447,80,1,38
14240,1505,185,25,1
14241,3367,95,44,17
14242,1769,32,56,6
14243,5781,198,0,39
14244,1958,113,30,18
14245,5463,161,54,58
14246,674,156,48,16
14247,1317,131,22,8
14248,2551,202,12,14
14249,5218,2,24,56
14250,490,82,1,58
14251,3602,139,8,60
14252,1607,79,47,22
14253,1645,188,40,18
14254,2592,38,46,27
14255,5346,172,19,39
14256,4233,63,58,53
14257,3394,24,39,38
14258,3623,64,29,53
14259,115,110,10,23
14260,3756,126,10,18
14261,2306,68,56,7
14262,2866,54,39,24
14263,272,135,,26
14264,2508,131,38,36
14265,5218,20,35,23
14266,2408,200,37,27
14267,3767,50,25,34
14268,5758,156,18,20
14269,4230,156,42,57
14270,1923,74,39,46
14271,758,186,24,55
14272,2653,179,1,41
14273,5396,28,59,0
14274,4337,199,34,32
14275,2980,97,12,29
14276,3873,59,47,48
14277,3976,136,36,42
14278,4572,197,1,59
14279,3363,42,11,13
14280,1064,27,6,42
14281,1455,85,15,17
14282,2243,67,17,40
14283,3752,34,48,5
14284,4704,32,11,20
14285,3256,206,28,55
14286,5781,91,26,6
14287,5002,49,45,22
14288,578,150,13,50
14289,1776,55,37,21
14290,2982,122,30,32
14291,3962,201,43,31
14292,3165,27,10,28
14293,3435,93,7,59
14294,5674,153,10,19
14295,886,2,3,51
14296,4949,10,1,53
14297,4194,18,51,40
14298,3334,37,2,26
14299,3493,23,0,54
14300,323,21,5,44
14301,2999,30,43,50
14302,5289,136,52,48
14303,2162,115,29,14
14304,868,21,46,1
14305,24,60,0,47
14306,2732,150,30,14
14307,3187,30,11,53
14308,3010,91,7,37
14309,526,57,50,58
14310,1329,166,8,26
14311,2729,11,38,57
14312,993,123,40,53
14313,439,209,40,44
14314,4662,192,18,38
14315,304,72,20,28
14316,4516,71,31,7
14317,1721,91,-5,11
14318,5848,89,45,52
14319,4167,46,47,35
14320,3211,85,27,32
14321,5907,141,48,24
14322,5150,66,16,49
14323,1230,116,32,39
14324,640,118,46,57
14325,3578,28,40,33
14326,1349,6,23,760
14327,1621,199,19,22
14328,3793,109,59,59
14329,1081,88,19,4
14330,5808,44,4,18
14331,289,123,30,35
14332,623,144,53,46
14333,4940,177,14,39
14334,5303,113,46,35
14335,2121,114,26,55
14336,2788,77,31,24
14337,2186,167,21,13
14338,4098,201,26,30
14339,1634,110,11,59
14340,5287,144,17,46
14341,1210,163,12,52
14342,2426,11,20,40
14343,5777,19,50,28
14344,5346,219,14,10
14345,1582,111,7,12
14346,2528,47,1,43
14347,1074,140,30,42
14348,5630,73,46,0
14349,3346,47,30,40
14350,1270,149,22,9
14351,2412,33,38,14
14352,3761,67,45,21
14353,5640,14,33,8
14354,209,124,22,38
14355,4213,192,6,28
14356,1787,20,49,6
14357,650,183,53,8
14358,5914,4,48,12
14359,1609,108,0,34
14360,4239,29,22,50
14361,5852,92,44,33
14362,4601,122,22,45
14363,5183,41,33,53
14364,368,169,56,45
14365,889,158,38,41
14366,4728,103,14,23
14367,1889,24,14,15
14368,2719,133,46,26
14369,4154,211,22,1
14370,4408,84,-5,49
14371,2206,207,56,54
14372,5351,13,6,3
14373,5420,53,,39
14374,393,80,43,49
14375,5036,151,41,34
14376,4662,56,58,38
14377,326,126,12,12
14378,3014,108,44,47
14379,2167,39,2,24
14380,2164,197,2,9
14381,4853,170,33,52
14382,2044,218,41,18
14383,867,127,52,54
14384,973,83,8,9
14385,1504,138,41,52
14386,739,205,23,40
14387,1503,118,30,24
14388,5548,92,51,36
14389,2945,64,48,9
14390,2182,43,20,55
14391,5693,203,28,22
14392,3866,100,11,19
14393,1455,153,49,60
14394,3452,169,6,33
14395,2687,43,33,35
14396,1474,133,7,718
14397,1084,69,20,34
14398,1225,76,52,42
14399,3543,115,8,3
14400,5921,142,33,57
14401,5648,169,27,5
14402,4266,105,10,56
14403,5363,214,20,38
14404,2307,4,50,47
14405,3577,160,53,16
14406,260,218,23,21
14407,1247,149,28,21
14408,1871,52,35,16
14409,5686,112,10,7
14410,4185,89,47,43
14411,5131,31,21,23
14412,5989,179,12,35
14413,2361,196,27,36
14414,2860,212,42,15
14415,3803,56,24,21
14416,1404,127,47,27
14417,522,32,58,44
14418,5890,123,24,48
14419,2699,190,57,40
14420,3422,94,-5,44
14421,5798,130,,30
14422,4559,115,10,58
14423,2338,11,7,0
14424,3839,187,45,25
14425,5155,171,22,42
14426,2934,109,2,59
14427,478,184,42,58
14428,3624,53,9,57
14429,2730,191,25,20
14430,5121,16,40,58
14431,4992,15,22,49
14432,1940,132,0,22
14433,2205,108,21,1
14434,1657,39,18,605
14435,212,122,0,44
14436,4539,129,51,43
14437,2244,192,40,11
14438,5208,80,48,33
14439,1762,195,30,59
14440,3381,195,15,32
14441,5181,107,3,33
14442,4020,161,45,12
14443,3255,88,18,59
14444,2053,106,47,3
14445,691,165,2,35
14446,1548,160,55,45
14447,438,217,5,27
14448,5131,164,15,22
14449,2888,27,16,527
14450,1148,81,-6,1
14451,5797,163,32,41
14452,1976,166,46,17
14453,5075,148,46,4
14454,2988,187,51,45
14455,27,30,58,28
14456,5025,92,1,12
14457,2239,66,39,44
14458,1832,185,3,20
14459,5774,24,12,20
14460,1474,169,26,50
14461,58,7,35,38
14462,4554,169,28,22
14463,4485,161,49,25
14464,499,101,43,25
14465,2260,51,1,27
14466,4231,125,20,2
14467,4475,113,41,53
14468,3190,42,48,53
14469,2423,131,4,28
14470,2107,86,20,53
14471,4584,189,56,50
14472,674,108,24,6
14473,5324,71,44,48
14474,1460,48,51,4
14475,576,74,12,6
14476,9,173,,28
14477,3945,28,,47
14478,5232,11,48,9
14479,1778,73,38,11
14480,5012,178,25,5
14481,1867,213,1,14
14482,3395,45,35,37
14483,4599,158,46,39
14484,1896,41,34,58
14485,350,211,3,52
14486,1137,107,54,42
14487,1705,20,43,13
14488,2116,201,6,58
14489,799,16,40,3
14490,1453,33,54,22
14491,797,107,14,13
14492,2131,87,13,47
14493,1501,164,7,1
14494,4438,179,56,38
14495,581,157,34,14
14496,1864,14,47,43
14497,3707,6,12,16
14498,573,137,40,17
14499,465,182,19,13
14500,60,128,57,56
14501,2239,190,49,2
14502,5161,200,48,60
14503,5480,161,20,35
14504,2494,68,20,9
14505,3208,94,1,30
14506,5786,53,5,51
14507,2234,28,39,6
14508,1247,144,32,19
14509,1803,96,55,60
14510,2753,57,44,4
14511,4534,197,-2,51
14512,416,41,50,25
14513,5246,59,13,9
14514,3346,22,37,47
14515,167,3,8,2
14516,72,100,54,18
14517,4950,188,20,45
14518,192,189,34,47
14519,810,190,57,30
14520,580,188,,29
14521,3824,41,46,15
14522,5880,139,51,38
14523,3323,112,10,39
14524,4812,214,38,29
14525,1549,89,32,40
14526,1570,71,40,5
14527,3548,195,21,3
14528,129,43,38,5
14529,175,90,43,7
14530,530,155,,4
14531,4796,198,60,32
14532,2150,202,16,51
14533,2600,204,8,19
14534,4329,144,8,27
14535,1643,72,13,3
14536,3154,57,8,22
14537,1187,145,23,24
14538,704,4,12,23
14539,5920,171,53,6
14540,2412,117,39,45
14541,2734,210,33,4
14542,2608,178,57,0
14543,162,135,13,32
14544,1402,26,60,4
14545,1600,69,31,0
14546,3267,198,50,52
14547,986,135,15,43
14548,4218,70,8,39
14549,1734,161,26,51
14550,776,122,42,26
14551,721,146,-5,13
14552,5251,18,6,6
14553,5084,76,42,57
14554,4691,158,0,42
14555,3874,155,57,47
14556,2751,130,56,26
14557,5625,156,3,31
14558,970,138,19,49
14559,2217,48,41,6
14560,3422,184,13,13
14561,482,32,27,25
14562,789,59,38,13
14563,3889,50,25,4
14564,4720,140,18,16
14565,4760,155,59,32
14566,3045,139,57,31
14567,2201,135,21,12
14568,1137,69,48,4
14569,5990,96,39,48
14570,5586,107,18,57
14571,4598,220,57,40
14572,3795,164,1,18
14573,2492,187,,52
14574,2259,151,5,12
14575,411,146,40,17
14576,1359,102,8,7
14577,1935,18,21,29
14578,3451,23,22,29
14579,1821,90,20,41
14580,1840,98,16,50
14581,5141,5,60,6
14582,3148,206,39,43
14583,3045,36,36,47
14584,3522,113,41,10
14585,1941,75,41,31
14586,258,21,19,39
14587,4695,26,3,50
14588,3083,158,54,55
14589,2550,172,54,9
14590,189,100,25,710
14591,1966,214,40,27
14592,503,66,17,46
14593,3830,196,51,38
14594,5343,160,31,59
14595,5294,210,6,56
14596,3614,99,2,26
14597,5407,2,1,48
14598,743,45,43,573
14599,2455,51,4,54
14600,685,10,0,39
14601,1320,187,41,23
14602,1773,55,19,14
14603,5019,189,-9,28
14604,1010,165,26,11
14605,3143,85,53,36
14606,3484,119,44,39
14607,3919,17,17,45
14608,5616,196,27,32
14609,5983,96,28,17
14610,2464,87,10,33
14611,5239,41,20,48
14612,4467,200,57,59
14613,1667,161,46,25
14614,343,170,36,60
14615,3814,50,23,22
14616,4768,121,28,9
14617,4221,209,39,32
14618,2775,106,37,54
14619,1549,207,42,44
14620,3389,139,42,24
14621,5798,129,17,661
14622,1721,125,11,32
14623,1772,146,15,42
14624,1758,79,51,0
14625,3264,12,30,42
14626,3988,119,5,21
14627,3188,19,15,41
14628,3140,70,,2
14629,1498,132,-4,40
14630,1564,139,14,57
14631,5801,14,18,3
14632,4973,78,47,5
14633,909,40,14,26
14634,4421,160,12,48
14635,1868,219,50,42
14636,2614,191,28,58
14637,2403,95,53,34
14638,5343,166,29,56
14639,1830,127,50,28
14640,2135,61,36,13
14641,2702,54,1,14
14642,3030,27,36,17
14643,4402,122,33,57
14644,927,62,39,22
14645,1995,174,56,43
14646,3000,69,13,12
14647,2903,217,33,40
14648,4997,183,15,10
14649,10,155,24,27
14650,5304,47,60,6
14651,2561,174,27,60
14652,2788,115,34,34
14653,2447,118,21,35
14654,4491,13,32,41
14655,317,81,42,29
14656,5359,179,20,52
14657,1193,129,57,43
14658,2101,102,45,5
14659,3241,83,19,14
14660,171,91,5,0
14661,3413,166,33,34
14662,5159,113,15,33
14663,5192,36,10,24
14664,5486,205,49,36
14665,5437,183,48,38
14666,1725,54,52,6
14667,5020,166,39,54
14668,2914,46,15,59
14669,74,169,1,21
14670,3479,203,26,40
14671,1709,76,51,14
14672,2256,97,21,47
14673,2393,160,39,53
14674,555,108,52,18
14675,2491,212,53,53
14676,1528,69,47,56
14677,972,76,56,12
14678,116,62,16,4
14679,2246,110,11,22
14680,4697,206,55,53
14681,2283,27,9,50
14682,5528,155,17,50
14683,65,87,43,48
14684,2264,16,41,1
14685,3376,117,-5,33
14686,872,23,19,20
14687,3017,208,13,14
14688,5515,17,22,41
14689,3505,5,26,52
14690,4115,7,54,34
14691,1517,66,27,59
14692,2929,51,47,0
14693,1262,190,52,11
14694,4676,93,21,9
14695,3654,44,58,45
14696,2119,143,35,37
14697,5163,87,23,60
14698,4665,107,32,16
14699,1548,142,36,45
14700,4314,141,35,29
14701,4850,181,-9,39
14702,2569,198,50,45
14703,1045,13,9,34
14704,1592,88,8,48
14705,3089,209,42,30
14706,3122,111,30,13
14707,3030,162,51,34
14708,1023,120,6,54
14709,3807,158,51,24
14710,2628,21,38,56
14711,4882,2,29,25
14712,983,96,60,57
14713,1740,85,2,32
14714,3230,135,26,1
14715,4320,70,19,37
14716,2143,22,7,51
14717,5402,198,33,40
14718,4835,43,56,60
14719,5625,2,1,41
14720,4581,201,9,5
14721,4974,15,9,18
14722,3602,98,11,18
14723,2217,68,36,49
14724,4425,28,54,22
14725,2799,26,40,54
14726,2209,63,18,3
14727,5023,127,51,3
14728,147,107,58,14
14729,4236,53,10,14
14730,4197,109,12,16
14731,2997,199,59,57
14732,1719,143,47,26
14733,2557,25,41,28
14734,2079,78,32,22
14735,65,202,29,4
14736,4594,65,21,51
14737,2304,93,35,24
14738,1310,72,54,32
14739,1797,204,49,56
14740,5090,198,13,46
14741,339,167,45,54
14742,2338,145,47,34
14743,5923,134,44,39
14744,4233,29,54,53
14745,5218,131,43,40
14746,3210,117,14,60
14747,4911,99,1,1
14748,5914,1,41,31
14749,2379,147,37,606
14750,1334,189,46,43
14751,3125,51,6,11
14752,5477,195,21,60
14753,846,200,42,48
14754,3482,153,33,13
14755,3886,171,7,59
14756,4724,5,57,35
14757,5462,15,33,20
14758,2263,11,7,55
14759,4137,45,30,12
14760,2399,39,5,53
14761,4222,137,29,3
14762,3792,202,3,11
14763,2129,69,46,23
14764,4776,136,7,18
14765,4525,96,,34
14766,2997,176,0,3
14767,5067,133,21,5
14768,4114,96,0,20
14769,4686,63,21,16
14770,3713,58,28,50
14771,4329,213,32,8
14772,3663,68,24,59
14773,2274,164,16,601
14774,5367,205,16,53
14775,3235,132,2,10
14776,206,126,1,11
14777,5300,113,46,8
14778,3517,11,6,32
14779,4377,195,0,53
14780,955,75,-10,39
14781,4047,4,29,40
14782,2393,192,53,35
14783,2425,147,18,18
14784,968,102,48,45
14785,3387,65,40,54
14786,2299,168,34,37
14787,3842,172,2,38
14788,2486,148,24,20
14789,5070,14,3,842
14790,4152,7,31,15
14791,755,85,41,56
14792,4327,73,8,37
14793,5410,143,4,19
14794,4066,135,14,52
14795,5028,1,37,1
14796,3694,9,8,872
14797,5974,132,2,52
14798,1833,210,15,54
14799,4269,4,38,7
14800,4650,206,6,54
14801,4539,49,29,31
14802,1672,208,56,22
14803,3479,179,31,4
14804,2416,155,51,41
14805,2765,105,35,11
14806,8,106,38,3
14807,2447,209,1,12
14808,2615,54,43,23
14809,3101,97,9,12
14810,2502,100,28,48
14811,5020,92,51,14
14812,1670,113,31,38
14813,4648,86,30,667
14814,3669,150,12,58
14815,43,205,9,35
14816,3012,179,9,37
14817,4188,6,2,8
14818,2093,207,25,4
14819,1200,33,52,21
14820,64,66,54,42
14821,2155,215,36,23
14822,938,1,23,23
14823,3989,191,51,8
14824,3918,137,16,4
14825,2967,100,29,50
14826,4350,132,25,46
14827,5921,28,24,10
14828,1117,108,22,41
14829,1514,195,56,56
14830,2100,66,43,12
14831,3621,114,52,18
14832,685,76,38,21
14833,368,79,43,28
14834,5810,205,46,60
14835,3817,172,52,26
14836,5323,26,,53
14837,3974,159,43,21
14838,4263,83,12,9
14839,3165,34,22,49
14840,4556,121,45,5
14841,5643,75,16,57
14842,5323,163,16,38
14843,4704,107,15,21
14844,2344,99,4,6
14845,1628,136,16,20
14846,5816,49,56,51
14847,45,192,8,38
14848,4717,8,15,1
14849,5714,185,42,30
14850,4992,94,26,55
14851,242,220,22,31
14852,5199,37,7,16
14853,2119,213,8,59
14854,388,109,42,51
14855,3198,120,27,14
14856,3242,9,58,29
14857,136,111,44,39
14858,508,178,8,9
14859,1504,167,55,22
14860,4308,95,8,40
14861,4555,71,7,24
14862,4616,115,36,35
14863,3934,163,16,1
14864,501,124,26,33
14865,1879,5,44,47
14866,35,60,20,24
14867,2156,154,55,47
14868,5211,174,60,16
14869,4933,43,12,59
14870,993,206,41,27
14871,2129,115,59,51
14872,577,57,40,13
14873,769,27,30,50
14874,1200,209,29,8
14875,2046,86,46,22
14876,1987,40,49,43
14877,3255,141,54,30
14878,5356,128,,48
14879,2196,130,12,38
14880,1159,10,53,25
14881,5547,87,21,58
14882,4785,191,11,59
14883,1727,117,46,50
14884,2908,47,46,9
14885,2853,97,22,57
14886,2844,21,46,20
14887,1008,145,9,31
14888,5682,72,-8,52
14889,2918,132,22,33
14890,4349,196,14,17
14891,2686,178,34,3
14892,4781,197,55,4
14893,3290,130,-9,35
14894,957,46,21,37
14895,1398,93,3,17
14896,2461,76,8,27
14897,188,70,31,5
14898,2366,220,34,36
14899,4162,12,16,54
14900,3735,151,23,12
14901,1937,14,24,25
14902,332,71,21,49
14903,1893,108,46,46
14904,1104,56,58,34
14905,1347,10,54,56
14906,1497,91,53,50
14907,1233,143,49,39
14908,4500,50,57,1
14909,2742,60,30,52
14910,5079,80,53,1
14911,3461,109,32,7
14912,3179,71,44,33
14913,3499,201,17,42
14914,2561,146,49,12
14915,2035,134,23,30
14916,1335,32,41,9
14917,5464,125,56,0
14918,822,147,8,41
14919,2779,114,15,31
14920,560,206,13,38
14921,1530,95,48,811
14922,1419,41,30,42
14923,4709,110,57,47
14924,5296,186,58,0
14925,102,84,50,12
14926,966,197,33,2
14927,4332,38,1,55
14928,2030,169,12,60
14929,5539,127,21,14
14930,4327,71,53,28
14931,2072,63,14,5
14932,5122,37,5,25
14933,5626,65,46,18
14934,93,164,29,43
14935,619,123,33,31
14936,1859,8,3,22
14937,2913,44,51,21
14938,5605,132,12,24
14939,4959,175,51,8
14940,4958,102,52,25
14941,4571,20,0,54
14942,1876,3,1,58
14943,5571,43,6,35
14944,3233,177,22,15
14945,2750,219,48,14
14946,946,133,6,1
14947,4608,105,48,53
14948,1115,159,57,17
14949,1910,45,5,52
14950,2391,149,14,46
14951,4700,79,7,0
14952,3042,133,30,46
14953,3994,171,56,51
14954,3563,168,37,33
14955,4697,102,51,1
14956,485,157,37,39
14957,3005,69,44,10
14958,3476,33,38,13
14959,5192,121,2,31
14960,1066,202,60,15
14961,5478,160,46,54
14962,3526,149,18,6
14963,1524,10,15,7
14964,4758,32,21,54
14965,864,80,60,52
14966,2913,156,25,7
14967,2973,7,23,670
14968,759,196,33,52
14969,4182,181,25,2
14970,147,5,35,6
14971,4558,35,10,41
14972,1989,38,52,58
14973,5174,171,0,0
14974,2874,99,19,10
14975,4339,18,38,28
14976,1933,145,25,6
14977,2382,43,42,49
14978,5891,45,27,6
14979,1944,63,25,49
14980,3009,50,33,49
14981,2297,66,20,10
14982,2414,158,41,1
14983,2395,185,49,54
14984,1320,53,28,5
14985,3014,219,29,38
14986,4977,179,19,46
14987,5351,94,38,51
14988,5121,28,46,20
14989,848,200,20,19
14990,1969,98,57,23
14991,4688,61,12,25
14992,1178,172,0,15
14993,2235,104,5,9
14994,2944,162,19,53
14995,5785,26,60,52
14996,1104,41,23,40
14997,5716,203,1,3
14998,924,75,43,21
14999,4573,61,27,17
15000,3782,67,32,48
15001,5512,104,8,13
15002,4662,169,35,26
15003,797,143,47,32
15004,548,130,53,46
15005,3229,51,22,49
15006,601,37,51,16
15007,2274,188,12,6
15008,2106,207,2,8
15009,2339,15,39,37
15010,2312,204,37,45
15011,759,68,5,54
15012,190,182,5,38
15013,2611,73,3,10
15014,2227,203,34,46
15015,2060,45,0,19
15016,4559,142,46,27
15017,5472,44,1,43
15018,1529,112,32,13
15019,457,8,29,12
15020,4633,86,12,34
15021,76,30,60,15
15022,3479,23,60,5
15023,5590,90,57,2
15024,3299,80,28,52
15025,5532,102,6,12
15026,3411,19,5,3
15027,3241,196,49,40
15028,2154,117,14,622
15029,3517,26,51,43
15030,289,103,6,17
15031,5832,179,34,41
15032,2225,112,49,525
15033,4205,26,60,59
15034,2370,103,-3,20
15035,193,193,60,58
15036,1469,104,51,47
15037,3536,214,34,17
15038,5560,63,7,41
15039,3630,104,33,45
15040,3308,59,60,50
15041,1881,75,34,57
15042,5371,54,43,1
15043,4525,76,19,21
15044,5578,1,44,10
15045,1264,144,17,14
15046,4629,96,17,14
15047,5444,10,60,15
15048,4857,80,28,11
15049,1629,148,1,0
15050,3074,115,11,32
15051,1296,84,10,53
15052,2105,47,56,57
15053,5460,196,5,41
15054,1535,116,57,30
15055,1142,31,60,28
15056,4737,117,55,36
15057,419,195,58,55
15058,5489,143,41,17
15059,1145,8,21,36
15060,4910,136,43,34
15061,5490,189,53,23
15062,1327,180,30,46
15063,2843,133,7,26
15064,5899,162,-2,51
15065,5223,134,51,14
15066,4288,31,22,36
15067,1457,111,28,51
15068,4233,123,49,52
15069,3807,104,2,21
15070,5878,35,41,28
15071,4051,36,32,35
15072,3513,52,22,35
15073,2828,180,49,38
15074,587,16,39,35
15075,2875,100,20,52
15076,4472,3,7,31
15077,4899,164,10,27
15078,4454,184,49,39
15079,673,91,22,40
15080,3214,86,51,28
15081,4576,20,26,41
15082,3827,39,55,48
15083,2049,180,1,16
15084,2019,90,19,56
15085,1539,121,2,11
15086,4212,149,47,41
15087,141,87,,10
15088,1984,89,28,18
15089,2336,17,33,6
15090,3386,152,42,49
15091,5222,12,56,30
15092,5824,77,4,50
15093,4115,14,52,45
15094,2880,117,8,4
15095,3662,206,58,9
15096,4378,67,13,52
15097,3828,159,49,56
15098,387,50,23,24
15099,574,108,54,38
15100,3460,1,31,51
15101,4270,211,45,19
15102,235,59,7,43
15103,249,96,45,38
15104,1996,46,59,23
15105,4154,173,23,842
15106,1148,97,51,28
15107,4803,107,24,35
15108,2447,193,37,52
15109,3744,69,24,39
15110,5049,113,26,36
15111,3382,167,20,33
15112,482,54,48,21
15113,1150,19,,10
15114,100,122,35,19
15115,3862,29,3,1
15116,768,202,51,20
15117,740,39,3,53
15118,2135,9,,35
15119,1638,201,28,25
15120,2760,130,26,50
15121,184,79,56,23
15122,1314,160,13,7
15123,2004,210,29,6
15124,1989,73,35,42
15125,4187,98,47,15
15126,870,40,56,27
15127,5128,125,1,28
15128,513,71,49,8
15129,1472,67,34,34
15130,2527,71,43,27
15131,5627,175,58,46
15132,484,69,54,1
15133,4470,4,42,31
15134,4881,131,0,43
15135,5221,106,22,39
15136,2072,197,30,36
15137,5661,124,24,55
15138,1761,156,27,3
15139,773,58,8,822
15140,104,190,54,14
15141,2313,118,8,56
15142,953,204,9,40
15143,2464,103,50,60
15144,4838,196,19,33
15145,4586,76,36,32
15146,5097,219,-9,20
15147,5549,94,0,6
15148,4303,157,29,28
15149,2879,53,43,26
15150,5711,205,32,27
15151,3531,207,60,46
15152,522,114,40,2
15153,3880,219,29,49
15154,4680,20,60,852
15155,1365,199,50,16
15156,1755,81,6,48
15157,3407,123,48,0
15158,1951,174,31,29
15159,3431,95,33,48
15160,5115,183,20,37
15161,5950,71,25,30
15162,1714,143,52,57
15163,5507,88,11,47
15164,4747,116,27,25
15165,2951,210,,54
15166,710,154,48,55
15167,504,105,17,21
15168,441,11,58,9
15169,1255,150,23,42
15170,3128,98,32,537
15171,562,211,40,37
15172,1228,82,42,50
15173,2369,132,28,51
15174,3157,31,58,10
15175,4205,88,14,4
15176,5759,182,0,56
15177,25,9,11,14
15178,3506,123,13,543
15179,3642,18,14,54
15180,2267,87,38,59
15181,1994,109,16,51
15182,3998,186,37,34
15183,1028,77,25,4
15184,1350,192,57,21
15185,2593,180,26,38
15186,2019,18,33,51
15187,924,183,47,47
15188,1433,219,23,684
15189,796,188,35,13
15190,1670,63,39,6
15191,2107,167,56,43
15192,178,111,4,43
15193,143,71,33,23
15194,3927,80,54,13
15195,249,189,10,47
15196,4140,210,44,38
15197,471,188,37,26
15198,3085,71,11,19
15199,585,139,10,54
15200,2647,198,18,44
15201,347,120,60,45
15202,5160,22,28,19
15203,869,195,23,29
15204,4858,199,50,56
15205,2170,118,10,58
15206,3557,101,5,46
15207,3292,19,-3,31
15208,3654,157,43,43
15209,510,66,37,33
15210,3180,19,6,6
15211,2188,204,28,43
15212,5973,215,35,60
15213,993,66,42,26
15214,2247,98,5,53
15215,5251,45,16,501
15216,749,186,8,3
15217,4119,150,40,22
15218,2525,208,33,55
15219,3772,45,25,30
15220,5649,59,4,42
15221,4688,53,18,2
15222,1352,24,4,30
15223,5191,168,59,27
15224,1188,189,26,50
15225,547,80,2,25
15226,5916,218,39,24
15227,518,114,43,56
15228,2077,142,38,55
15229,2068,64,38,27
15230,5157,165,40,2
15231,20,148,53,32
15232,4397,1,43,533
15233,1988,52,2,12
15234,5030,4,11,22
15235,718,16,45,35
15236,657,150,51,41
15237,4981,14,60,7
15238,2511,197,1,20
15239,3263,44,26,36
15240,4840,96,6,36
15241,1681,155,59,34
15242,2859,76,58,28
15243,5249,3,36,17
15244,4254,99,14,6
15245,4682,13,15,21
15246,5640,150,3,26
15247,1295,69,35,48
15248,4716,176,8,37
15249,2129,48,49,47
15250,1046,126,26,20
15251,5714,31,47,521
15252,148,189,31,41
15253,1542,31,40,1
15254,2987,43,24,30
15255,3760,110,15,36
15256,947,119,49,847
15257,2020,65,45,54
15258,5810,102,8,32
15259,2060,128,40,38
15260,703,123,45,47
15261,664,191,56,43
15262,3609,188,53,40
15263,1057,79,55,16
15264,2678,205,60,27
15265,3268,76,53,12
15266,3495,157,17,59
15267,890,90,7,42
15268,706,63,6,53
15269,4216,198,39,28
15270,4684,85,21,58
15271,3125,47,-2,59
15272,5965,207,40,13
15273,930,215,35,54
15274,4874,206,12,9
15275,3254,109,23,58
15276,3372,129,-5,15
15277,5942,189,19,2
15278,2242,182,12,25
15279,2080,208,16,46
15280,4667,4,10,17
15281,3279,108,60,48
15282,5140,91,2,8
15283,3753,20,47,32
15284,2046,32,38,16
15285,5352,198,8,15
15286,1352,187,16,33
15287,382,123,41,6
15288,5494,213,25,14
15289,1174,146,4,33
15290,3191,132,24,9
15291,1225,78,,36
15292,4277,30,22,38
15293,5294,49,9,17
15294,5457,178,41,12
15295,4994,22,20,37
15296,2121,48,36,58
15297,4877,73,22,31
15298,4814,159,32,48
15299,3318,5,31,6
15300,172,207,38,51
15301,2816,35,49,35
15302,532,178,48,12
15303,5005,5,36,45
15304,3803,30,15,28
15305,1736,142,34,17
15306,2609,133,12,43
15307,2108,62,20,58
15308,4962,127,42,44
15309,5927,124,29,36
15310,2560,92,54,3
15311,4583,63,9,24
15312,3916,98,16,21
15313,3925,193,48,39
15314,3262,141,23,28
15315,5734,131,45,25
15316,2009,69,2,22
15317,1179,194,44,39
15318,4999,168,51,58
15319,3835,13,47,54
15320,3463,204,33,13
15321,3792,55,43,48
15322,2333,127,5,19
15323,2763,62,40,19
15324,899,13,36,36
15325,3229,183,26,41
15326,2123,114,36,38
15327,5431,4,52,29
15328,3845,5,44,49
15329,5606,70,52,12
15330,3629,89,43,883
15331,1466,145,,32
15332,4922,106,20,57
15333,274,74,11,46
15334,3142,212,32,20
15335,3552,51,22,31
15336,56,134,37,29
15337,859,166,57,32
15338,3353,21,27,19
15339,3214,154,42,14
15340,4479,204,46,8
15341,696,32,58,55
15342,4903,148,21,33
15343,1324,71,8,44
15344,5327,205,55,50
15345,549,217,54,626
15346,452,15,48,1
15347,2945,62,60,57
15348,718,210,18,10
15349,3284,153,53,2
15350,3580,43,25,56
15351,2247,57,14,52
15352,3734,140,50,60
15353,2926,124,16,43
15354,1055,212,24,49
15355,3753,188,-3,13
15356,1653,110,2,15
15357,2948,10,32,49
15358,3045,89,4,31
15359,4728,155,45,8
15360,2571,216,55,4
15361,5368,120,5,32
15362,3741,65,38,16
15363,5865,46,13,7
15364,995,18,17,3
15365,5584,124,15,6
15366,819,181,44,43
15367,3622,90,48,26
15368,1805,45,25,52
15369,134,69,22,47
15370,4833,144,28,55
15371,2423,133,57,53
15372,2057,119,51,45
15373,1080,34,,57
15374,234,194,33,21
15375,1833,141,57,60
15376,299,92,60,27
15377,4214,15,-5,51
15378,3634,173,11,51
15379,2001,23,8,10
15380,4496,15,32,56
15381,4590,144,32,50
15382,5802,16,12,19
15383,4268,162,59,2
15384,3803,122,12,48
15385,5750,58,53,18
15386,3209,84,60,14
15387,3317,142,46,20
15388,5454,129,43,12
15389,4707,4,22,2
15390,3265,194,32,26
15391,3988,98,23,26
15392,3271,2,0,60
15393,1724,8,15,29
15394,360,189,1,40
15395,3556,165,14,39
15396,4913,71,57,53
15397,2188,15,14,6
15398,2018,134,12,30
15399,3831,70,10,35
15400,2194,44,50,33
15401,714,113,40,31
15402,3511,85,25,52
15403,4237,180,16,26
15404,1024,140,5,24
15405,2129,210,51,53
15406,1928,97,32,46
15407,1346,66,20,28
15408,2775,24,28,2
15409,2358,148,23,9
15410,4066,97,5,24
15411,2016,36,47,11
15412,3310,112,16,11
15413,2715,19,59,37
15414,3839,111,8,6
15415,5814,191,8,60
15416,1961,81,0,20
15417,3920,1,21,36
15418,3894,129,40,31
15419,5126,55,19,11
15420,1842,52,8,13
15421,5567,170,32,15
15422,1327,125,47,45
15423,769,23,36,5
15424,5572,40,55,55
15425,3288,1,18,22
15426,244,155,27,49
15427,4168,46,60,13
15428,506,17,49,5
15429,4455,44,26,23
15430,692,35,34,59
15431,3609,142,49,58
15432,2274,131,47,4
15433,2772,123,6,19
15434,3273,60,38,506
15435,1602,85,52,60
15436,2855,205,46,10
15437,3715,14,38,25
15438,686,119,30,9
15439,1742,136,45,13
15440,5800,122,41,26
15441,773,29,56,15
15442,4415,64,14,24
15443,4538,155,58,17
15444,1261,220,28,32
15445,4569,21,26,55
15446,2915,59,30,25
15447,2097,28,35,54
15448,728,62,31,19
15449,2958,138,31,5
15450,4069,25,19,45
15451,5931,115,23,19
15452,4798,82,52,39
15453,3356,130,21,60
15454,1199,7,26,24
15455,888,47,17,39
15456,1920,78,32,50
15457,2166,38,1,45
15458,4631,141,40,42
15459,139,208,36,31
15460,5724,174,32,12
15461,1601,148,11,44
15462,5409,168,50,32
15463,714,35,41,12
15464,1297,150,57,45
15465,1245,130,33,29
15466,4426,187,52,52
15467,1016,58,-6,56
15468,3908,67,15,15
15469,5731,88,56,832
15470,1557,151,28,33
15471,3323,58,0,60
15472,224,119,18,6
15473,4102,130,33,56
15474,3313,62,6,54
15475,1673,101,30,18
15476,1652,63,42,51
15477,2020,75,55,37
15478,3792,198,51,2
15479,5394,126,-7,35
15480,3843,9,,35
15481,4383,54,18,52
15482,112,112,39,57
15483,2029,82,47,60
15484,2188,185,4,24
15485,1518,14,39,0
15486,976,38,10,60
15487,5027,135,1,13
15488,3575,56,4,0
15489,2041,206,,35
15490,5592,105,10,38
15491,5680,97,40,26
15492,1219,50,7,36
15493,1345,46,25,26
15494,3063,89,14,59
15495,3869,168,13,47
15496,3905,153,48,46
15497,4160,127,43,55
15498,1941,77,56,51
15499,5805,160,56,54
15500,1958,158,6,35
15501,2799,200,8,7
15502,5684,66,55,29
15503,2573,156,36,12
15504,4822,55,35,13
15505,294,198,15,57
15506,4555,95,47,52
15507,5955,40,33,36
15508,5038,171,16,50
15509,1018,207,17,47
15510,4212,89,24,7
15511,4183,7,52,18
15512,4578,191,6,50
15513,5253,190,52,50
15514,1275,152,2,6
15515,659,137,5,54
15516,2084,10,29,41
15517,1117,146,17,35
15518,1680,17,-8,4
15519,5501,7,56,51
15520,5611,207,31,15
15521,2044,211,12,36
15522,4116,212,28,6
15523,330,152,41,25
15524,4311,74,15,48
15525,5750,47,11,582
15526,2988,77,18,2
15527,992,64,31,51
15528,3975,182,30,27
15529,814,214,6,43
15530,2038,105,51,25
15531,5661,189,15,1
15532,4906,196,5,51
15533,4568,66,60,14
15534,5955,102,14,42
15535,2342,114,24,7
15536,2539,9,24,43
15537,1203,154,42,13
15538,4806,85,,18
15539,2213,125,42,55
15540,3943,151,15,56
15541,460,130,52,8
15542,2496,27,33,40
15543,4684,71,56,26
15544,4484,171,17,31
15545,3307,168,33,26
15546,5226,49,26,35
15547,4225,18,47,5
15548,5497,20,57,0
15549,5584,192,48,5
15550,1496,128,58,35
15551,580,203,8,14
15552,1200,158,43,52
15553,1351,99,16,55
15554,5314,156,26,20
15555,2010,4,4,50
15556,150,116,40,31
15557,5082,96,21,42
15558,4035,115,40,7
15559,5150,205,41,57
15560,4625,190,6,59
15561,2631,156,42,5
15562,465,73,24,19
15563,3319,33,30,16
15564,5530,156,31,56
15565,3325,158,36,50
15566,5849,111,49,19
15567,2916,177,29,20
15568,3717,45,48,19
15569,3404,52,6,42
15570,1956,70,12,14
15571,4596,24,-2,9
15572,3525,6,30,24
15573,2781,8,27,19
15574,5995,8,13,57
15575,2440,1,46,25
15576,3687,42,10,22
15577,1532,63,41,4
15578,303,116,11,48
15579,2508,39,60,31
15580,522,103,2,49
15581,3446,67,29,31
15582,3308,84,13,22
15583,2059,112,38,60
15584,2513,184,33,0
15585,3982,17,56,32
15586,4575,128,33,59
15587,3964,118,60,2
15588,3218,50,11,39
15589,1219,54,28,12
15590,1683,90,7,56
15591,1277,189,14,47
15592,2630,203,49,58
15593,5671,63,-7,18
15594,1997,36,33,12
15595,4482,193,9,43
15596,4346,190,11,30
15597,4206,105,58,42
15598,2996,11,46,10
15599,5918,57,27,3
15600,3177,12,35,56
15601,5201,21,46,45
15602,5215,174,8,51
15603,2335,136,55,60
15604,4508,139,7,24
15605,4582,178,35,15
15606,4104,219,45,18
15607,3416,47,47,23
15608,2397,20,7,35
15609,2970,103,22,30
15610,189,142,57,10
15611,4238,61,16,27
15612,4955,1,24,56
15613,2673,65,22,42
15614,1638,210,12,20
15615,1494,108,4,20
15616,1528,98,32,59
15617,430,82,41,56
15618,1097,88,2,27
15619,338,50,40,24
15620,1379,105,20,7
15621,3131,59,20,41
15622,1576,170,58,8
15623,2399,47,,38
15624,147,1,44,16
15625,3275,158,41,16
15626,4933,204,10,57
15627,215,140,48,51
15628,1879,11,59,46
15629,4697,161,20,10
15630,1800,98,12,50
15631,2750,70,40,26
15632,700,93,11,11
15633,3064,218,20,6
15634,5347,101,31,20
15635,3519,21,27,17
15636,4099,16,49,17
15637,5232,215,-1,49
15638,3507,33,7,44
15639,1411,54,49,23
15640,1672,102,15,46
15641,3642,142,36,13
15642,2195,181,33,51
15643,496,78,17,36
15644,1491,106,24,24
15645,3006,120,3,42
15646,1241,178,50,26
15647,5395,218,38,7
15648,4176,175,,16
15649,2156,27,9,31
15650,2351,94,3,45
15651,2970,98,44,12
15652,5300,136,18,54
15653,3403,45,13,25
15654,4269,132,9,58
15655,3085,168,3,29
15656,2607,212,30,38
15657,3134,105,38,47
15658,2016,84,25,38
15659,5651,169,6,50
15660,2442,120,59,20
15661,1886,70,39,24
15662,3766,201,35,30
15663,3740,18,42,23
15664,5796,128,12,14
15665,5339,190,3,51
15666,1136,214,30,60
15667,5197,118,5,4
15668,2667,163,25,37
15669,3982,180,46,4
15670,3976,58,,21
15671,1703,63,7,43
15672,228,122,16,38
15673,65,2,27,32
15674,1332,112,9,2
15675,5432,28,46,59
15676,185,150,0,56
15677,907,41,1,32
15678,4598,55,3,24
15679,2698,101,42,54
15680,5697,218,23,12
15681,4326,94,,12
15682,1113,171,16,4
15683,4414,111,50,20
15684,1793,111,-1,53
15685,5936,99,,20
15686,4908,192,6,58
15687,3705,85,52,20
15688,2537,178,42,48
15689,122,75,31,24
15690,3539,57,37,2
15691,5652,112,22,8
15692,1457,101,12,23
15693,2277,52,58,17
15694,238,119,22,28
15695,3226,100,-1,15
15696,3334,167,0,6
15697,3156,113,31,12
15698,4366,141,17,9
15699,2182,127,34,38
15700,3145,145,43,9
15701,5045,6,45,21
15702,3070,76,42,12
15703,1285,144,46,22
15704,1518,152,17,13
15705,309,4,11,55
15706,5811,44,25,58
15707,272,54,21,57
15708,1483,83,40,40
15709,5713,144,22,54
15710,5118,81,32,536
15711,1546,33,24,17
15712,1767,208,37,60
15713,3939,8,39,57
15714,2338,136,48,44
15715,5160,180,23,13
15716,789,45,44,42
15717,3023,96,58,10
15718,4931,196,12,24
15719,2825,78,32,41
15720,5288,2,7,40
15721,1864,191,5,29
15722,5366,129,58,547
15723,4318,173,29,58
15724,3601,140,54,24
15725,150,117,32,4
15726,3134,88,60,37
15727,1788,161,33,49
15728,5411,207,15,20
15729,5390,186,38,28
15730,5708,183,13,22
15731,670,21,21,23
15732,2081,23,22,46
15733,4892,44,40,21
15734,5789,82,13,59
15735,4699,211,59,60
15736,1165,42,27,60
15737,2989,165,33,8
15738,5183,167,15,57
15739,4125,29,56,48
15740,4881,49,11,35
15741,2842,87,28,38
15742,5522,15,21,12
15743,3869,187,50,48
15744,2578,166,7,54
15745,1252,45,46,36
15746,5071,56,50,21
15747,2226,106,3,0
15748,3548,217,7,18
15749,383,207,17,53
15750,4131,98,32,37
15751,3587,17,43,16
15752,4126,71,46,42
15753,4128,152,-2,14
15754,1054,191,43,43
15755,3548,116,40,60
15756,4970,124,7,51
15757,5148,98,13,30
15758,3593,48,-2,12
15759,2396,8,33,754
15760,330,132,21,50
15761,3312,114,21,44
15762,5467,103,4,1
15763,1045,125,40,56
15764,4585,217,32,50
15765,1801,161,37,27
15766,1642,176,51,32
15767,357,124,35,46
15768,4197,63,26,29
15769,5737,180,7,55
15770,73,205,53,42
15771,2962,146,31,1
15772,1585,41,6,17
15773,689,173,34,18
15774,4948,121,,39
15775,4046,184,18,52
15776,2001,160,55,28
15777,1524,64,17,11
15778,749,207,20,19
15779,273,5,52,29
15780,5479,209,52,36
15781,3452,90,44,57
15782,4934,135,37,6
15783,4587,87,27,46
15784,1515,40,27,53
15785,1427,28,30,9
15786,2266,189,51,2
15787,4580,213,53,27
15788,1214,113,6,58
15789,5875,201,38,1
15790,3384,34,27,4
15791,4081,201,5,43
15792,2682,53,33,41
15793,461,146,24,49
15794,4807,91,36,18
15795,3201,154,24,9
15796,2467,3,20,35
15797,418,189,28,15
15798,2908,101,5,5
15799,3707,190,,16
15800,3923,178,16,39
15801,594,195,54,7
15802,2940,51,39,1
15803,2907,148,39,55
15804,1571,103,55,18
15805,2676,192,60,1
15806,383,189,7,40
15807,1295,194,59,37
15808,5242,91,54,2
15809,3452,203,-10,5
15810,876,188,44,27
15811,2328,162,40,51
15812,4698,174,,33
15813,2846,2,19,50
15814,715,135,20,7
15815,447,64,41,24
15816,3486,86,48,58
15817,3086,86,27,18
15818,4641,65,-8,11
15819,3032,73,9,54
15820,1360,63,19,46
15821,1998,182,47,8
15822,2297,22,20,43
15823,4519,11,48,55
15824,3713,37,35,21
15825,233,125,14,34
15826,2651,5,41,41
15827,4487,2,58,42
15828,649,3,48,49
15829,5697,210,46,5
15830,1671,22,48,45
15831,121,80,7,5
15832,4137,181,8,8
15833,2566,130,22,29
15834,72,43,36,35
15835,3697,182,52,7
15836,5244,95,26,1
15837,1084,131,53,23
15838,5777,213,43,24
15839,2670,165,33,4
15840,1986,192,26,59
15841,691,199,34,59
15842,424,158,41,50
15843,1272,71,58,23
15844,4945,96,57,20
15845,1127,218,55,8
15846,2695,95,25,43
15847,5501,72,42,16
15848,2199,83,43,27
15849,2150,216,31,56
15850,2665,214,27,10
15851,960,74,11,46
15852,4767,38,-10,6
15853,3949,104,51,28
15854,2756,161,33,15
15855,655,15,34,53
15856,1576,69,58,34
15857,1525,55,24,18
15858,747,173,60,7
15859,3543,84,39,33
15860,3826,190,57,48
15861,41,142,,42
15862,4926,73,53,53
15863,5834,29,14,3
15864,5966,61,51,22
15865,5159,46,5,12
15866,111,103,16,30
15867,5522,7,42,40
15868,3065,137,-2,25
15869,5727,163,58,10
15870,744,61,,14
15871,2777,120,42,5
15872,2951,28,38,56
15873,1822,52,30,57
15874,663,54,53,14
15875,1754,148,39,28
15876,3558,140,9,44
15877,2778,122,12,7
15878,3667,56,14,56
15879,2570,50,15,36
15880,5283,3,49,42
15881,2781,156,9,27
15882,2719,6,53,36
15883,3956,52,,51
15884,811,106,12,35
15885,577,122,31,8
15886,1247,4,51,58
15887,5161,185,59,55
15888,1420,132,57,14
15889,544,2,55,12
15890,3785,75,30,9
15891,5831,204,48,38
15892,3566,180,48,18
15893,5366,147,40,18
15894,602,64,44,2
15895,1176,5,-9,6
15896,1980,71,36,27
15897,3311,161,56,42
15898,2267,180,35,13
15899,1649,9,25,32
15900,2615,188,32,57
15901,925,165,40,57
15902,500,204,8,21
15903,337,110,52,59
15904,1145,36,24,714
15905,5674,25,18,46
15906,2561,141,27,17
15907,2757,191,54,32
15908,513,52,56,44
15909,2469,43,35,60
15910,1628,59,12,1
15911,1666,120,54,23
15912,4092,70,29,17
15913,2435,3,9,12
15914,2901,212,22,41
15915,664,33,7,10
15916,1191,134,57,13
15917,5231,153,40,16
15918,552,16,-2,26
15919,2302,13,15,14
15920,3499,152,45,7
15921,2873,173,51,28
15922,235,3,40,12
15923,3256,116,45,49
15924,5814,195,-3,39
15925,278,126,56,0
15926,4300,100,28,51
15927,2722,22,18,12
15928,514,103,60,23
15929,2960,82,47,58
15930,4042,211,43,28
15931,2255,144,7,60
15932,3087,11,42,28
15933,4024,43,47,5
15934,3351,50,37,59
15935,3732,153,58,23
15936,5114,52,,18
15937,3516,190,51,18
15938,3665,20,0,9
15939,1,69,39,13
15940,4683,98,52,51
15941,2236,27,6,30
15942,2116,75,39,623
15943,3117,22,,53
15944,2600,145,39,7
15945,234,211,3,45
15946,539,204,9,47
15947,4414,55,41,678
15948,5959,105,60,857
15949,4391,209,14,51
15950,1055,163,3,19
15951,4137,149,,22
15952,2737,71,4,14
15953,3186,82,33,45
15954,973,39,,22
15955,1068,38,42,13
15956,3957,21,46,14
15957,4910,16,48,60
15958,3144,99,44,56
15959,5066,103,53,15
15960,587,94,25,36
15961,828,184,59,30
15962,3404,34,26,31
15963,1067,210,5,17
15964,3155,120,47,18
15965,2688,10,10,58
15966,5403,92,33,26
15967,5132,97,4,47
15968,2502,115,4,31
15969,765,169,12,54
15970,4714,141,52,34
15971,3393,204,29,53
15972,2060,204,37,49
15973,4910,123,13,28
15974,5401,44,25,22
15975,989,220,7,30
15976,3197,50,36,5
15977,4892,45,41,58
15978,4431,129,32,14
15979,5493,47,42,40
15980,3163,42,26,13
15981,4229,207,24,38
15982,1943,33,7,0
15983,4307,117,15,30
15984,2442,45,41,18
15985,2004,208,20,56
15986,2450,132,0,30
15987,2087,15,25,8
15988,1797,12,53,21
15989,3194,80,14,35
15990,1572,54,18,45
15991,1342,73,45,25
15992,1029,138,29,49
15993,1399,212,14,6
15994,5145,49,57,0
15995,16,2,40,21
15996,1335,189,39,16
15997,3405,158,12,21
15998,2439,156,22,12
15999,2341,13,15,48
16000,3597,10,13,43
16001,50,52,26,40
16002,628,58,24,53
16003,1819,148,34,15
16004,4118,71,58,58
16005,2413,140,5,9
16006,4608,155,22,17
16007,1839,96,55,9
16008,1325,131,36,45
16009,144,141,22,2
16010,286,9,46,54
16011,5964,154,59,31
16012,3837,153,,7
16013,2983,10,12,6
16014,679,198,5,7
16015,5367,2,34,31
16016,1159,40,54,14
16017,2734,76,53,54
16018,5375,130,16,29
16019,3940,81,55,2
16020,3181,51,17,16
16021,4786,70,18,19
16022,2150,14,30,25
16023,2439,74,7,3
16024,998,147,10,2
16025,5200,80,48,4
16026,1162,38,2,56
16027,2375,139,31,43
16028,3699,54,43,34
16029,1125,150,46,4
16030,3117,196,6,9
16031,4740,28,60,32
16032,2989,172,46,56
16033,2339,189,2,47
16034,3370,211,49,23
16035,343,43,39,54
16036,3162,128,54,43
16037,3465,116,34,52
16038,230,79,12,31
16039,2165,74,15,4
16040,3651,178,23,16
16041,4757,117,58,9
16042,863,184,47,48
16043,187,210,21,47
16044,2088,91,14,42
16045,2920,197,,29
16046,4914,21,42,43
16047,5744,28,44,43
16048,4937,133,53,10
16049,612,161,0,46
16050,3232,11,19,17
16051,815,89,59,37
16052,4323,85,3,54
16053,580,134,4,17
16054,5700,146,26,17
16055,1735,62,46,29
16056,2602,151,30,46
16057,1883,59,12,19
16058,2233,19,7,49
16059,1458,164,47,57
16060,5277,27,59,50
16061,4373,103,47,44
16062,1169,43,37,16
16063,1961,16,44,48
16064,5271,37,0,47
16065,3588,44,33,28
16066,1841,168,39,59
16067,5652,90,35,24
16068,1106,31,15,40
16069,4369,164,17,5
16070,4591,219,2,46
16071,5206,114,35,3
16072,4383,101,53,23
16073,2886,78,4,31
16074,1457,50,18,41
16075,1021,51,32,51
16076,962,113,20,41
16077,2676,17,29,13
16078,5563,160,16,59
16079,1243,189,2,41
16080,3465,208,6,36
16081,2404,208,47,14
16082,3069,43,1,49
16083,2164,117,46,44
16084,2,139,21,18
16085,597,176,60,8
16086,2233,125,33,35
16087,1730,14,1,43
16088,5450,218,-4,44
16089,2670,50,20,12
16090,2530,65,39,9
16091,4666,88,42,30
16092,4865,118,35,24
16093,932,35,35,48
16094,456,55,16,8
16095,5357,43,23,24
16096,2254,103,45,46
16097,2641,20,25,25
16098,3340,59,0,15
16099,4060,170,9,7
16100,3485,42,44,19
16101,2284,44,4,26
16102,4690,98,4,43
16103,3552,11,-5,58
16104,467,180,34,46
16105,4656,50,27,43
16106,3333,99,25,48
16107,258,130,58,39
16108,5682,85,35,60
16109,5756,51,40,30
16110,376,54,21,40
16111,2227,92,13,60
16112,5158,146,30,15
16113,3816,80,0,16
16114,2874,153,8,36
16115,5698,31,15,53
16116,2839,206,32,34
16117,225,205,16,13
16118,296,139,1,45
16119,3447,133,55,46
16120,510,14,51,37
16121,4110,137,60,40
16122,2668,111,30,48
16123,1608,191,17,41
16124,4805,129,,16
16125,5737,124,6,49
16126,2686,180,10,18
16127,3495,153,14,52
16128,2702,5,-6,0
16129,1516,152,21,25
16130,2272,41,25,41
16131,2420,202,43,21
16132,959,49,17,29
16133,2575,76,0,0
16134,1534,129,-5,32
16135,1963,78,7,34
16136,2314,92,12,55
16137,7,104,29,53
16138,1252,41,19,12
16139,101,102,36,20
16140,2498,162,10,10
16141,162,206,5,11
16142,2572,17,8,35
16143,3893,208,1,45
16144,486,9,13,3
16145,2278,162,10,56
16146,4638,182,13,6
16147,1935,186,44,50
16148,2278,22,32,1
16149,728,197,57,17
16150,5534,192,35,54
16151,2536,189,60,4
16152,1129,61,22,32
16153,5937,129,0,45
16154,1622,19,8,47
16155,1692,136,,50
16156,3655,102,38,13
16157,256,39,29,34
16158,5903,218,5,38
16159,1557,55,30,10
16160,4771,115,19,22
16161,1878,90,22,1
16162,5333,203,27,9
16163,4845,77,8,53
16164,2192,161,51,31
16165,1916,3,52,5
16166,1384,7,20,7
16167,2170,181,42,40
16168,4258,72,8,29
16169,4506,144,23,28
16170,965,33,28,48
16171,3935,137,49,26
16172,992,103,31,35
16173,155,95,51,43
16174,2,206,39,56
16175,704,57,40,5
16176,237,171,34,57
16177,285,109,10,47
16178,1396,147,30,19
16179,3944,198,44,33
16180,1523,44,12,18
16181,1881,43,9,44
16182,4800,163,29,58
16183,5732,24,45,11
16184,1098,196,6,15
16185,1050,212,12,28
16186,5794,58,49,51
16187,1215,212,48,8
16188,4803,135,56,11
16189,148,99,27,9
16190,1541,199,36,30
16191,2175,35,11,28
16192,2420,187,27,10
16193,322,122,21,51
16194,1375,113,30,21
16195,4167,220,33,28
16196,1913,177,25,21
16197,4749,51,16,29
16198,438,52,8,33
16199,5768,13,17,48
16200,2949,111,21,36
16201,4434,163,15,55
16202,3921,150,8,58
16203,4462,160,46,18
16204,3300,28,44,9
16205,177,122,21,30
16206,525,162,35,34
16207,3489,175,7,30
16208,5217,58,49,26
16209,2847,58,1,0
16210,5267,220,27,22
16211,1296,198,38,28
16212,4571,6,29,20
16213,5483,154,17,32
16214,4089,19,48,49
16215,3117,143,54,8
16216,1874,141,22,6
16217,3551,51,50,7
16218,4736,143,14,18
16219,2440,95,52,57
16220,414,144,6,55
16221,2590,175,44,13
16222,1803,122,18,56
16223,5098,171,41,46
16224,2284,193,54,55
16225,1832,7,37,23
16226,3890,107,6,43
16227,17,211,3,45
16228,1950,67,28,17
16229,5707,61,34,55
16230,4567,186,32,8
16231,4973,121,34,23
16232,2840,82,1,59
16233,894,198,20,35
16234,5291,154,50,643
16235,4138,207,3,57
16236,3278,120,52,42
16237,5966,46,56,17
16238,4952,178,14,60
16239,1583,23,-10,8
16240,425,77,60,25
16241,560,76,52,2
16242,4146,177,58,36
16243,17,159,16,56
16244,2169,127,52,17
16245,4003,160,49,47
16246,3969,133,9,26
16247,3482,40,18,20
16248,4252,50,4,43
16249,4732,30,43,40
16250,2212,124,11,620
16251,5088,51,37,23
16252,5141,151,46,35
16253,1989,83,12,14
16254,1221,160,27,31
16255,444,112,12,46
16256,3927,168,44,39
16257,1425,182,58,41
16258,2156,148,60,2
16259,898,184,51,47
16260,2949,130,47,46
16261,1637,146,4,12
16262,4044,114,19,15
16263,5125,27,52,41
16264,3611,19,-7,41
16265,2445,83,10,55
16266,1721,90,9,40
16267,4946,212,0,4
16268,2401,182,47,14
16269,4805,77,56,24
16270,4655,74,,23
16271,2468,8,6,28
16272,5669,107,55,29
16273,1137,9,0,14
16274,4938,188,16,43
16275,914,81,8,38
16276,3301,75,19,3
16277,2052,25,1,46
16278,3871,40,18,1
16279,145,86,44,42
16280,3501,93,56,35
16281,4307,114,50,18
16282,5994,216,28,27
16283,702,145,15,52
16284,4861,141,55,58
16285,1527,118,13,4
16286,5121,41,38,35
16287,4699,194,35,33
16288,46,196,44,17
16289,4946,160,13,29
16290,5036,114,0,32
16291,1345,148,22,25
16292,2701,143,17,37
16293,4786,126,45,18
16294,1257,128,50,56
16295,803,215,16,58
16296,992,162,54,40
16297,1199,39,-9,15
16298,3440,118,49,33
16299,4291,129,21,13
16300,4544,64,33,40
16301,2443,149,58,44
16302,1957,161,-3,40
16303,619,98,16,45
16304,3477,166,28,6
16305,2263,220,42,58
16306,4951,137,26,8
16307,1083,160,43,11
16308,2104,58,8,10
16309,3781,196,6,57
16310,2612,33,13,57
16311,5951,126,33,4
16312,4526,29,54,35
16313,304,95,44,57
16314,102,86,32,8
16315,5044,158,-2,17
16316,2375,142,43,26
16317,474,90,25,51
16318,133,76,1,1
16319,2992,47,53,23
16320,3355,81,17,24
16321,3305,126,38,11
16322,4486,131,57,14
16323,5756,96,-7,59
16324,5884,158,-6,15
16325,3283,216,30,23
16326,5374,52,28,59
16327,5405,207,57,55
16328,3972,132,37,60
16329,1907,157,0,0
16330,3568,42,33,25
16331,1002,15,56,21
16332,3411,165,46,34
16333,2998,129,44,30
16334,3243,50,56,6
16335,606,169,38,35
16336,2061,166,3,23
16337,2038,126,26,28
16338,5671,66,5,20
16339,3266,23,57,11
16340,5352,176,21,9
16341,3310,16,20,28
16342,1832,70,52,45
16343,5686,46,4,44
16344,2402,129,58,47
16345,717,70,21,52
16346,4663,84,25,2
16347,268,123,15,29
16348,686,196,7,32
16349,1479,166,16,56
16350,230,218,20,51
16351,1477,96,45,15
16352,72,103,40,7
16353,2067,175,47,6
16354,1901,122,48,45
16355,2347,167,16,44
16356,931,74,53,1
16357,4869,44,,44
16358,1062,166,46,32
16359,2129,132,26,12
16360,5609,96,20,57
16361,5572,200,59,41
16362,2575,67,12,40
16363,1471,153,45,20
16364,525,184,42,10
16365,2649,185,11,6
16366,976,205,47,58
16367,3242,150,52,28
16368,1556,102,25,23
16369,5258,135,2,2
16370,2282,51,32,25
16371,1503,105,54,33
16372,4514,191,47,27
16373,225,82,12,523
16374,5101,1,60,52
16375,4608,194,17,59
16376,758,63,26,43
16377,4853,220,22,26
16378,3392,88,26,25
16379,1625,12,-6,35
16380,2092,55,29,13
16381,3207,115,26,39
16382,2570,32,47,43
16383,2539,187,25,16
16384,189,179,54,25
16385,2583,183,42,779
16386,1433,195,32,3
16387,3738,192,18,22
16388,4933,103,25,11
16389,4394,147,40,30
16390,5286,2,6,11
16391,522,212,45,39
16392,4647,94,40,55
16393,1323,102,36,30
16394,2936,53,44,24
16395,3356,72,36,25
16396,981,199,36,30
16397,5963,219,32,33
16398,219,181,35,7
16399,1381,90,56,7
16400,678,56,14,39
16401,4092,122,11,48
16402,413,147,56,57
16403,556,98,35,19
16404,3261,174,4,54
16405,5592,49,52,27
16406,3383,21,52,55
16407,5574,11,27,9
16408,4430,49,-7,24
16409,2603,29,6,27
16410,89,185,14,6
16411,724,210,15,41
16412,3014,193,41,37
16413,1007,165,46,9
16414,493,68,2,28
16415,1375,169,53,717
16416,1572,64,6,21
16417,3365,164,54,30
16418,3424,70,-8,10
16419,672,45,4,6
16420,5129,219,33,29
16421,1310,213,50,59
16422,4279,60,37,29
16423,908,184,40,21
16424,2466,129,28,6
16425,2525,212,40,2
16426,1595,146,29,58
16427,3741,162,5,13
16428,5120,194,23,22
16429,3048,205,31,27
16430,5975,84,0,56
16431,3807,72,17,38
16432,1288,48,14,40
16433,695,150,,55
16434,3788,212,16,7
16435,5078,211,13,42
16436,697,166,22,18
16437,342,152,35,30
16438,923,132,8,26
16439,4991,131,38,0
16440,2760,38,26,36
16441,4603,189,6,18
16442,3773,20,0,26
16443,5813,213,24,11
16444,629,77,25,22
16445,4781,181,11,43
16446,5088,203,25,15
16447,3914,120,44,7
16448,1907,8,47,24
16449,737,46,26,32
16450,2068,42,13,44
16451,902,148,48,27
16452,5566,11,2,22
16453,4176,125,48,42
16454,4795,162,38,41
16455,2918,63,6,579
16456,4798,2,13,25
16457,2260,2,51,52
16458,1001,159,59,47
16459,4594,62,32,58
16460,3702,200,15,7
16461,3950,145,34,28
16462,564,20,6,53
16463,3594,214,35,53
16464,2888,161,35,43
16465,268,109,10,26
16466,1050,99,9,843
16467,5120,215,10,43
16468,241,38,52,50
16469,3296,173,47,10
16470,5040,165,34,50
16471,4080,210,58,8
16472,2599,211,32,3
16473,2961,55,,9
16474,1769,54,4,43
16475,965,60,36,51
16476,2907,8,55,13
16477,4050,194,0,12
16478,4789,28,48,23
16479,4067,83,7,16
16480,109,217,17,16
16481,2735,164,13,31
16482,5427,16,57,26
16483,1963,55,0,24
16484,2820,108,58,53
16485,1155,98,6,12
16486,3239,78,1,15
16487,2200,144,29,40
16488,1622,89,,1
16489,301,202,29,4
16490,3524,189,36,55
16491,2284,26,35,28
16492,3471,199,5,41
16493,2295,142,28,46
16494,2324,169,52,52
16495,46,31,3,16
16496,3993,211,23,12
16497,2560,165,15,0
16498,648,214,30,48
16499,328,101,21,32
16500,2874,36,28,29
16501,4474,48,58,32
16502,2787,129,40,56
16503,2719,25,46,8
16504,1343,185,17,18
16505,4285,177,,31
16506,5738,152,13,17
16507,3708,76,40,46
16508,4153,73,44,45
16509,56,153,12,41
16510,5447,63,24,59
16511,509,94,28,47
16512,2185,43,28,34
16513,3638,195,7,46
16514,3787,131,4,24
16515,843,99,32,34
16516,855,211,55,13
16517,4620,12,51,7
16518,4191,96,20,27
16519,3733,41,2,1
16520,715,162,52,50
16521,379,129,59,4
16522,5626,45,18,7
16523,2624,73,-2,27
16524,5928,53,15,19
16525,2998,198,43,12
16526,818,146,,51
16527,4396,126,51,29
16528,3876,74,36,26
16529,4646,184,44,16
16530,4070,214,5,9
16531,342,178,36,15
16532,494,205,2,38
16533,944,105,46,20
16534,3899,123,57,21
16535,1419,143,19,2
16536,3160,170,13,46
16537,4121,53,36,55
16538,3645,95,43,52
16539,1522,156,34,58
16540,2084,5,29,42
16541,4698,181,37,47
16542,4970,174,6,27
16543,2983,40,59,38
16544,4297,173,9,14
16545,5477,218,59,6
16546,526,188,0,18
16547,4436,115,6,57
16548,3404,24,-7,11
16549,3517,184,28,4
16550,3011,175,23,25
16551,2136,171,24,28
16552,2783,10,22,53
16553,2814,180,29,8
16554,5236,73,30,19
16555,12,157,-7,36
16556,3941,21,44,19
16557,5833,112,10,12
16558,942,165,58,49
16559,4199,41,41,44
16560,2213,140,35,19
16561,4379,31,38,49
16562,5520,47,56,28
16563,621,61,4,22
16564,3679,112,30,32
16565,1217,61,49,22
16566,1802,92,12,11
16567,4835,36,14,22
16568,5057,152,18,2
16569,510,157,49,45
16570,4568,119,32,20
16571,2455,170,23,15
16572,4568,81,11,32
16573,3115,206,24,16
16574,173,164,37,32
16575,1971,108,59,54
16576,2083,56,12,36
16577,4642,88,46,24
16578,1154,59,4,19
16579,340,137,59,4
16580,1125,208,,33
16581,1553,188,37,45
16582,3921,129,7,39
16583,1492,55,43,26
16584,4678,87,24,38
16585,740,120,20,30
16586,2119,179,2,5
16587,3165,110,,9
16588,3493,210,45,46
16589,3295,205,1,25
16590,303,47,58,30
16591,2303,215,46,60
16592,2170,207,9,22
16593,2019,164,52,46
16594,4594,7,48,20
16595,2019,10,59,56
16596,4489,169,43,5
16597,2565,123,58,60
16598,3672,39,13,1
16599,2360,80,21,42
16600,4112,52,3,44
16601,2875,25,56,43
16602,237,103,12,58
16603,482,116,42,34
16604,4913,48,4,33
16605,4891,217,53,30
16606,2735,35,56,48
16607,3067,162,28,18
16608,2176,22,58,22
16609,2070,139,0,32
16610,1588,22,27,45
16611,5123,193,38,42
16612,1864,88,14,26
16613,479,64,34,28
16614,3691,26,24,16
16615,3274,174,39,1
16616,462,11,50,21
16617,960,109,18,0
16618,3829,210,36,57
16619,3038,132,36,4
16620,3670,101,23,43
16621,5,183,6,30
16622,4900,164,57,14
16623,1539,119,37,28
16624,3877,175,1,53
16625,3939,15,57,28
16626,3687,184,54,574
16627,2886,172,9,29
16628,5066,96,37,44
16629,2649,60,46,52
16630,5766,32,3,29
16631,2501,58,3,12
16632,1413,6,35,7
16633,256,22,33,17
16634,4552,103,45,57
16635,1174,52,59,23
16636,3500,7,22,60
16637,5495,178,36,26
16638,1311,77,51,32
16639,2646,74,51,32
16640,5055,75,33,52
16641,1253,107,49,15
16642,2312,41,48,26
16643,1214,69,13,30
16644,2385,8,32,11
16645,5797,105,60,25
16646,759,142,54,37
16647,4777,2,6,20
16648,2426,211,51,1
16649,2450,4,6,21
16650,5966,205,20,57
16651,1752,11,53,43
16652,5949,102,40,16
16653,2066,179,6,31
16654,779,172,12,21
16655,4900,157,60,18
16656,5656,88,49,44
16657,3865,163,10,55
16658,3116,136,5,4
16659,212,75,4,16
16660,637,116,57,19
16661,3379,68,49,42
16662,2889,188,53,46
16663,2344,186,44,0
16664,420,134,53,19
16665,2904,55,39,57
16666,1776,166,35,37
16667,3601,21,43,29
16668,5698,78,15,26
16669,1811,36,15,9
16670,1876,50,29,38
16671,91,47,,52
16672,1074,188,42,9
16673,2989,37,34,41
16674,1393,206,25,18
16675,842,64,42,7
16676,1211,66,13,0
16677,5165,68,36,44
16678,4152,81,27,60
16679,5155,73,42,45
16680,1539,34,52,11
16681,468,212,56,30
16682,4442,197,16,9
16683,2929,144,37,59
16684,4454,73,49,32
16685,5774,30,54,22
16686,3570,185,4,37
16687,5917,40,48,11
16688,2120,43,25,19
16689,5669,119,44,48
16690,547,120,55,15
16691,2222,25,53,3
16692,4314,166,31,34
16693,2512,104,58,6
16694,2545,90,11,16
16695,5596,174,20,50
16696,1870,213,-8,32
16697,451,142,13,34
16698,4748,121,48,639
16699,5640,3,34,21
16700,937,190,30,22
16701,571,74,52,43
16702,3028,71,24,0
16703,5342,191,34,9
16704,5223,75,49,23
16705,968,29,3,9
16706,1527,91,5,18
16707,2287,139,19,54
16708,1845,217,47,10
16709,3708,165,4,30
16710,5472,160,55,52
16711,4412,197,23,32
16712,1474,125,55,4
16713,3665,217,2,7
16714,1978,155,56,18
16715,3218,104,58,20
16716,1039,171,8,30
16717,1685,18,38,33
16718,193,103,8,6
16719,5589,128,56,15
16720,4435,23,34,54
16721,3303,145,21,48
16722,3681,185,6,49
16723,1391,103,5,54
16724,1288,47,2,28
16725,1416,126,52,577
16726,1203,184,-4,29
16727,2069,204,11,0
16728,1266,110,50,14
16729,5048,220,,52
16730,185,213,43,33
16731,2696,26,37,60
16732,659,43,5,615
16733,1002,81,20,13
16734,905,97,7,22
16735,4654,213,2,33
16736,1331,207,10,13
16737,5634,123,38,26
16738,1660,160,43,40
16739,1428,2,46,37
16740,1036,59,43,28
16741,920,125,53,3
16742,2311,132,0,30
16743,4756,160,37,15
16744,3255,205,16,3
16745,238,20,20,656
16746,5967,168,59,14
16747,5811,47,33,26
16748,2175,29,13,57
16749,5571,124,1,19
16750,4903,27,28,37
16751,1537,10,57,12
16752,848,32,3,39
16753,3862,137,35,58
16754,1482,181,36,59
16755,2577,177,24,12
16756,3995,39,37,13
16757,1501,169,12,57
16758,4155,152,54,11
16759,5320,86,27,37
16760,4235,140,25,18
16761,593,163,18,41
16762,4958,113,17,48
16763,4663,191,10,60
16764,3752,198,53,25
16765,199,24,31,39
16766,1997,68,60,52
16767,1727,127,34,57
16768,2194,137,37,0
16769,1177,153,49,52
16770,883,187,9,58
16771,3144,143,13,20
16772,1154,209,0,41
16773,5556,41,23,26
16774,2474,50,49,4
16775,5766,215,27,58
16776,217,151,3,29
16777,4760,171,50,24
16778,5310,8,56,25
16779,4462,170,59,9
16780,168,5,55,44
16781,1419,86,36,39
16782,3339,46,57,6
16783,1479,99,59,5
16784,2324,42,22,4
16785,5327,131,26,44
16786,3134,185,43,34
16787,1682,220,56,12
16788,698,153,44,43
16789,1966,204,34,11
16790,5466,77,24,811
16791,5907,50,31,57
16792,1101,218,35,10
16793,488,170,57,56
16794,2871,177,3,27
16795,5326,43,1,53
16796,4320,107,2,15
16797,932,79,19,47
16798,2101,73,38,38
16799,5810,101,37,2
16800,2797,43,10,30
16801,2487,64,33,42
16802,2400,23,9,4
16803,2980,86,26,26
16804,5939,93,30,42
16805,400,1,35,1
16806,146,171,32,2
16807,4390,160,22,17
16808,2750,47,13,5
16809,4841,156,33,12
16810,1179,77,55,10
16811,4864,113,13,34
16812,3255,17,26,516
16813,3837,159,19,43
16814,77,158,41,34
16815,2122,160,37,5
16816,3864,158,46,22
16817,526,146,55,20
16818,3853,48,6,48
16819,3952,217,33,48
16820,44,199,9,45
16821,3276,170,49,56
16822,3313,81,17,14
16823,2684,49,54,602
16824,1660,68,13,9
16825,5305,218,32,35
16826,3346,130,34,7
16827,2876,4,49,40
16828,2911,13,54,3
16829,4915,159,39,3
16830,3661,107,22,58
16831,4372,14,41,29
16832,4095,62,23,34
16833,2445,37,33,673
16834,4280,135,27,36
16835,263,217,-2,12
16836,5133,61,30,5
16837,1375,137,15,31
16838,368,6,9,31
16839,5932,110,53,14
16840,5205,152,59,14
16841,4477,196,37,18
16842,5563,24,16,15
16843,2756,153,32,16
16844,5690,28,60,37
16845,4176,145,9,49
16846,2735,189,54,2
16847,1433,123,59,17
16848,4880,208,16,3
16849,262,101,28,53
16850,1940,119,,55
16851,5067,51,50,38
16852,4554,127,46,26
16853,3754,26,11,9
16854,1853,147,8,58
16855,1714,164,3,29
16856,3056,6,46,41
16857,5917,122,3,8
16858,3493,11,30,56
16859,304,45,,33
16860,4540,22,10,47
16861,655,103,1,54
16862,5855,150,2,7
16863,5313,196,37,56
16864,3427,217,21,819
16865,4615,217,4,23
16866,1626,80,13,17
16867,823,208,42,7
16868,5350,28,12,37
16869,5768,156,9,53
16870,2129,99,35,6
16871,37,40,27,33
16872,5785,56,28,53
16873,3946,202,5,52
16874,176,104,38,10
16875,2441,215,31,7
16876,2028,87,6,29
16877,4698,85,31,51
16878,2360,194,38,60
16879,3740,100,41,57
16880,546,185,,4
16881,3028,164,,27
16882,4770,150,5,31
16883,2429,170,41,39
16884,3682,121,28,23
16885,1899,26,27,21
16886,3434,70,,59
16887,1470,110,1,5
16888,4485,12,16,30
16889,1631,106,37,41
16890,5693,98,60,35
16891,2355,193,41,43
16892,2760,181,17,50
16893,2006,12,20,12
16894,3526,62,30,29
16895,1777,191,38,41
16896,5859,210,36,4
16897,3564,218,39,27
16898,635,37,53,25
16899,1854,151,1,46
16900,5159,111,37,54
16901,2103,171,14,41
16902,1581,125,16,2
16903,2985,177,20,11
16904,4361,217,17,529
16905,1814,162,23,13
16906,2182,73,20,28
16907,4367,191,52,54
16908,2630,24,25,745
16909,1540,134,27,25
16910,3724,50,50,29
16911,3359,184,45,34
16912,3163,116,6,38
16913,5870,117,60,6
16914,1518,4,38,41
16915,1520,184,26,31
16916,1423,42,30,43
16917,4075,38,14,10
16918,1372,218,36,54
16919,54,119,21,43
16920,4335,30,35,52
16921,588,146,22,20
16922,3651,73,55,16
16923,5713,155,26,6
16924,312,27,26,38
16925,624,7,39,41
16926,5930,16,38,56
16927,2923,12,59,0
16928,3295,137,31,55
16929,422,134,36,14
16930,814,101,51,57
16931,1334,43,28,55
16932,372,190,11,25
16933,3581,147,22,13
16934,1809,47,39,21
16935,3190,169,16,546
16936,3029,206,22,7
16937,58,122,11,34
16938,5407,138,55,41
16939,4208,211,14,3
16940,4217,58,59,27
16941,2491,189,5,54
16942,134,207,30,45
16943,2996,101,30,55
16944,2876,118,23,4
16945,732,73,22,10
16946,573,209,17,47
16947,949,166,46,3
16948,177,161,20,55
16949,184,73,2,3
16950,5984,75,16,6
16951,931,201,59,29
16952,4624,59,21,3
16953,1789,181,30,59
16954,400,202,25,20
16955,5652,131,43,41
16956,1480,54,56,46
16957,1845,219,31,38
16958,3322,52,34,1
16959,3226,150,26,39
16960,1275,153,,56
16961,2215,62,43,40
16962,5455,80,9,33
16963,4860,206,27,14
16964,3309,184,56,15
16965,4432,131,54,47
16966,4212,114,1,20
16967,3262,129,12,28
16968,2011,85,16,52
16969,5310,207,24,25
16970,4681,25,18,50
16971,2696,79,9,20
16972,2629,89,43,38
16973,5661,213,57,33
16974,2803,173,15,12
16975,4572,128,25,20
16976,3925,96,35,9
16977,4539,59,16,6
16978,5675,88,35,13
16979,3200,103,3,21
16980,5440,163,12,28
16981,1311,208,36,6
16982,4668,92,1,54
16983,825,109,8,29
16984,3049,75,31,17
16985,349,96,30,53
16986,4298,149,22,41
16987,5322,188,52,16
16988,5057,218,21,58
16989,5034,106,51,29
16990,4800,99,5,38
16991,1444,50,51,49
16992,2728,12,33,49
16993,5772,64,-3,20
16994,2855,135,48,43
16995,5715,194,13,40
16996,4530,187,25,32
16997,2785,32,,39
16998,1665,217,41,22
16999,4618,51,28,51
17000,2968,103,15,32
17001,3189,139,22,15
17002,4947,177,60,15
17003,2906,167,27,41
17004,1388,159,8,30
17005,5388,117,34,11
17006,3288,142,4,57
17007,647,70,15,19
17008,2050,44,51,19
17009,1844,188,38,29
17010,3521,135,16,58
17011,5409,211,33,16
17012,347,4,24,43
17013,5176,217,12,9
17014,4993,97,37,35
17015,941,178,53,60
17016,2527,83,24,44
17017,2638,48,53,33
17018,2941,27,40,24
17019,3126,186,54,57
17020,2717,58,41,0
17021,1546,138,19,43
17022,2503,115,45,46
17023,2915,23,23,10
17024,3381,99,11,35
17025,1253,92,,49
17026,736,105,30,12
17027,25,78,56,28
17028,3878,205,34,41
17029,449,22,32,13
17030,4324,73,,17
17031,5652,201,39,3
17032,1635,161,,39
17033,1471,203,21,21
17034,3327,18,54,33
17035,3875,220,8,8
17036,5183,91,41,14
17037,1836,57,26,30
17038,2001,44,32,43
17039,815,100,26,48
17040,3149,210,41,33
17041,897,161,47,34
17042,2516,148,44,46
17043,1246,141,47,56
17044,1309,85,20,29
17045,2387,76,19,21
17046,4754,61,23,34
17047,2053,20,3,45
17048,4234,112,29,35
17049,3721,219,58,38
17050,5764,108,7,7
17051,807,207,16,18
17052,941,13,19,59
17053,3416,136,39,613
17054,3745,217,25,25
17055,2170,66,60,58
17056,4348,152,3,24
17057,1879,117,58,39
17058,14,17,13,56
17059,5604,174,6,3
17060,3765,28,27,48
17061,5964,156,19,14
17062,712,182,33,50
17063,3191,144,27,48
17064,5337,140,41,18
17065,2714,133,25,46
17066,767,135,31,21
17067,176,164,27,48
17068,56,182,9,54
17069,2751,143,22,9
17070,1009,209,15,0
17071,5010,193,30,27
17072,4439,168,47,2
17073,5438,96,7,58
17074,2401,26,10,12
17075,5689,17,22,3
17076,1702,64,30,53
17077,3963,171,43,53
17078,5995,204,30,56
17079,3565,122,15,47
17080,3393,186,,0
17081,1031,9,24,25
17082,621,208,51,40
17083,5754,122,51,43
17084,929,176,8,50
17085,4527,13,19,45
17086,2292,216,56,7
17087,358,193,59,51
17088,4888,214,45,39
17089,4828,91,21,12
17090,2692,126,22,25
17091,1851,76,52,33
17092,1169,115,30,55
17093,4906,52,16,56
17094,5231,59,12,56
17095,3298,38,60,17
17096,4165,147,-2,50
17097,4876,8,36,59
17098,3887,207,41,26
17099,5328,22,40,42
17100,3806,49,60,13
17101,5741,33,3,42
17102,5494,52,40,14
17103,4998,96,42,14
17104,58,61,50,53
17105,2121,185,55,22
17106,5674,185,,22
17107,2157,87,13,3
17108,3979,170,48,41
17109,423,8,11,8
17110,4850,1,3,42
17111,1987,123,42,42
17112,2686,96,23,2
17113,2507,188,54,51
17114,1517,45,-4,52
17115,3276,155,38,60
17116,3883,184,22,15
17117,361,165,11,38
17118,4859,27,46,50
17119,1523,163,1,8
17120,424,42,4,14
17121,3311,71,45,0
17122,873,101,59,26
17123,5063,199,9,28
17124,5611,62,45,3
17125,4418,24,50,51
17126,2687,91,2,29
17127,3482,25,50,45
17128,397,136,20,32
17129,2957,6,43,3
17130,3662,110,59,46
17131,269,178,55,37
17132,366,119,10,57
17133,4469,1,57,39
17134,5284,131,51,23
17135,2800,199,36,18
17136,298,187,33,56
17137,3508,79,27,36
17138,2367,218,12,48
17139,1951,68,39,36
17140,1191,86,22,18
17141,4675,95,55,11
17142,5053,204,9,5
17143,4009,35,8,56
17144,2015,78,1,11
17145,4487,118,37,42
17146,3754,49,27,57
17147,5239,214,29,20
17148,2660,57,8,17
17149,3134,99,35,37
17150,4047,98,44,48
17151,1773,105,5,29
17152,4640,182,26,21
17153,5161,52,20,27
17154,4210,118,48,19
17155,5049,20,8,37
17156,1644,5,18,12
17157,5568,177,14,2
17158,758,38,49,4
17159,2914,94,59,742
17160,5178,200,36,55
17161,2665,212,49,54
17162,3392,167,17,4
17163,2176,39,38,17
17164,4510,202,51,35
17165,3110,72,40,48
17166,381,101,33,48
17167,77,170,40,24
17168,4884,144,48,17
17169,2456,164,37,55
17170,2968,155,54,30
17171,4231,197,10,43
17172,1231,212,19,30
17173,759,70,27,8
17174,3662,122,9,53
17175,4473,173,3,29
17176,2437,140,51,12
17177,3027,50,-7,5
17178,3245,23,11,35
17179,3110,71,7,14
17180,5692,7,36,44
17181,3251,53,55,57
17182,2622,140,52,44
17183,4708,40,53,4
17184,2694,158,-4,27
17185,4656,153,60,35
17186,5453,140,38,829
17187,1358,26,21,8
17188,3889,220,18,7
17189,1233,201,49,57
17190,2571,51,50,17
17191,696,158,5,38
17192,3679,135,29,57
17193,4576,34,59,51
17194,2742,176,26,11
17195,3181,29,2,0
17196,264,52,7,44
17197,2462,192,10,22
17198,901,15,47,7
17199,716,12,52,38
17200,25,94,13,40
17201,399,206,42,47
17202,5474,98,43,59
17203,3925,33,45,38
17204,4463,133,13,8
17205,4745,136,15,48
17206,3443,20,11,527
17207,3708,53,4,59
17208,530,123,20,45
17209,1498,132,13,28
17210,3099,127,23,59
17211,3276,57,44,29
17212,5879,220,60,28
17213,1596,206,54,21
17214,3809,37,48,47
17215,543,135,38,4
17216,5818,159,6,0
17217,5623,87,26,47
17218,5205,137,49,33
17219,928,85,53,59
17220,1584,81,59,4
17221,1944,83,43,46
17222,489,118,25,26
17223,4263,178,33,39
17224,3341,131,16,8
17225,4049,85,47,58
17226,2398,173,40,24
17227,5198,33,12,19
17228,3234,206,57,11
17229,3770,140,30,24
17230,4266,179,30,0
17231,248,135,57,7
17232,616,54,19,50
17233,2486,37,37,26
17234,1736,25,9,7
17235,4455,83,7,33
17236,5379,104,16,49
17237,93,14,38,0
17238,4415,115,43,43
17239,4911,113,10,34
17240,5000,153,23,28
17241,5609,30,49,47
17242,175,26,55,0
17243,3027,64,57,3
17244,2114,123,26,37
17245,5815,49,38,30
17246,3314,75,31,39
17247,5041,3,39,31
17248,5760,182,9,15
17249,296,43,36,7
17250,5114,58,41,43
17251,1779,149,10,45
17252,563,77,36,27
17253,1757,23,2,798
17254,3249,40,5,23
17255,5358,164,17,48
17256,2627,133,27,50
17257,5617,151,6,41
17258,2637,97,15,36
17259,1642,208,40,52
17260,3363,88,6,772
17261,5165,104,36,48
17262,5019,14,27,21
17263,5725,138,11,34
17264,809,57,22,39
17265,3264,27,12,25
17266,2835,126,0,59
17267,4780,75,44,35
17268,4910,43,39,33
17269,4510,50,21,0
17270,4801,58,38,43
17271,1658,206,41,27
17272,4632,12,60,29
17273,3467,166,41,45
17274,5894,123,4,26
17275,2580,99,9,24
17276,2920,123,58,34
17277,3164,95,29,50
17278,3072,205,59,757
17279,5249,34,,17
17280,5197,36,43,46
17281,676,152,49,43
17282,5941,120,3,9
17283,3206,147,43,6
17284,946,94,31,10
17285,1299,170,40,46
17286,789,177,13,27
17287,5711,217,10,47
17288,4654,77,13,50
17289,3503,166,34,41
17290,164,10,25,48
17291,2817,181,34,24
17292,4151,65,49,14
17293,5346,176,7,19
17294,5068,217,4,43
17295,4338,163,9,18
17296,3574,204,47,54
17297,3971,91,44,60
17298,286,12,55,24
17299,1365,125,31,5
17300,875,3,,58
17301,4005,78,15,45
17302,736,15,21,27
17303,258,31,49,28
17304,2185,95,17,18
17305,5820,46,48,60
17306,3671,55,50,59
17307,5851,198,33,41
17308,5287,126,23,1
17309,1172,124,34,14
17310,993,100,36,21
17311,2992,188,45,38
17312,1591,145,10,41
17313,4757,15,14,10
17314,510,189,1,28
17315,5453,28,8,6
17316,3698,141,47,45
17317,2636,75,41,11
17318,1440,6,37,57
17319,2455,84,21,29
17320,3480,51,56,39
17321,172,196,18,48
17322,1855,29,43,27
17323,230,118,28,33
17324,3691,86,15,8
17325,3209,165,6,52
17326,985,194,38,10
17327,886,49,14,36
17328,2126,208,21,2
17329,2376,93,15,6
17330,4649,122,19,39
17331,5229,112,50,44
17332,2318,51,39,6
17333,3283,19,18,23
17334,4913,44,20,17
17335,27,135,59,14
17336,2856,20,9,36
17337,5096,83,54,34
17338,382,156,21,11
17339,3098,200,41,11
17340,1449,36,20,35
17341,4722,107,15,57
17342,1275,149,36,33
17343,5577,171,52,21
17344,17,162,33,56
17345,2156,116,26,57
17346,1133,135,25,35
17347,4470,67,12,10
17348,3922,207,41,50
17349,552,80,14,16
17350,1799,61,23,1
17351,4656,123,43,41
17352,5520,65,27,53
17353,3749,32,28,17
17354,5035,172,20,54
17355,5017,198,34,0
17356,4001,159,27,45
17357,1481,17,-2,40
17358,887,127,50,30
17359,4476,105,47,54
17360,4942,214,44,45
17361,5985,98,47,20
17362,4204,158,50,46
17363,1161,20,43,19
17364,4414,83,28,3
17365,5960,65,1,36
17366,5461,190,56,46
17367,2257,164,13,54
17368,5345,10,8,45
17369,4228,81,49,21
17370,1481,90,4,26
17371,4768,215,20,56
17372,727,116,38,45
17373,4647,134,52,40
17374,4605,62,16,12
17375,1399,74,,4
17376,1383,130,58,15
17377,3389,185,,12
17378,1885,218,28,60
17379,4088,45,52,30
17380,627,65,54,48
17381,4507,8,-1,25
17382,614,92,35,6
17383,5175,133,,30
17384,3655,148,45,43
17385,173,178,1,54
17386,2301,40,27,40
17387,5741,53,58,25
17388,1479,102,4,58
17389,2284,118,27,47
17390,86,98,38,51
17391,4066,27,44,46
17392,842,141,14,54
17393,5960,198,46,13
17394,937,45,28,14
17395,3395,191,12,35
17396,769,197,21,7
17397,57,182,49,52
17398,5543,210,27,13
17399,339,171,10,31
17400,240,162,11,7
17401,43,8,42,48
17402,248,150,38,52
17403,5960,44,24,47
17404,3336,193,20,26
17405,289,73,57,9
17406,103,52,34,34
17407,1842,112,30,57
17408,581,117,24,20
17409,2226,122,14,33
17410,1456,168,6,48
17411,5211,18,54,33
17412,5374,212,16,44
17413,872,132,34,619
17414,5805,177,6,2
17415,1373,119,16,660
17416,2374,15,42,38
17417,2673,162,46,25
17418,3113,189,11,5
17419,2061,101,53,46
17420,3912,156,48,29
17421,3274,28,34,20
17422,2393,62,32,57
17423,1049,92,3,10
17424,4106,72,48,20
17425,5253,194,5,32
17426,1966,132,4,41
17427,2001,144,43,59
17428,856,70,,0
17429,5654,89,29,33
17430,4756,218,17,47
17431,5667,216,50,58
17432,5747,159,38,30
17433,5692,61,54,3
17434,2139,135,10,29
17435,735,87,22,2
17436,4836,164,27,44
17437,223,32,4,26
17438,622,139,58,58
17439,298,100,47,55
17440,1265,186,10,2
17441,3060,169,40,23
17442,1045,10,8,43
17443,1039,150,16,36
17444,3033,25,12,40
17445,4912,139,51,37
17446,5224,170,33,48
17447,3943,161,44,43
17448,5459,11,45,30
17449,4057,62,51,1
17450,704,92,25,553
17451,1680,191,37,37
17452,3871,104,21,39
17453,2870,118,25,10
17454,5130,12,41,20
17455,252,111,34,7
17456,5829,108,37,52
17457,1596,141,52,28
17458,5547,185,41,18
17459,3925,219,4,44
17460,170,184,8,47
17461,2556,113,,44
17462,3850,185,8,42
17463,1337,50,50,33
17464,793,167,13,36
17465,1770,115,8,36
17466,4459,30,35,31
17467,1363,39,57,58
17468,410,135,59,47
17469,5996,72,,16
17470,4875,211,13,791
17471,5632,70,34,11
17472,1061,171,5,16
17473,2352,100,15,18
17474,3696,201,30,5
17475,1284,90,19,57
17476,3166,175,54,54
17477,1893,14,31,8
17478,1744,17,8,47
17479,3551,146,55,60
17480,3157,25,45,18
17481,4965,92,25,7
17482,1349,174,25,51
17483,5985,163,41,3
17484,1880,49,47,36
17485,70,54,14,46
17486,130,154,34,38
17487,4393,158,13,37
17488,930,85,31,19
17489,2160,33,35,33
17490,5288,213,49,7
17491,3271,211,44,43
17492,4134,180,46,41
17493,912,13,56,31
17494,5406,138,29,7
17495,653,106,18,33
17496,3985,141,43,38
17497,1910,58,41,31
17498,1491,8,51,11
17499,2717,60,39,60
17500,2586,193,42,58
17501,1424,179,29,57
17502,2698,175,,26
17503,2262,19,26,34
17504,695,162,4,14
17505,3356,145,33,17
17506,4543,208,58,21
17507,1608,136,36,14
17508,5523,207,41,31
17509,5221,15,-10,58
17510,2737,105,40,5
17511,4580,208,34,1
17512,612,151,13,39
17513,2371,153,15,33
17514,3914,21,14,48
17515,1981,145,7,21
17516,4876,55,41,53
17517,2889,60,22,39
17518,3584,79,20,30
17519,5764,110,46,10
17520,985,194,40,40
17521,1729,196,57,35
17522,3950,193,-1,25
17523,2526,30,20,21
17524,2038,194,3,7
17525,792,179,50,52
17526,3583,58,7,11
17527,1227,137,15,41
17528,5950,21,0,45
17529,405,166,25,51
17530,1214,151,20,7
17531,5228,70,43,41
17532,4858,46,40,43
17533,4959,199,50,2
17534,235,150,4,15
17535,3054,49,4,51
17536,4821,185,3,44
17537,5648,44,56,49
17538,106,4,15,44
17539,847,202,48,32
17540,1573,44,23,42
17541,2973,62,54,1
17542,3305,87,32,20
17543,194,195,53,11
17544,1910,188,27,2
17545,833,211,2,15
17546,5481,65,2,35
17547,404,205,,55
17548,5209,217,20,7
17549,3169,182,27,17
17550,3936,143,45,17
17551,5543,57,30,46
17552,952,10,37,49
17553,4649,72,18,23
17554,3632,214,37,43
17555,889,69,33,33
17556,5833,189,13,19
17557,770,96,31,46
17558,5019,36,37,5
17559,4558,69,31,44
17560,5169,126,6,731
17561,5040,144,22,4
17562,1460,197,55,58
17563,4402,16,17,54
17564,4845,112,37,10
17565,975,115,27,37
17566,1779,29,56,30
17567,1841,9,12,46
17568,5488,40,-5,44
17569,4126,111,38,24
17570,1954,170,22,57
17571,2552,199,46,26
17572,1506,201,56,43
17573,3246,136,60,50
17574,801,150,28,21
17575,1122,143,50,52
17576,2287,9,37,60
17577,4933,186,16,9
17578,2979,211,1,13
17579,3458,84,56,54
17580,736,139,55,56
17581,1261,54,0,59
17582,3702,11,31,32
17583,5541,168,24,34
17584,354,200,43,0
17585,3806,41,38,48
17586,1094,149,36,37
17587,3108,52,46,51
17588,3438,126,28,14
17589,1454,202,41,14
17590,1497,164,21,7
17591,3399,200,32,43
17592,759,114,51,44
17593,361,23,31,4
17594,4661,153,55,46
17595,364,105,20,4
17596,3849,187,53,19
17597,4534,11,39,50
17598,2457,22,56,27
17599,5000,45,28,676
17600,4787,54,7,39
17601,1035,106,3,40
17602,4531,25,46,11
17603,2983,168,29,55
17604,4507,158,58,538
17605,3455,116,35,1
17606,3603,53,38,21
17607,5192,194,9,14
17608,4434,25,49,10
17609,5591,204,31,34
17610,413,29,25,49
17611,4119,179,39,54
17612,1182,176,49,28
17613,2918,98,5,14
17614,1315,106,11,35
17615,2417,73,34,29
17616,1076,23,36,58
17617,4288,34,49,4
17618,1233,26,31,53
17619,2754,151,45,0
17620,816,35,54,25
17621,1204,82,13,10
17622,4524,75,1,22
17623,4831,220,7,16
17624,227,152,60,48
17625,3256,96,3,24
17626,4435,210,57,9
17627,5523,127,38,24
17628,5661,57,23,31
17629,3344,189,60,5
17630,4582,50,10,36
17631,609,24,45,49
17632,3369,136,27,24
17633,5013,135,46,38
17634,214,145,19,55
17635,2850,204,52,45
17636,4177,188,3,52
17637,184,89,2,45
17638,5806,41,31,28
17639,3209,112,15,54
17640,2341,91,57,40
17641,257,3,52,17
17642,1802,203,7,45
17643,5677,28,24,19
17644,2230,67,60,12
17645,2678,141,52,49
17646,2465,111,,47
17647,4508,71,-4,20
17648,4000,208,12,58
17649,5390,33,20,25
17650,4717,186,57,34
17651,90,182,16,30
17652,4410,209,21,55
17653,873,131,57,8
17654,3403,204,44,52
17655,835,118,32,35
17656,2929,161,16,13
17657,4375,219,49,4
17658,3445,75,,22
17659,3734,157,21,26
17660,2956,163,40,29
17661,571,214,,11
17662,1843,85,32,13
17663,1175,147,32,9
17664,5574,153,26,6
17665,2640,161,10,21
17666,4303,113,8,32
17667,3533,33,9,28
17668,3824,148,10,28
17669,370,172,21,60
17670,1731,49,7,28
17671,2316,192,27,9
17672,4336,62,43,26
17673,3354,148,54,0
17674,3979,57,4,19
17675,769,37,1,18
17676,3304,64,38,21
17677,2099,218,25,51
17678,3167,49,46,9
17679,3195,6,13,58
17680,4241,1,28,13
17681,5250,170,56,20
17682,1722,51,10,29
17683,2170,155,30,40
17684,980,79,33,11
17685,745,192,,34
17686,4645,113,39,2
17687,549,70,54,15
17688,4041,64,46,49
17689,2208,4,0,58
17690,1090,40,27,14
17691,5480,13,1,48
17692,5938,43,37,47
17693,4578,136,2,39
17694,4513,132,44,55
17695,303,11,60,22
17696,4452,91,25,39
17697,3589,210,44,43
17698,5015,163,53,16
17699,3411,19,13,10
17700,3563,204,33,11
17701,5535,144,5,24
17702,3870,62,-8,1
17703,572,209,15,18
17704,3583,33,46,21
17705,2262,74,14,27
17706,1207,192,3,16
17707,1447,103,-4,33
17708,268,163,57,29
17709,5895,157,-9,2
17710,3814,44,45,15
17711,5690,145,57,23
17712,4388,181,-2,35
17713,2138,218,13,4
17714,5637,39,8,52
17715,4110,29,38,35
17716,3250,73,45,8
17717,1222,110,9,17
17718,4309,101,12,38
17719,4177,182,45,28
17720,795,81,24,21
17721,373,31,33,0
17722,1903,81,27,30
17723,1224,23,21,11
17724,4716,58,45,34
17725,2922,35,31,54
17726,665,116,5,42
17727,3766,175,39,44
17728,1079,194,-5,28
17729,651,47,56,20
17730,1272,196,16,54
17731,3695,201,33,4
17732,4963,52,22,49
17733,1349,206,22,26
17734,4020,207,0,2
17735,2615,31,58,10
17736,514,192,37,25
17737,3487,187,12,41
17738,2877,200,46,49
17739,4264,200,17,31
17740,1923,62,41,24
17741,1699,73,11,40
17742,5377,198,9,34
17743,3477,190,0,25
17744,5983,87,59,13
17745,5583,92,53,49
17746,4556,34,18,1
17747,4836,179,12,51
17748,1526,196,54,51
17749,4150,153,57,37
17750,4438,180,23,58
17751,2674,11,56,23
17752,1325,175,2,25
17753,1665,64,31,3
17754,3734,159,52,569
17755,4585,203,20,59
17756,3984,158,35,30
17757,1226,203,7,45
17758,1218,196,35,11
17759,4385,137,42,2
17760,1890,94,23,39
17761,3663,23,16,49
17762,1009,158,10,14
17763,3492,67,24,25
17764,2320,178,23,35
17765,2739,64,51,9
17766,5915,187,51,59
17767,3661,205,54,32
17768,5743,136,16,29
17769,923,96,44,48
17770,2949,156,31,0
17771,2095,199,5,55
17772,2873,59,2,19
17773,5300,59,15,55
17774,2578,112,26,45
17775,3744,199,55,9
17776,5600,48,54,54
17777,3381,44,25,50
17778,2726,147,54,24
17779,5409,208,21,25
17780,4171,24,0,35
17781,4539,210,-6,3
17782,4819,129,47,32
17783,2253,21,38,38
17784,524,115,42,26
17785,2189,61,-7,38
17786,2651,144,8,16
17787,2345,189,34,37
17788,3980,120,50,46
17789,4602,201,21,16
17790,2885,15,25,29
17791,554,66,18,27
17792,2185,215,43,37
17793,2415,165,22,51
17794,1236,68,35,41
17795,5845,172,53,42
17796,347,112,5,22
17797,2304,57,14,25
17798,850,172,11,35
17799,4343,207,55,5
17800,390,176,28,54
17801,158,205,50,56
17802,2080,211,32,56
17803,883,128,36,18
17804,3062,48,53,50
17805,2879,99,25,10
17806,1414,174,-6,48
17807,1801,2,22,5
17808,1919,46,31,0
17809,1508,84,43,43
17810,3282,102,9,10
17811,4439,132,24,50
17812,2744,133,60,59
17813,1317,85,3,30
17814,1541,52,38,48
17815,4915,176,29,20
17816,1773,217,23,48
17817,3146,95,37,13
17818,4935,23,,29
17819,3886,92,41,29
17820,309,159,14,24
17821,5820,1,11,19
17822,611,23,37,28
17823,1103,82,48,24
17824,3109,79,2,26
17825,1696,132,26,60
17826,83,96,30,19
17827,335,197,52,28
17828,3875,13,15,859
17829,2696,31,7,5
17830,1408,126,46,29
17831,873,52,32,25
17832,1175,150,14,40
17833,1641,175,42,22
17834,3523,88,23,34
17835,1072,130,17,34
17836,2683,184,21,2
17837,3541,64,23,54
17838,1841,209,0,44
17839,4285,113,14,35
17840,631,7,56,40
17841,5425,79,9,37
17842,3100,197,18,48
17843,763,209,31,52
17844,1889,146,12,34
17845,458,198,32,60
17846,4122,35,47,51
17847,1177,159,33,9
17848,964,42,9,33
17849,955,174,34,10
17850,1740,53,49,10
17851,5383,30,36,57
17852,3160,215,-8,44
17853,4538,167,21,6
17854,867,84,45,29
17855,2959,9,60,17
17856,5066,4,20,0
17857,1792,30,10,25
17858,1121,186,12,36
17859,3356,140,60,30
17860,4766,54,26,15
17861,5984,218,30,32
17862,4474,15,35,42
17863,5749,134,35,8
17864,5018,218,,46
17865,2897,38,10,15
17866,1306,76,4,57
17867,1316,164,23,51
17868,1596,118,16,30
17869,1155,111,26,4
17870,5924,12,47,40
17871,5722,13,52,60
17872,4040,172,12,29
17873,3130,19,31,16
17874,2985,178,41,9
17875,147,136,55,48
17876,68,220,56,13
17877,57,175,60,49
17878,3963,204,6,26
17879,1962,71,60,31
17880,4376,6,0,54
17881,1213,157,5,17
17882,4072,43,26,0
17883,3450,15,4,53
17884,3924,35,11,13
17885,4881,115,2,34
17886,5059,187,50,21
17887,333,161,57,43
17888,5785,132,52,6
17889,5196,199,19,39
17890,5279,12,58,51
17891,4504,115,,5
17892,4950,30,11,40
17893,5324,113,25,4
17894,4463,30,35,10
17895,5645,49,-4,5
17896,806,147,13,38
17897,5121,167,4,0
17898,1983,83,30,19
17899,1755,17,21,58
17900,4071,115,0,31
17901,25,20,56,40
17902,4520,126,40,41
17903,578,64,,46
17904,762,99,12,806
17905,4451,73,47,3
17906,1683,11,47,57
17907,4879,161,15,25
17908,5443,81,35,51
17909,2789,110,37,12
17910,306,113,32,34
17911,3435,172,6,44
17912,4919,64,50,7
17913,1276,150,12,5
17914,5694,131,8,27
17915,336,49,21,38
17916,2128,175,0,59
17917,888,40,14,27
17918,3476,101,2,13
17919,4627,116,43,37
17920,117,197,44,20
17921,4104,105,5,51
17922,2771,108,45,45
17923,1633,167,6,8
17924,628,85,31,30
17925,55,210,7,16
17926,5640,213,41,44
17927,3371,145,54,44
17928,317,214,54,57
17929,4043,179,5,10
17930,968,43,28,23
17931,314,147,48,45
17932,1141,210,17,53
17933,4090,165,43,55
17934,3961,48,9,29
17935,350,165,5,60
17936,2662,94,39,2
17937,5582,83,12,48
17938,5308,26,14,2
17939,4567,27,54,27
17940,5449,209,51,60
17941,5837,180,59,1
17942,35,159,24,17
17943,5631,124,57,6
17944,1260,181,38,26
17945,1830,195,24,3
17946,5179,54,39,13
17947,1507,55,0,25
17948,2374,107,28,13
17949,3199,124,55,4
17950,4409,195,58,34
17951,3232,107,7,52
17952,1979,189,36,8
17953,1225,134,38,7
17954,4252,51,46,30
17955,5961,159,45,21
17956,2296,158,8,41
17957,5975,195,23,42
17958,1481,180,22,8
17959,3128,20,24,49
17960,3169,195,15,32
17961,1926,146,22,50
17962,5647,69,20,40
17963,4353,69,33,56
17964,1201,191,43,27
17965,1664,54,16,18
17966,3447,139,13,28
17967,5247,152,51,9
17968,2353,155,23,57
17969,4784,125,7,43
17970,1658,45,1,43
17971,558,58,58,14
17972,2012,54,28,15
17973,1903,198,24,5
17974,1778,216,19,43
17975,3526,154,7,45
17976,1781,49,37,56
17977,1952,43,,20
17978,619,142,49,42
17979,1263,140,29,51
17980,3193,173,15,32
17981,1653,209,49,2
17982,3824,175,45,47
17983,802,59,10,56
17984,4393,70,14,6
17985,5129,71,38,0
17986,355,69,24,29
17987,5104,63,11,59
17988,3363,121,1,23
17989,3414,183,40,6
17990,5668,5,21,7
17991,5183,95,5,46
17992,2139,158,3,58
17993,1187,136,58,10
17994,5551,21,19,24
17995,365,187,52,26
17996,2739,171,49,58
17997,1584,186,39,51
17998,931,50,14,6
17999,1476,86,12,13
18000,5243,30,36,59
18001,510,39,59,44
18002,5337,56,12,12
18003,2277,140,16,41
18004,506,109,2,54
18005,79,137,24,14
18006,2129,151,40,39
18007,1387,128,39,9
18008,5286,135,43,38
18009,4510,27,32,23
18010,3196,212,3,38
18011,862,175,34,56
18012,2140,46,1,25
18013,5223,187,23,24
18014,4931,27,-7,12
18015,3957,176,21,6
18016,3756,46,48,27
18017,4480,184,36,3
18018,1384,39,0,39
18019,3260,144,35,16
18020,774,150,44,609
18021,537,119,44,6
18022,5962,11,12,55
18023,865,110,16,57
18024,2100,102,54,20
18025,1796,58,39,43
18026,4853,19,54,737
18027,5309,178,13,56
18028,116,46,60,23
18029,695,178,28,49
18030,2607,51,30,31
18031,5781,21,11,19
18032,1072,9,45,54
18033,2614,88,19,22
18034,103,76,5,35
18035,5380,172,60,31
18036,2270,203,15,34
18037,5656,4,37,53
18038,1613,127,35,13
18039,4724,139,57,615
18040,3612,58,32,42
18041,5160,204,3,15
18042,4574,170,14,30
18043,1634,47,31,606
18044,5707,176,14,10
18045,2782,175,13,40
18046,372,77,38,772
18047,4930,211,7,18
18048,2983,131,59,44
18049,1658,7,42,42
18050,162,99,19,57
18051,5692,39,28,30
18052,4725,72,31,11
18053,835,47,48,585
18054,5125,37,36,43
18055,5415,204,29,54
18056,1102,140,24,21
18057,219,44,28,45
18058,3708,216,56,7
18059,5314,200,26,32
18060,507,144,18,54
18061,4277,156,7,30
18062,4179,102,17,54
18063,660,131,33,59
18064,5552,53,44,4
18065,1285,198,35,9
18066,5702,188,40,4
18067,577,16,,12
18068,2567,88,42,23
18069,885,163,56,57
18070,4604,22,31,6
18071,3487,70,10,5
18072,4990,117,49,19
18073,2061,90,32,57
18074,4280,37,8,54
18075,5561,15,47,42
18076,2117,51,52,14
18077,5558,216,54,60
18078,1068,33,2,52
18079,417,170,33,50
18080,3123,169,28,10
18081,2313,173,47,19
18082,3608,211,37,10
18083,494,55,23,47
18084,2293,92,56,35
18085,2311,118,54,20
18086,2124,7,39,53
18087,922,107,32,24
18088,3586,165,29,23
18089,2308,61,17,24
18090,252,114,47,10
18091,92,68,13,16
18092,5270,111,34,16
18093,4561,102,1,51
18094,13,195,19,8
18095,5076,145,35,26
18096,5222,58,48,787
18097,5649,208,1,16
18098,263,70,49,59
18099,388,104,43,30
18100,3390,51,10,54
18101,5516,204,19,45
18102,1509,4,13,27
18103,922,68,33,879
18104,3501,166,60,21
18105,1469,205,32,44
18106,4014,192,31,28
18107,4545,182,52,4
18108,2323,31,26,18
18109,997,105,49,22
18110,3921,212,4,39
18111,1325,207,34,42
18112,5721,190,47,49
18113,1642,140,8,28
18114,5497,214,56,39
18115,4219,60,4,58
18116,4468,42,31,24
18117,4537,197,7,56
18118,586,76,39,34
18119,1079,2,9,11
18120,29,114,33,44
18121,4879,85,26,22
18122,4353,207,60,23
18123,3106,210,43,12
18124,5421,40,23,20
18125,4772,174,56,18
18126,56,208,59,21
18127,4331,127,-5,49
18128,5907,99,35,10
18129,2316,164,41,52
18130,1224,5,37,60
18131,5758,169,29,13
18132,4510,7,8,42
18133,1166,203,31,32
18134,1026,39,38,10
18135,298,11,15,43
18136,4988,21,0,51
18137,3485,167,57,23
18138,538,78,24,31
18139,3510,27,24,41
18140,1214,204,39,21
18141,5094,61,35,41
18142,2097,45,24,57
18143,2339,15,2,32
18144,3936,176,53,39
18145,2462,48,58,0
18146,1470,210,20,24
18147,2039,102,12,45
18148,90,50,-3,4
18149,747,57,44,44
18150,453,146,38,53
18151,3398,101,10,10
18152,38,107,14,42
18153,3949,180,0,7
18154,1955,103,14,49
18155,4055,171,55,58
18156,3377,71,11,51
18157,4877,51,36,3
18158,541,58,8,38
18159,5535,124,21,60
18160,5283,191,14,21
18161,5555,98,,7
18162,24,138,51,19
18163,2128,13,24,33
18164,1698,90,5,2
18165,5630,142,15,42
18166,2869,141,50,23
18167,5256,155,39,1
18168,381,12,5,21
18169,4964,86,35,38
18170,4526,135,27,27
18171,481,154,21,59
18172,1413,91,36,59
18173,5365,74,47,36
18174,5540,94,25,26
18175,3389,56,30,11
18176,4431,13,46,20
18177,5453,129,2,41
18178,3661,106,27,23
18179,222,216,30,32
18180,2497,63,16,35
18181,1720,72,47,53
18182,1775,1,14,28
18183,2737,202,44,35
18184,2346,178,22,53
18185,2409,186,15,4
18186,5759,56,31,49
18187,1522,204,3,8
18188,5310,200,34,8
18189,5132,186,2,32
18190,5199,193,50,19
18191,4411,63,11,45
18192,750,198,59,45
18193,656,63,41,5
18194,563,213,1,40
18195,3829,93,11,44
18196,4585,159,48,25
18197,4334,139,18,30
18198,1002,179,54,58
18199,4310,152,56,25
18200,4968,65,9,56
18201,5724,161,10,26
18202,296,132,10,6
18203,2621,156,5,10
18204,4637,206,53,46
18205,5640,197,14,7
18206,3766,220,32,18
18207,5745,155,40,21
18208,833,114,45,5
18209,1335,56,10,31
18210,4570,34,41,30
18211,5788,145,30,58
18212,2243,22,15,36
18213,3597,59,52,4
18214,4088,127,0,24
18215,3517,28,19,36
18216,2327,173,32,20
18217,3007,170,8,7
18218,5066,212,19,17
18219,2836,69,1,3
18220,5781,23,40,44
18221,4374,135,5,812
18222,3167,8,31,57
18223,465,187,18,52
18224,3425,92,3,7
18225,4501,190,59,42
18226,3866,64,4,39
18227,4376,196,18,29
18228,4516,27,17,43
18229,308,130,56,50
18230,5460,56,28,45
18231,1961,129,23,49
18232,3093,206,13,44
18233,1620,42,22,27
18234,2802,139,49,53
18235,1748,202,49,43
18236,1727,207,-10,37
18237,605,58,53,19
18238,4448,174,,0
18239,1876,106,39,5
18240,2248,210,9,49
18241,1291,112,31,25
18242,555,87,5,35
18243,4798,63,15,5
18244,2235,60,51,54
18245,2259,100,20,39
18246,1760,24,26,51
18247,757,46,54,35
18248,4439,105,4,49
18249,4803,138,0,37
18250,4520,154,33,21
18251,2142,91,31,51
18252,4692,152,35,39
18253,1972,141,50,32
18254,1500,92,19,16
18255,4432,107,39,38
18256,4944,124,50,51
18257,5887,214,56,22
18258,5459,82,24,48
18259,3889,156,16,637
18260,4664,7,37,0
18261,5070,95,36,18
18262,2061,79,52,59
18263,510,93,27,23
18264,2849,197,4,39
18265,917,213,31,6
18266,1126,59,47,7
18267,166,11,31,34
18268,2990,180,8,31
18269,4452,209,,49
18270,1026,98,41,46
18271,4346,167,,17
18272,1057,125,30,58
18273,2195,131,44,39
18274,5751,37,24,42
18275,4600,19,59,38
18276,4852,41,60,19
18277,5342,122,31,34
18278,2678,173,13,35
18279,5259,61,55,26
18280,4383,171,51,39
18281,2215,160,50,46
18282,3886,29,-10,25
18283,169,104,50,17
18284,1218,218,19,42
18285,1042,178,45,5
18286,1024,180,20,853
18287,4639,13,10,12
18288,4,116,60,49
18289,32,205,16,44
18290,3381,141,18,9
18291,2064,1,34,42
18292,5037,162,54,29
18293,1949,218,26,22
18294,5044,187,25,19
18295,1333,43,49,52
18296,4632,14,57,4
18297,4743,54,24,14
18298,2453,120,,18
18299,444,105,15,37
18300,5436,131,10,15
18301,3297,111,49,54
18302,1289,21,51,56
18303,4785,162,36,58
18304,2154,84,3,30
18305,4561,68,42,52
18306,4871,205,55,0
18307,5087,104,23,38
18308,3443,21,48,8
18309,2451,55,3,0
18310,4122,189,54,13
18311,3147,161,24,40
18312,5695,43,44,56
18313,882,34,28,29
18314,2533,56,1,59
18315,4278,45,50,17
18316,850,59,27,52
18317,4151,116,37,1
18318,2968,184,19,27
18319,1558,127,47,15
18320,5644,178,57,5
18321,2320,127,40,54
18322,4069,98,34,23
18323,682,77,50,24
18324,1262,171,47,57
18325,2412,207,25,22
18326,4150,205,27,35
18327,3206,161,45,7
18328,2733,41,50,43
18329,2524,39,57,22
18330,2729,181,42,58
18331,1604,149,30,16
18332,5754,8,34,45
18333,4095,113,54,0
18334,3311,157,4,42
18335,1843,76,52,21
18336,720,126,36,42
18337,4662,106,34,31
18338,1091,145,4,35
18339,5283,135,18,16
18340,3621,99,24,48
18341,3824,38,52,32
18342,5924,6,40,49
18343,1204,42,15,19
18344,1159,109,51,32
18345,1788,37,10,16
18346,892,144,43,42
18347,1800,37,18,21
18348,5213,100,21,24
18349,4323,79,2,33
18350,3511,172,18,31
18351,2418,109,21,38
18352,2912,147,47,13
18353,3569,204,56,38
18354,3647,211,21,35
18355,5933,202,28,51
18356,1748,134,7,6
18357,4338,75,17,58
18358,5157,44,12,14
18359,2609,188,2,32
18360,3034,64,16,7
18361,5926,27,25,28
18362,374,120,52,14
18363,1612,19,45,33
18364,3566,83,57,6
18365,2819,187,27,9
18366,4329,128,3,44
18367,55,55,13,27
18368,1333,173,49,17
18369,4702,191,19,28
18370,4425,193,42,24
18371,23,29,41,33
18372,350,95,15,23
18373,1396,93,23,13
18374,5761,215,10,608
18375,3721,94,60,5
18376,83,82,46,33
18377,5402,126,10,23
18378,4769,11,49,29
18379,1950,58,47,46
18380,5986,161,51,38
18381,3225,82,41,24
18382,1585,31,37,12
18383,1253,192,0,4
18384,5915,14,40,44
18385,1115,177,5,778
18386,2325,191,36,35
18387,5693,203,45,50
18388,5442,26,19,37
18389,972,211,11,37
18390,5838,188,40,11
18391,3334,107,49,36
18392,911,149,53,32
18393,3390,66,0,21
18394,4985,35,32,10
18395,2565,191,2,56
18396,5389,145,15,50
18397,4298,37,30,7
18398,3324,161,31,3
18399,5403,38,28,9
18400,5931,125,19,41
18401,615,45,42,4
18402,80,220,25,1
18403,2805,88,34,37
18404,4190,187,45,17
18405,3143,147,53,41
18406,1276,185,10,4
18407,641,58,16,4
18408,2655,154,31,1
18409,638,44,13,40
18410,3365,48,49,42
18411,1063,116,54,47
18412,558,5,25,41
18413,241,218,43,33
18414,4257,15,-9,50
18415,5737,54,37,53
18416,1591,76,45,58
18417,2408,177,30,46
18418,1528,154,44,36
18419,1625,52,56,49
18420,3155,68,15,33
18421,715,210,2,45
18422,1479,84,26,48
18423,5771,53,25,33
18424,3928,19,44,27
18425,3216,168,4,8
18426,2864,30,0,22
18427,814,120,46,30
18428,2699,126,21,9
18429,2883,29,21,27
18430,3493,17,33,9
18431,5512,139,6,0
18432,1567,110,31,12
18433,1548,154,4,8
18434,1414,78,24,48
18435,973,193,34,7
18436,5,15,55,50
18437,3861,26,44,31
18438,3762,7,30,39
18439,5236,190,44,14
18440,4591,114,48,1
18441,4307,186,34,37
18442,3963,155,30,40
18443,2973,198,3,45
18444,4055,83,44,14
18445,3036,34,31,18
18446,1585,99,13,45
18447,1496,76,12,35
18448,3752,30,6,52
18449,1555,121,,59
18450,5308,215,50,15
18451,2851,65,57,54
18452,1452,163,19,36
18453,1683,208,27,28
18454,74,137,10,6
18455,3613,39,37,13
18456,973,77,24,48
18457,3332,12,10,35
18458,5593,78,-7,47
18459,3302,200,15,32
18460,4045,117,34,4
18461,169,204,13,43
18462,765,66,23,48
18463,4111,164,37,60
18464,4436,108,30,43
18465,4021,23,47,14
18466,5738,91,57,58
18467,1366,204,39,9
18468,4805,202,8,15
18469,528,167,57,2
18470,1796,155,41,54
18471,2377,153,10,55
18472,4538,56,50,52
18473,4268,8,31,14
18474,386,154,38,35
18475,5301,169,29,5
18476,4352,137,57,42
18477,5623,106,27,1
18478,1326,70,45,1
18479,4119,120,24,1
18480,3855,79,10,13
18481,3120,90,16,53
18482,5447,106,14,58
18483,3079,4,59,43
18484,3892,148,21,9
18485,2964,92,11,4
18486,1346,191,58,29
18487,3003,32,60,9
18488,29,11,46,30
18489,372,153,40,31
18490,2103,21,31,14
18491,4122,217,3,21
18492,5692,207,47,9
18493,4176,11,3,18
18494,77,123,22,40
18495,4861,101,45,34
18496,3664,107,45,619
18497,5007,161,6,52
18498,1100,208,18,50
18499,3494,128,50,25
18500,4156,21,50,51
18501,4681,74,32,37
18502,2118,89,40,18
18503,3727,181,39,49
18504,2706,58,54,54
18505,621,176,53,4
18506,2293,115,35,35
18507,2178,148,23,33
18508,3606,36,40,13
18509,577,25,18,4
18510,827,24,22,7
18511,2241,14,24,59
18512,2664,200,44,2
18513,3889,143,57,46
18514,4605,113,33,46
18515,4190,219,39,22
18516,2853,83,21,54
18517,5325,81,59,38
18518,1917,51,-4,12
18519,3420,117,26,1
18520,1938,111,35,48
18521,2507,7,59,12
18522,5768,207,53,35
18523,5455,164,13,19
18524,5071,27,26,8
18525,5540,9,35,12
18526,1306,166,1,49
18527,5081,104,58,55
18528,2160,91,8,28
18529,1071,171,26,54
18530,5012,71,5,5
18531,2012,111,12,16
18532,5758,54,18,20
18533,3967,14,55,47
18534,1270,192,16,56
18535,2011,176,59,15
18536,2821,61,59,13
18537,4909,4,43,46
18538,1292,153,49,25
18539,5535,24,19,27
18540,985,58,38,14
18541,1313,29,51,26
18542,4650,90,33,23
18543,3234,59,-4,48
18544,5234,53,46,18
18545,3359,66,21,51
18546,1448,71,56,0
18547,2780,124,53,13
18548,4016,55,46,42
18549,2660,33,29,1
18550,5100,87,4,60
18551,5627,120,3,43
18552,4173,44,40,50
18553,4344,4,29,59
18554,3005,143,17,46
18555,3869,123,52,44
18556,2952,120,25,884
18557,919,133,35,26
18558,4033,143,11,43
18559,3334,85,-6,23
18560,4164,153,48,15
18561,4743,201,40,58
18562,3812,210,56,48
18563,875,202,17,28
18564,3789,106,40,27
18565,2389,88,53,16
18566,5248,45,31,29
18567,1106,182,11,5
18568,2556,204,57,43
18569,3870,79,31,21
18570,723,100,54,11
18571,3789,164,6,52
18572,5102,54,8,34
18573,4863,140,41,6
18574,2823,177,11,38
18575,3942,26,37,25
18576,38,186,18,7
18577,4266,191,18,6
18578,3674,11,-10,1
18579,3187,178,10,27
18580,2837,6,32,48
18581,518,205,0,7
18582,5887,111,31,10
18583,1073,24,59,27
18584,2373,135,29,32
18585,2225,161,25,21
18586,4440,22,41,49
18587,2896,158,58,24
18588,4601,73,39,10
18589,5998,95,24,10
18590,2443,120,2,28
18591,5699,176,23,36
18592,5739,129,14,20
18593,2623,120,-7,37
18594,5499,208,10,21
18595,5370,85,33,9
18596,707,205,48,16
18597,4141,191,27,24
18598,2492,24,31,17
18599,5772,37,29,36
18600,5635,44,22,55
18601,4526,176,26,45
18602,3801,143,26,55
18603,755,212,60,21
18604,4417,200,4,18
18605,2481,82,52,29
18606,2104,73,10,53
18607,587,53,6,50
18608,778,203,-2,58
18609,451,4,30,50
18610,1794,21,14,4
18611,2853,196,51,26
18612,3864,17,4,45
18613,1843,170,,58
18614,1246,144,28,0
18615,3163,168,53,24
18616,1915,39,25,26
18617,3039,38,23,24
18618,4734,219,25,21
18619,1940,220,41,39
18620,4194,16,26,41
18621,4677,192,49,6
18622,3461,107,7,43
18623,1041,137,22,42
18624,5592,187,3,10
18625,309,106,9,48
18626,4983,176,53,60
18627,1149,199,16,58
18628,2195,39,23,45
18629,876,79,38,31
18630,1703,195,17,36
18631,1886,85,15,29
18632,2716,33,23,11
18633,5342,88,27,0
18634,2409,126,-2,42
18635,902,119,59,25
18636,1680,111,58,47
18637,4529,169,41,4
18638,2755,151,58,18
18639,4490,68,56,5
18640,2624,133,23,21
18641,5548,54,1,1
18642,4509,54,25,12
18643,3587,101,52,1
18644,2771,132,38,19
18645,2874,196,4,535
18646,675,119,45,51
18647,2273,157,47,13
18648,1435,50,10,45
18649,773,90,38,47
18650,2903,66,30,7
18651,4392,78,,28
18652,4739,196,31,33
18653,857,24,2,807
18654,101,196,42,19
18655,4085,16,57,24
18656,5014,115,34,28
18657,5666,45,41,6
18658,3973,124,39,54
18659,5778,57,25,28
18660,722,29,43,31
18661,3425,30,26,45
18662,3527,97,30,44
18663,2927,203,30,6
18664,4251,118,7,35
18665,374,32,28,34
18666,4207,60,31,21
18667,2679,78,20,37
18668,698,174,36,3
18669,4053,154,15,19
18670,3868,78,33,44
18671,941,140,32,22
18672,3141,57,26,56
18673,637,55,31,39
18674,5008,52,56,6
18675,3922,202,12,52
18676,2808,89,50,26
18677,4672,54,16,30
18678,4683,173,59,17
18679,5758,50,13,15
18680,3716,11,10,24
18681,1656,220,31,25
18682,1836,83,11,12
18683,1760,21,38,0
18684,1414,220,-1,29
18685,2044,197,42,15
18686,4210,146,19,743
18687,1608,103,4,0
18688,406,30,38,44
18689,1274,105,57,0
18690,4536,22,44,37
18691,5763,151,60,47
18692,886,133,60,27
18693,3182,104,56,31
18694,4679,163,21,7
18695,4976,144,21,50
18696,1127,118,51,54
18697,1099,54,29,28
18698,5737,141,52,14
18699,5639,104,34,35
18700,1409,32,45,36
18701,2302,99,7,47
18702,3188,186,-9,21
18703,1472,90,45,29
18704,3248,157,27,29
18705,3871,74,21,26
18706,4135,202,53,37
18707,23,64,50,57
18708,1684,89,27,12
18709,2065,142,13,28
18710,5113,188,23,10
18711,3481,152,45,38
18712,5066,24,28,53
18713,34,59,14,55
18714,5682,22,31,60
18715,3380,97,39,6
18716,2309,209,24,11
18717,512,88,40,26
18718,914,91,38,37
18719,288,165,52,14
18720,1202,57,,53
18721,1905,162,42,39
18722,632,25,1,9
18723,5732,65,12,60
18724,4935,169,23,43
18725,1179,184,48,22
18726,1177,47,10,49
18727,548,189,55,7
18728,5469,199,34,43
18729,422,2,51,8
18730,1208,9,31,17
18731,2340,112,17,52
18732,1024,130,25,46
18733,2104,33,54,60
18734,1764,114,45,37
18735,3778,193,48,58
18736,4531,6,54,54
18737,4519,88,55,0
18738,3342,90,25,34
18739,929,140,39,1
18740,5508,178,18,28
18741,1797,220,10,57
18742,4361,213,28,28
18743,4708,60,37,56
18744,466,101,33,8
18745,1209,94,60,21
18746,3729,2,36,60
18747,4726,172,13,4
18748,2383,155,40,12
18749,4421,16,33,807
18750,427,209,50,823
18751,4795,182,16,47
18752,4049,48,59,9
18753,5073,108,57,39
18754,4567,26,42,0
18755,995,7,10,22
18756,2608,133,10,50
18757,1869,122,38,6
18758,3000,144,16,27
18759,2226,47,49,59
18760,1303,21,40,28
18761,4155,216,9,57
18762,363,119,21,59
18763,81,171,49,49
18764,4370,21,20,52
18765,1819,163,30,13
18766,975,169,54,12
18767,2929,119,18,41
18768,1706,207,59,26
18769,3025,41,45,3
18770,2013,147,,23
18771,5442,86,32,0
18772,233,148,10,55
18773,4756,54,3,20
18774,5006,114,23,20
18775,5144,17,8,4
18776,4100,103,52,42
18777,1258,204,46,2
18778,2961,75,-2,2
18779,2787,6,31,32
18780,710,195,21,25
18781,5903,196,58,16
18782,974,53,5,42
18783,4124,172,2,12
18784,1206,32,56,47
18785,1033,125,31,34
18786,4098,73,58,27
18787,2068,171,9,21
18788,3140,139,13,57
18789,154,141,18,60
18790,3131,174,16,40
18791,1583,46,19,46
18792,3028,65,58,20
18793,707,181,51,38
18794,2775,201,18,23
18795,1510,48,28,9
18796,4491,219,15,9
18797,5941,142,36,56
18798,2904,145,37,41
18799,917,16,48,5
18800,542,32,17,27
18801,3246,81,59,46
18802,1554,128,11,60
18803,855,142,47,30
18804,3973,167,15,22
18805,5609,3,32,17
18806,5701,153,14,55
18807,2361,111,24,39
18808,937,123,19,0
18809,3087,109,11,9
18810,3404,33,36,47
18811,4879,29,21,7
18812,2151,50,1,38
18813,4071,192,47,28
18814,4505,141,57,53
18815,5837,191,26,57
18816,55,157,13,38
18817,3496,32,31,34
18818,3497,27,2,26
18819,4860,92,19,17
18820,4638,48,51,12
18821,551,35,38,43
18822,448,68,8,46
18823,5851,15,60,735
18824,2550,132,52,13
18825,1784,109,5,9
18826,987,57,8,29
18827,5135,173,33,3
18828,5594,1,18,55
18829,1795,123,19,29
18830,2167,172,12,20
18831,3367,2,,16
18832,711,96,1,13
18833,4890,65,54,44
18834,1559,199,12,33
18835,5496,196,17,7
18836,2470,149,20,60
18837,4016,141,3,29
18838,2988,18,22,40
18839,4599,103,42,21
18840,3642,60,54,5
18841,4814,145,34,46
18842,819,76,28,27
18843,1399,46,35,24
18844,2790,20,27,6
18845,479,23,54,40
18846,1577,16,44,24
18847,129,49,3,17
18848,532,203,0,8
18849,4351,163,37,38
18850,4359,147,10,40
18851,5599,125,22,52
18852,112,168,52,56
18853,1584,186,9,1
18854,734,87,51,10
18855,4718,88,24,16
18856,304,213,43,37
18857,1162,61,33,20
18858,1576,47,34,43
18859,1344,47,32,24
18860,5813,169,50,7
18861,815,142,12,36
18862,2161,104,27,36
18863,5604,7,32,18
18864,2511,166,58,14
18865,5777,12,24,48
18866,4504,9,38,12
18867,3594,80,13,604
18868,2395,6,60,0
18869,1861,194,1,34
18870,503,197,,46
18871,4437,207,38,47
18872,3486,35,21,53
18873,2067,68,48,19
18874,2660,52,,39
18875,2849,157,43,54
18876,674,129,32,22
18877,5864,80,16,52
18878,4608,194,23,49
18879,205,212,1,29
18880,5209,71,58,36
18881,4653,19,26,37
18882,5287,130,19,6
18883,2436,72,,47
18884,3900,80,1,21
18885,1230,92,28,55
18886,4825,20,47,15
18887,86,5,47,53
18888,5390,184,29,21
18889,5735,148,38,18
18890,2639,86,33,9
18891,1884,38,49,27
18892,1839,190,40,29
18893,530,47,29,46
18894,4935,189,37,39
18895,1949,111,39,22
18896,2349,26,27,49
18897,4730,106,30,53
18898,3308,20,,5
18899,107,18,2,9
18900,4578,66,59,55
18901,5037,62,1,58
18902,4387,55,30,42
18903,3144,141,51,595
18904,2291,123,5,28
18905,2612,103,20,34
18906,273,133,53,56
18907,4527,47,9,13
18908,935,105,31,3
18909,1333,92,41,28
18910,1885,79,31,20
18911,4914,201,5,25
18912,4933,127,10,12
18913,4087,21,32,14
18914,2578,48,33,1
18915,3842,107,37,53
18916,3600,67,38,28
18917,71,99,23,11
18918,3606,154,52,27
18919,2063,207,40,48
18920,1208,184,0,12
18921,1141,24,3,6
18922,716,80,32,48
18923,1021,121,25,57
18924,2582,171,10,31
18925,1655,4,39,26
18926,289,78,49,2
18927,3562,76,22,33
18928,3682,162,46,39
18929,4257,34,8,37
18930,1002,71,1,27
18931,1254,184,43,13
18932,2220,182,9,16
18933,5818,61,58,622
18934,4227,149,30,28
18935,883,42,24,731
18936,5692,85,18,2
18937,1879,28,8,50
18938,2826,161,21,51
18939,4707,119,10,26
18940,3605,171,11,44
18941,1135,4,24,54
18942,2878,212,7,58
18943,2428,149,52,31
18944,3352,50,27,9
18945,1304,111,6,12
18946,3265,122,56,41
18947,1196,83,11,42
18948,1554,29,46,35
18949,5688,9,54,45
18950,467,182,12,50
18951,5760,202,51,50
18952,445,59,49,16
18953,1793,50,47,19
18954,2879,181,60,38
18955,5763,153,13,13
18956,3565,155,26,617
18957,4579,215,-3,42
18958,4070,213,3,0
18959,358,139,25,29
18960,2529,61,57,26
18961,5792,187,17,46
18962,4240,196,49,33
18963,4655,89,7,55
18964,5613,20,0,25
18965,5376,147,46,7
18966,5564,85,36,52
18967,3854,131,50,14
18968,890,104,11,38
18969,2686,191,29,30
18970,4394,186,13,1
18971,3790,91,44,53
18972,5705,80,42,32
18973,4609,48,46,13
18974,4524,120,1,16
18975,1493,96,58,7
18976,2674,138,31,2
18977,3633,134,28,8
18978,1756,84,32,36
18979,5602,12,39,10
18980,3335,219,58,22
18981,5778,158,8,684
18982,1774,24,21,45
18983,3802,165,51,892
18984,1911,149,,1
18985,3293,185,16,21
18986,3905,142,55,39
18987,2896,75,-1,19
18988,2003,119,53,45
18989,3383,98,13,37
18990,2812,158,37,34
18991,1474,176,41,3
18992,4538,148,18,28
18993,4347,176,-6,54
18994,4388,167,30,29
18995,2547,171,40,21
18996,949,45,2,42
18997,1204,23,0,37
18998,2278,155,4,57
18999,5294,199,34,49
19000,5130,192,28,16
19001,4796,43,,8
19002,5254,140,16,16
19003,3129,144,44,57
19004,3064,213,29,56
19005,5369,98,56,26
19006,4658,17,48,20
19007,4177,123,8,46
19008,1448,210,18,42
19009,1854,186,28,22
19010,3338,117,38,48
19011,4063,179,21,1
19012,1102,211,17,24
19013,901,112,21,40
19014,419,162,34,13
19015,4492,191,14,11
19016,1528,62,57,4
19017,2739,88,48,41
19018,923,58,18,35
19019,3289,198,45,28
19020,3559,220,50,36
19021,2447,24,49,30
19022,3932,216,3,38
19023,1769,152,53,28
19024,72,126,32,8
19025,4859,217,15,25
19026,3794,17,15,40
19027,5096,214,23,2
19028,1177,107,17,60
19029,4432,114,52,11
19030,4372,153,24,44
19031,3503,172,33,26
19032,4914,44,50,1
19033,5926,80,10,12
19034,966,143,3,35
19035,5947,30,25,27
19036,239,158,27,41
19037,5551,134,25,0
19038,1983,193,39,43
19039,1236,50,19,36
19040,5774,43,59,28
19041,4680,4,32,49
19042,2069,174,,31
19043,4321,3,59,18
19044,5007,139,,59
19045,282,215,15,54
19046,4917,64,18,11
19047,5919,55,2,20
19048,4098,188,9,7
19049,1015,15,57,51
19050,538,10,50,15
19051,4465,2,32,41
19052,4944,18,38,12
19053,4792,32,14,60
19054,3119,219,19,3
19055,1064,42,3,32
19056,3969,157,,2
19057,1333,108,11,46
19058,724,33,25,31
19059,2671,164,15,25
19060,4342,176,28,32
19061,4162,94,25,7
19062,4582,114,56,18
19063,731,121,55,25
19064,3572,111,12,20
19065,2120,45,1,49
19066,3876,210,42,13
19067,4978,33,5,17
19068,1024,23,37,7
19069,4190,52,36,7
19070,1778,76,10,55
19071,1862,31,20,551
19072,19,136,17,40
19073,1301,63,47,54
19074,5475,41,3,5
19075,4328,120,49,14
19076,2313,212,24,9
19077,5048,116,42,17
19078,989,178,20,6
19079,1021,76,44,13
19080,1225,129,10,22
19081,2971,211,17,1
19082,2802,111,13,2
19083,2325,162,40,22
19084,2152,157,34,42
19085,3985,107,29,17
19086,2263,117,57,41
19087,414,104,54,49
19088,3060,184,49,4
19089,4921,56,47,52
19090,5118,20,32,59
19091,5553,137,32,10
19092,539,19,47,1
19093,281,35,34,33
19094,1005,187,37,20
19095,1627,58,44,24
19096,5176,68,39,50
19097,148,204,36,8
19098,831,79,49,47
19099,4497,112,16,21
19100,5568,23,42,25
19101,541,8,16,4
19102,3831,122,19,6
19103,2315,1,53,10
19104,840,175,3,56
19105,971,31,37,8
19106,2968,39,-2,0
19107,4627,111,22,48
19108,4187,83,16,52
19109,4329,51,19,17
19110,4209,189,38,60
19111,1483,123,55,28
19112,3827,47,30,4
19113,5133,109,28,32
19114,2799,51,28,26
19115,3275,199,4,24
19116,2549,104,54,9
19117,3876,165,26,37
19118,3864,119,16,20
19119,1203,189,1,37
19120,5439,122,11,14
19121,2591,129,28,34
19122,3828,137,25,46
19123,1987,67,2,34
19124,1293,38,19,509
19125,1121,22,4,14
19126,5907,212,48,672
19127,5764,116,32,57
19128,5879,206,43,57
19129,3048,10,9,28
19130,47,147,-8,19
19131,1268,15,19,31
19132,3178,184,40,23
19133,4700,5,35,35
19134,4539,46,22,3
19135,376,198,59,38
19136,3301,218,31,34
19137,1240,103,32,3
19138,4049,194,46,54
19139,832,209,56,28
19140,2120,211,21,23
19141,1671,177,16,23
19142,763,73,14,13
19143,2272,18,56,54
19144,3653,39,33,6
19145,3354,68,29,33
19146,4323,113,24,12
19147,4993,67,49,60
19148,5444,214,17,31
19149,5035,62,45,34
19150,3778,148,27,12
19151,15,29,10,14
19152,3008,79,11,16
19153,5120,90,22,39
19154,5806,166,37,55
19155,4857,68,26,34
19156,4773,128,47,7
19157,840,17,26,38
19158,2783,143,35,5
19159,3361,89,39,34
19160,2415,117,58,2
19161,597,13,49,33
19162,2943,215,16,3
19163,5676,172,54,54
19164,1541,197,18,34
19165,5021,18,35,12
19166,3242,64,49,41
19167,2070,215,4,54
19168,1230,216,28,44
19169,1278,100,31,53
19170,4752,158,4,59
19171,5231,102,53,60
19172,4133,171,36,59
19173,5604,24,5,28
19174,879,7,42,58
19175,1619,51,49,36
19176,224,130,26,11
19177,5381,127,34,33
19178,67,145,1,7
19179,306,142,5,54
19180,5326,64,51,49
19181,179,94,11,48
19182,5515,147,56,12
19183,2947,13,39,0
19184,1396,24,56,23
19185,3464,44,42,21
19186,975,59,10,6
19187,5564,185,58,22
19188,5141,51,8,50
19189,356,178,,30
19190,3712,25,17,50
19191,5200,136,49,8
19192,1754,121,2,13
19193,4856,7,38,23
19194,4428,1,57,51
19195,849,219,43,0
19196,2904,156,21,20
19197,4756,141,49,57
19198,3872,15,45,51
19199,1311,32,41,41
19200,2236,3,33,53
19201,4998,92,42,38
19202,3446,4,24,48
19203,956,150,59,47
19204,1795,198,60,28
19205,2741,42,4,23
19206,5344,44,28,28
19207,3200,157,41,42
19208,4687,212,52,32
19209,2610,19,13,60
19210,764,57,2,27
19211,3311,198,53,51
19212,1638,164,39,12
19213,5635,98,42,14
19214,2092,68,44,24
19215,3049,161,24,13
19216,473,43,,31
19217,2662,64,32,58
19218,2863,41,34,49
19219,3485,27,60,33
19220,2397,97,5,46
19221,3588,86,0,823
19222,1650,211,59,26
19223,4989,49,24,54
19224,1562,11,53,4
19225,3994,109,23,2
19226,1448,136,40,3
19227,3763,176,44,29
19228,1279,22,9,54
19229,3558,71,9,21
19230,2532,38,27,28
19231,4657,6,43,16
19232,1768,166,7,11
19233,2300,102,6,30
19234,3305,187,39,56
19235,3514,122,5,52
19236,124,53,44,21
19237,3400,104,5,58
19238,2377,102,8,10
19239,2765,177,51,7
19240,776,43,38,47
19241,2979,98,23,28
19242,653,159,52,38
19243,4409,118,,37
19244,1671,51,40,22
19245,3282,121,32,44
19246,5616,171,49,49
19247,2876,158,4,12
19248,3320,114,35,30
19249,3976,19,60,19
19250,4918,219,,14
19251,534,82,30,17
19252,4899,174,24,38
19253,2463,90,59,42
19254,5985,22,55,1
19255,1590,140,5,1
19256,2744,185,22,56
19257,1936,80,4,40
19258,2706,31,8,12
19259,1357,207,11,51
19260,5726,108,17,10
19261,1375,31,26,21
19262,3509,6,-5,21
19263,723,184,23,0
19264,1451,58,33,41
19265,4836,87,58,18
19266,3618,84,47,32
19267,2019,189,1,53
19268,5674,74,44,9
19269,270,128,58,45
19270,2020,32,59,17
19271,269,99,22,14
19272,267,60,38,4
19273,4918,85,39,25
19274,5235,62,48,34
19275,2874,126,42,2
19276,5793,81,20,33
19277,5059,190,40,15
19278,609,111,-5,21
19279,2907,105,56,5
19280,3076,72,35,29
19281,2203,190,13,8
19282,2431,155,11,45
19283,4436,133,55,53
19284,4912,43,55,59
19285,113,191,-1,44
19286,2474,105,13,26
19287,648,176,17,21
19288,4062,131,40,37
19289,1311,215,3,27
19290,797,93,1,17
19291,3422,183,8,25
19292,1364,42,45,20
19293,1542,205,39,32
19294,534,173,-1,22
19295,3843,195,40,30
19296,5670,187,58,24
19297,1331,7,16,11
19298,4334,90,52,29
19299,2604,101,32,44
19300,4982,104,8,22
19301,1521,17,33,41
19302,1194,75,0,20
19303,629,109,57,10
19304,1972,211,9,29
19305,4875,95,38,12
19306,994,147,1,58
19307,2216,101,,44
19308,1254,192,46,32
19309,3854,149,1,9
19310,2132,147,38,56
19311,5764,119,30,22
19312,3174,96,30,45
19313,1028,62,5,25
19314,1814,173,11,39
19315,1869,28,44,11
19316,2766,199,35,43
19317,1114,197,48,3
19318,5427,18,4,37
19319,3895,207,21,1
19320,2614,141,49,1
19321,4953,176,38,30
19322,1930,94,52,60
19323,5470,36,45,17
19324,5282,28,27,30
19325,4834,165,56,32
19326,1858,187,47,56
19327,317,86,14,22
19328,3790,47,8,20
19329,2354,37,12,25
19330,5664,207,45,32
19331,164,91,20,56
19332,5315,175,59,54
19333,5813,204,6,51
19334,3727,149,48,31
19335,3827,108,0,7
19336,74,129,23,9
19337,563,147,47,50
19338,5215,81,-3,19
19339,4304,17,50,46
19340,586,71,40,15
19341,5848,121,51,1
19342,812,47,23,24
19343,3016,38,54,20
19344,1746,173,5,31
19345,3255,127,19,58
19346,2176,133,58,14
19347,3771,215,32,5
19348,2934,188,,26
19349,3241,80,16,614
19350,4511,157,7,2
19351,2343,67,24,28
19352,2982,178,39,27
19353,665,78,52,31
19354,3828,139,55,58
19355,2446,217,27,49
19356,5353,1,9,15
19357,2826,43,5,30
19358,2986,163,34,13
19359,1258,36,0,29
19360,3955,205,28,46
19361,4211,170,8,4
19362,3068,127,47,2
19363,3168,91,35,1
19364,853,117,19,42
19365,1700,133,57,28
19366,1543,154,,40
19367,3806,214,58,36
19368,2075,193,34,7
19369,3364,137,19,45
19370,1198,62,36,49
19371,1419,44,12,21
19372,465,160,30,22
19373,2957,153,52,31
19374,3218,206,13,32
19375,5981,104,47,4
19376,1678,218,58,36
19377,4673,132,42,47
19378,1452,78,46,41
19379,5845,167,9,14
19380,4528,134,50,13
19381,4162,130,11,42
19382,4782,210,55,33
19383,1155,4,17,16
19384,263,133,52,58
19385,2452,79,31,18
19386,3575,138,39,41
19387,1847,207,38,59
19388,4695,201,9,24
19389,4032,31,45,12
19390,2140,130,35,6
19391,2537,200,54,33
19392,2427,71,11,57
19393,2162,176,10,9
19394,1761,137,37,12
19395,3966,16,51,0
19396,4677,6,16,60
19397,3105,15,21,2
19398,1358,85,5,50
19399,2241,67,49,29
19400,617,65,56,26
19401,4566,43,49,22
19402,5600,14,27,20
19403,1425,8,1,13
19404,2903,37,49,3
19405,5192,210,6,49
19406,4842,199,3,35
19407,4167,195,40,38
19408,4617,36,43,2
19409,1386,42,47,46
19410,3602,44,19,16
19411,1949,33,42,46
19412,5175,160,10,28
19413,3157,10,3,22
19414,1562,15,47,1
19415,5387,103,,43
19416,1547,136,49,52
19417,2613,169,2,37
19418,4735,217,-6,4
19419,4779,217,27,43
19420,3742,138,35,3
19421,2572,45,36,5
19422,5711,113,13,16
19423,1155,206,3,13
19424,301,64,9,36
19425,3899,220,0,45
19426,3368,114,59,45
19427,2873,147,23,31
19428,2555,135,42,15
19429,775,94,40,27
19430,5845,64,28,15
19431,544,45,46,55
19432,3575,39,24,40
19433,325,124,56,10
19434,1553,219,59,7
19435,5230,109,32,7
19436,2546,213,16,42
19437,2295,189,17,42
19438,1171,168,40,49
19439,5360,191,12,28
19440,3520,79,58,25
19441,873,144,37,31
19442,2863,206,6,25
19443,3072,206,27,22
19444,2058,68,55,2
19445,1706,3,56,7
19446,1350,181,42,45
19447,105,129,46,37
19448,1767,10,53,60
19449,5942,12,28,5
19450,2423,79,49,58
19451,3214,26,29,55
19452,5895,66,20,34
19453,3032,160,40,47
19454,5172,65,,24
19455,3298,8,37,54
19456,1692,2,17,33
19457,715,50,13,16
19458,4453,73,57,30
19459,4588,195,15,19
19460,4170,143,30,16
19461,2260,200,29,17
19462,1416,112,44,28
19463,1989,46,39,3
19464,5923,140,46,16
19465,2950,123,4,46
19466,1812,79,10,19
19467,372,201,49,23
19468,4447,138,11,55
19469,4516,201,30,9
19470,145,212,26,56
19471,2836,208,25,42
19472,3340,141,60,18
19473,4662,57,34,0
19474,5989,47,-2,26
19475,5288,130,13,16
19476,2483,16,39,58
19477,1327,91,4,18
19478,5810,8,8,3
19479,5507,94,18,11
19480,930,4,29,3
19481,2155,187,7,8
19482,4146,7,47,60
19483,3912,42,32,527
19484,3197,47,0,15
19485,1288,123,13,3
19486,1966,65,49,17
19487,1227,146,37,2
19488,4790,76,34,7
19489,697,41,36,30
19490,2073,2,52,29
19491,355,167,21,6
19492,4382,95,14,13
19493,5544,82,18,50
19494,2075,74,26,58
19495,4449,205,5,12
19496,842,3,2,52
19497,436,136,26,34
19498,4628,15,56,15
19499,5218,118,1,13
19500,3376,201,58,5
19501,1161,59,21,36
19502,3219,40,36,13
19503,5016,172,40,35
19504,78,163,59,863
19505,370,131,54,21
19506,1441,96,18,20
19507,4325,76,29,38
19508,769,191,30,10
19509,5830,133,45,1
19510,5584,202,29,51
19511,615,200,37,33
19512,5687,117,23,24
19513,1252,87,27,30
19514,2505,36,5,17
19515,3157,123,31,18
19516,5418,113,6,55
19517,599,170,1,20
19518,1963,5,46,60
19519,5254,94,35,10
19520,1825,12,20,23
19521,4123,21,33,25
19522,1063,96,18,12
19523,2883,146,30,23
19524,3910,95,24,8
19525,1388,34,24,57
19526,2546,40,1,38
19527,1444,206,41,5
19528,456,87,30,42
19529,5010,176,,30
19530,1900,127,40,8
19531,1606,68,53,57
19532,5701,42,9,739
19533,3355,57,39,17
19534,3728,39,52,35
19535,934,130,26,30
19536,4048,160,10,31
19537,4665,145,54,32
19538,4518,98,0,5
19539,2871,168,48,52
19540,2983,112,9,10
19541,5744,115,4,18
19542,2152,167,55,7
19543,192,81,1,21
19544,4420,154,7,17
19545,794,168,32,39
19546,807,123,36,22
19547,4295,23,40,6
19548,1820,110,59,38
19549,170,118,25,26
19550,5011,51,42,27
19551,3766,188,55,12
19552,5202,121,6,19
19553,5823,55,36,52
19554,5439,210,53,29
19555,2660,19,17,20
19556,3420,5,,42
19557,3819,201,27,16
19558,5262,157,1,14
19559,3872,146,52,4
19560,2557,78,38,39
19561,3760,7,19,49
19562,5796,71,35,50
19563,1005,61,20,59
19564,5617,149,60,30
19565,2910,145,45,37
19566,3052,51,32,19
19567,3440,195,5,11
19568,5707,190,54,21
19569,5412,156,54,11
19570,5708,78,25,12
19571,5791,34,52,56
19572,3847,209,34,44
19573,1011,20,27,8
19574,4930,139,41,14
19575,4721,27,,22
19576,1989,41,58,41
19577,1198,59,43,21
19578,5978,106,40,24
19579,844,15,29,60
19580,3138,75,48,16
19581,5101,199,8,0
19582,3501,32,50,4
19583,2203,194,42,44
19584,2640,127,34,11
19585,5628,81,29,34
19586,3985,123,-2,20
19587,4217,20,43,0
19588,2799,166,45,2
19589,1865,42,12,18
19590,4744,120,50,10
19591,2879,165,58,23
19592,3711,210,43,45
19593,505,151,5,45
19594,623,124,2,59
19595,4367,208,58,54
19596,2265,212,59,651
19597,2842,102,31,23
19598,5296,149,47,19
19599,1786,176,1,58
19600,1644,154,54,21
19601,337,120,43,21
19602,5719,187,5,4
19603,1561,40,18,862
19604,1075,195,17,27
19605,3098,58,18,39
19606,5211,163,38,3
19607,523,156,2,46
19608,756,26,36,0
19609,2282,212,57,54
19610,1548,101,45,5
19611,1126,111,33,41
19612,3852,219,53,11
19613,5383,127,57,45
19614,2034,162,8,18
19615,1785,91,26,51
19616,3182,186,44,40
19617,1817,60,41,32
19618,5661,24,36,7
19619,1966,130,29,35
19620,1403,112,32,30
19621,3354,206,13,28
19622,475,102,2,47
19623,5714,31,30,57
19624,4249,108,0,54
19625,5589,79,28,29
19626,1949,34,31,45
19627,4296,162,46,33
19628,85,152,22,3
19629,3815,79,53,37
19630,5712,218,0,21
19631,4648,143,,30
19632,3779,199,49,57
19633,566,154,48,5
19634,2927,192,33,35
19635,2081,92,11,16
19636,2270,105,29,44
19637,1228,24,0,33
19638,845,151,6,57
19639,1759,202,43,34
19640,1436,7,34,39
19641,3950,203,7,52
19642,5993,152,48,6
19643,4836,30,50,8
19644,4711,113,50,51
19645,4767,188,53,43
19646,1078,218,56,59
19647,3961,7,46,35
19648,2823,130,10,29
19649,1715,183,15,26
19650,4800,94,58,7
19651,5057,32,36,52
19652,3443,178,18,40
19653,1002,200,39,7
19654,2598,155,56,31
19655,4209,21,59,46
19656,3052,193,59,35
19657,1713,117,,51
19658,161,215,0,30
19659,1422,134,7,37
19660,2725,154,37,8
19661,5980,4,16,26
19662,4361,130,27,13
19663,741,47,53,19
19664,5430,206,1,45
19665,3862,189,11,705
19666,4306,137,47,59
19667,2423,119,38,55
19668,2372,200,12,52
19669,5356,46,49,25
19670,3941,210,15,35
19671,3574,134,32,0
19672,1030,105,47,43
19673,5477,1,29,523
19674,3613,114,60,19
19675,869,208,41,2
19676,5566,83,6,27
19677,3141,201,42,35
19678,1056,98,59,39
19679,5871,1,15,23
19680,621,14,5,60
19681,730,83,10,0
19682,4189,130,9,36
19683,3361,85,28,54
19684,3294,38,-5,13
19685,466,73,32,35
19686,3603,75,25,38
19687,64,167,20,37
19688,1420,63,57,31
19689,3892,35,31,732
19690,4251,188,27,22
19691,5667,206,9,0
19692,4561,56,29,51
19693,2529,103,58,38
19694,359,109,48,19
19695,3389,65,3,23
19696,5225,177,-9,16
19697,2041,49,47,47
19698,1214,20,21,53
19699,3351,11,54,41
19700,2446,79,42,6
19701,1517,3,12,16
19702,5245,73,14,53
19703,5480,218,37,21
19704,3662,185,4,41
19705,266,68,33,1
19706,1927,84,34,32
19707,2824,68,35,7
19708,3319,25,42,51
19709,3762,12,37,34
19710,1080,146,0,33
19711,4818,8,13,7
19712,4393,28,12,23
19713,4446,167,53,846
19714,1834,197,36,3
19715,4705,138,33,0
19716,1399,202,40,22
19717,1355,130,27,48
19718,5235,175,55,16
19719,4994,206,59,53
19720,3956,200,25,42
19721,5267,111,41,5
19722,2430,47,21,33
19723,5023,62,,29
19724,3645,90,5,9
19725,5283,216,28,50
19726,2531,46,52,18
19727,4822,36,2,15
19728,708,217,39,22
19729,1133,139,59,21
19730,5988,178,9,50
19731,826,93,10,31
19732,3089,63,45,24
19733,4300,210,30,1
19734,4789,3,,22
19735,1607,208,39,60
19736,3869,47,52,3
19737,4712,94,57,54
19738,3265,139,50,39
19739,1357,136,36,43
19740,4282,50,50,11
19741,4744,123,2,14
19742,3821,92,41,32
19743,1743,94,11,52
19744,2877,159,1,59
19745,2916,153,48,59
19746,2597,145,3,3
19747,1756,149,45,32
19748,4930,206,30,0
19749,3873,16,45,14
19750,17,86,8,43
19751,2182,18,37,7
19752,2313,86,60,34
19753,1431,160,28,1
19754,1382,165,59,708
19755,4605,9,33,51
19756,1746,101,59,27
19757,5295,32,14,45
19758,1887,11,29,4
19759,4874,92,10,4
19760,5622,7,57,58
19761,4742,137,30,14
19762,1129,105,36,3
19763,337,18,19,32
19764,5198,125,55,23
19765,2273,22,6,37
19766,4016,86,50,27
19767,5820,61,32,58
19768,4821,59,52,13
19769,2842,104,39,37
19770,5999,194,3,29
19771,4069,39,40,26
19772,3098,48,38,10
19773,790,36,,5
19774,5058,76,13,29
19775,3117,36,28,3
19776,2212,134,31,33
19777,3761,168,32,28
19778,4444,175,26,22
19779,1478,54,44,24
19780,274,107,8,28
19781,5171,215,32,38
19782,1604,144,34,6
19783,4386,81,24,8
19784,5996,21,24,23
19785,4889,95,3,8
19786,3332,125,36,25
19787,5342,151,36,50
19788,4644,19,49,24
19789,2151,104,38,18
19790,776,23,11,20
19791,3677,61,41,34
19792,3757,125,19,12
19793,3718,112,21,39
19794,5509,163,26,9
19795,4197,58,21,38
19796,1182,190,16,37
19797,5627,27,24,5
19798,3247,107,33,5
19799,1829,157,11,58
19800,3795,104,19,49
19801,5249,167,40,58
19802,1416,11,55,58
19803,5100,211,48,50
19804,4476,95,31,12
19805,4930,168,48,613
19806,4611,217,35,42
19807,3504,198,21,22
19808,116,101,6,4
19809,4606,147,18,52
19810,4737,204,51,48
19811,2010,167,0,54
19812,4933,53,29,44
19813,3477,26,11,41
19814,5454,135,8,10
19815,2650,55,10,45
19816,3389,181,10,25
19817,1536,9,50,20
19818,387,188,46,28
19819,3799,100,59,59
19820,3693,35,55,40
19821,2504,89,19,33
19822,3486,50,1,34
19823,1839,10,43,44
19824,1202,21,17,9
19825,1939,68,51,21
19826,1991,179,31,50
19827,112,39,45,6
19828,7,61,9,16
19829,791,215,15,14
19830,5183,46,16,48
19831,5702,84,30,30
19832,1744,55,58,31
19833,3917,1,34,25
19834,1155,150,53,34
19835,2869,35,57,58
19836,4695,102,53,29
19837,1449,23,5,6
19838,1431,1,35,6
19839,2070,40,25,37
19840,161,4,53,4
19841,5655,111,32,19
19842,4427,123,14,28
19843,3517,212,5,26
19844,4564,193,7,19
19845,1599,184,40,29
19846,2072,195,-2,17
19847,5808,79,3,23
19848,1102,87,16,14
19849,1912,94,,55
19850,5009,45,27,13
19851,487,215,15,59
19852,388,204,29,30
19853,3147,61,1,48
19854,1449,127,7,33
19855,1741,140,46,15
19856,3734,89,44,0
19857,5328,11,35,51
19858,2375,74,10,39
19859,44,55,16,27
19860,596,128,50,15
19861,1680,184,46,22
19862,5331,108,57,12
19863,2901,82,54,40
19864,1563,7,19,4
19865,3147,24,49,1
19866,5369,165,49,59
19867,1472,131,3,39
19868,2750,13,59,17
19869,4551,194,14,28
19870,5563,38,37,2
19871,3077,61,7,17
19872,4639,18,19,14
19873,1176,86,47,30
19874,2866,215,5,13
19875,5245,184,11,53
19876,2354,74,19,10
19877,1916,65,51,52
19878,3341,42,49,26
19879,3339,96,60,59
19880,2594,73,0,5
19881,1358,12,38,19
19882,1928,13,9,681
19883,4934,73,57,8
19884,2552,28,0,26
19885,5989,149,16,14
19886,473,57,-1,40
19887,5958,101,41,20
19888,1578,40,4,6
19889,2024,4,18,47
19890,2508,79,46,4
19891,841,116,7,31
19892,5174,52,15,41
19893,1854,158,37,8
19894,3037,52,23,59
19895,862,101,60,6
19896,1372,216,1,50
19897,2955,143,60,17
19898,462,118,22,8
19899,681,188,42,53
19900,3528,200,57,48
19901,930,209,7,30
19902,1804,36,55,10
19903,1653,184,5,27
19904,4276,94,7,43
19905,1652,38,29,6
19906,5512,159,8,53
19907,5126,81,7,25
19908,1731,92,1,3
19909,5773,214,25,36
19910,2439,112,8,23
19911,1568,35,44,2
19912,2299,56,42,21
19913,4630,113,17,52
19914,2488,23,29,53
19915,5320,4,3,53
19916,5918,156,57,11
19917,3698,27,16,53
19918,4449,39,46,13
19919,3393,169,2,46
19920,1272,175,3,57
19921,5903,147,3,897
19922,4992,83,47,58
19923,1927,153,19,60
19924,3115,23,27,19
19925,917,216,32,32
19926,3750,71,14,6
19927,3724,170,40,10
19928,2940,36,48,5
19929,4927,18,2,54
19930,3276,158,38,19
19931,2735,160,15,47
19932,3705,121,41,30
19933,1561,15,23,37
19934,1156,20,44,48
19935,2078,124,59,30
19936,5533,217,54,31
19937,3352,186,14,15
19938,1128,199,59,53
19939,1321,125,8,767
19940,3226,139,12,3
19941,3237,182,2,6
19942,2818,90,23,685
19943,5713,208,20,59
19944,1736,131,59,20
19945,5140,158,12,19
19946,5383,79,59,45
19947,3104,186,39,25
19948,2254,181,7,28
19949,4934,19,21,49
19950,5743,156,11,60
19951,48,4,59,35
19952,4109,116,10,25
19953,4923,192,16,7
19954,5812,79,13,27
19955,3707,201,5,48
19956,1951,122,6,19
19957,5887,23,54,39
19958,1515,118,37,32
19959,2335,19,25,25
19960,5334,17,10,49
19961,5794,86,42,26
19962,887,12,40,35
19963,5578,22,39,55
19964,3467,167,26,58
19965,2299,157,25,30
19966,678,148,26,4
19967,5839,13,19,20
19968,4152,203,5,21
19969,2444,193,14,41
19970,5895,169,7,21
19971,1686,165,9,27
19972,1287,111,49,39
19973,3133,107,19,535
19974,2141,27,30,25
19975,3550,183,-10,9
19976,144,18,37,2
19977,2266,85,56,38
19978,3183,93,37,9
19979,3251,104,31,6
19980,4912,189,25,12
19981,3562,132,19,21
19982,4652,67,7,8
19983,914,172,-8,14
19984,5479,21,31,35
19985,2935,58,22,40
19986,1679,3,38,32
19987,5284,11,0,11
19988,3157,192,48,23
19989,763,141,2,39
19990,4633,15,20,42
19991,5559,154,49,58
19992,5111,174,26,60
19993,5346,92,51,22
19994,4307,116,40,11
19995,3724,116,57,60
19996,137,8,57,49
19997,4159,35,33,54
19998,1758,150,-4,1
19999,3360,211,42,50
20000,3790,69,27,32
20001,1133,38,31,53
20002,5701,119,27,53
20003,5766,54,2,7
20004,343,15,59,43
20005,5288,60,17,23
20006,2251,211,27,20
20007,1986,200,59,896
20008,283,46,43,22
20009,1853,57,12,15
20010,3031,203,30,27
20011,2246,8,58,42
20012,4420,123,6,51
20013,997,193,14,36
20014,1624,78,4,32
20015,3567,191,57,28
20016,1513,66,20,37
20017,2579,102,50,40
20018,3545,197,,20
20019,3595,17,41,19
20020,3891,67,32,48
20021,1275,162,54,21
20022,2794,59,-7,41
20023,5061,78,26,24
20024,5484,4,19,0
20025,5681,117,5,48
20026,3458,104,33,38
20027,1234,162,27,22
20028,4931,87,5,31
20029,2641,35,43,2
20030,3158,110,6,37
20031,1441,37,54,32
20032,3572,105,38,53
20033,1409,204,27,16
20034,5517,13,40,10
20035,3975,33,5,30
20036,5481,188,49,5
20037,1965,52,24,16
20038,1305,39,14,21
20039,1835,192,46,38
20040,5566,139,51,56
20041,1059,135,42,34
20042,4673,83,45,12
20043,3311,15,52,15
20044,5104,150,6,55
20045,4885,13,9,49
20046,2281,39,47,43
20047,5081,216,20,11
20048,3114,99,36,36
20049,2598,189,23,33
20050,871,53,9,17
20051,1860,59,49,44
20052,2760,127,4,25
20053,1741,10,40,15
20054,1875,64,5,29
20055,5800,73,47,42
20056,4438,202,-9,25
20057,2814,194,36,45
20058,1824,25,15,2
20059,4453,154,38,26
20060,4920,151,28,26
20061,4897,32,2,24
20062,1452,206,1,15
20063,2345,103,53,896
20064,4705,184,34,29
20065,1948,176,22,26
20066,2114,144,16,41
20067,5666,162,34,39
20068,3034,129,42,33
20069,1928,147,45,55
20070,5059,12,27,45
20071,5567,95,41,46
20072,3313,102,56,0
20073,3537,66,59,33
20074,3915,72,48,20
20075,3072,105,26,46
20076,466,184,45,3
20077,5733,210,45,59
20078,5166,50,29,41
20079,4789,50,22,43
20080,5716,178,54,20
20081,4521,97,42,16
20082,208,124,13,49
20083,4438,105,14,46
20084,4832,18,1,2
20085,3724,156,27,18
20086,2129,191,19,4
20087,2261,193,51,14
20088,3584,107,27,49
20089,5779,150,5,27
20090,3650,35,54,8
20091,5040,124,26,10
20092,1946,154,30,35
20093,664,167,4,53
20094,150,35,15,33
20095,4209,80,18,44
20096,3118,116,55,23
20097,2062,204,2,18
20098,779,220,7,10
20099,2675,12,31,48
20100,5179,104,37,5
20101,3393,7,54,41
20102,5412,145,11,42
20103,2374,97,4,31
20104,4549,198,1,19
20105,1948,208,13,30
20106,5864,142,3,7
20107,5862,93,,21
20108,5431,86,17,19
20109,4668,151,21,9
20110,2627,149,34,24
20111,4794,180,43,8
20112,4908,143,12,43
20113,5704,34,49,53
20114,3845,68,57,25
20115,2136,141,46,44
20116,5692,194,2,12
20117,3004,146,19,7
20118,347,206,22,30
20119,4779,90,45,53
20120,3201,89,6,12
20121,4338,9,58,6
20122,2870,186,7,6
20123,4346,94,49,12
20124,1627,139,18,26
20125,3877,95,41,54
20126,5206,32,37,52
20127,3127,91,39,16
20128,631,130,4,58
20129,5771,189,10,8
20130,505,155,21,31
20131,1381,42,28,48
20132,4950,199,31,49
20133,3406,165,53,0
20134,1597,116,28,15
20135,4120,105,19,28
20136,3078,45,49,36
20137,3633,193,4,58
20138,2114,6,20,48
20139,2164,40,15,8
20140,3855,41,58,38
20141,1505,121,34,58
20142,4749,29,14,42
20143,950,199,46,25
20144,587,192,58,18
20145,1640,185,47,55
20146,5325,113,16,31
20147,904,82,21,32
20148,4757,193,11,53
20149,2252,14,11,27
20150,1173,118,52,43
20151,4142,109,16,56
20152,3002,64,48,31
20153,1849,112,,24
20154,284,177,16,0
20155,1026,90,4,15
20156,2822,120,44,37
20157,2281,140,32,32
20158,5078,156,6,39
20159,902,25,1,47
20160,2179,82,0,27
20161,5840,168,,21
20162,1510,182,36,6
20163,3440,16,41,26
20164,2209,75,38,18
20165,1112,38,0,9
20166,3772,94,16,17
20167,260,149,36,15
20168,2793,135,23,9
20169,2296,219,7,53
20170,3959,18,60,36
20171,4889,46,5,8
20172,555,162,43,33
20173,2726,128,58,52
20174,1863,217,4,2
20175,774,11,52,48
20176,5340,145,54,41
20177,4000,1,14,58
20178,864,96,23,31
20179,2780,60,44,50
20180,1233,18,46,13
20181,5053,17,7,46
20182,2585,100,60,37
20183,3682,22,23,59
20184,4603,199,16,2
20185,3435,209,39,29
20186,885,213,30,33
20187,2511,102,42,50
20188,1992,129,46,47
20189,18,56,59,26
20190,3807,165,9,12
20191,3832,157,6,21
20192,3081,169,51,0
20193,50,25,21,18
20194,4197,201,10,28
20195,1285,47,0,1
20196,5088,120,44,53
20197,3972,202,32,18
20198,4625,163,52,44
20199,472,169,42,34
20200,3289,65,27,30
20201,4499,10,29,20
20202,236,206,6,45
20203,4762,198,26,36
20204,4462,88,29,40
20205,5749,56,34,43
20206,2212,32,14,35
20207,1808,158,7,641
20208,2894,111,34,6
20209,2674,159,,16
20210,4449,156,42,43
20211,4134,6,23,13
20212,5949,130,9,55
20213,1106,54,26,5
20214,4495,85,29,53
20215,3995,152,57,20
20216,5438,76,5,30
20217,5046,174,55,35
20218,1785,56,42,55
20219,1461,26,41,862
20220,918,148,10,52
20221,2303,186,23,0
20222,5912,217,25,16
20223,1964,204,40,19
20224,4535,116,2,10
20225,602,101,52,31
20226,5161,173,47,2
20227,1204,4,48,38
20228,5076,46,,25
20229,3414,47,54,27
20230,1280,116,16,36
20231,2825,97,7,10
20232,1927,150,15,13
20233,1989,45,3,2
20234,344,188,45,48
20235,3027,141,6,1
20236,5473,114,24,38
20237,711,175,,24
20238,1043,155,6,50
20239,5060,109,7,27
20240,2651,120,24,9
20241,1241,181,44,30
20242,5466,141,44,5
20243,4966,201,2,33
20244,2693,199,18,33
20245,388,166,1,13
20246,4551,41,28,47
20247,908,100,-8,56
20248,2687,95,52,24
20249,177,5,59,1
20250,131,153,17,32
20251,2468,79,46,34
20252,2146,164,28,14
20253,3849,133,32,52
20254,2644,54,12,36
20255,4282,48,14,28
20256,5465,203,45,30
20257,5648,123,25,14
20258,2966,54,42,9
20259,863,81,46,40
20260,1759,9,48,9
20261,2494,188,27,56
20262,4956,147,35,36
20263,5565,82,26,9
20264,3050,17,16,14
20265,4219,188,27,46
20266,514,157,9,44
20267,928,3,50,11
20268,5973,150,48,20
20269,1209,157,12,20
20270,1661,181,-6,43
20271,1795,102,40,54
20272,4945,181,32,22
20273,353,73,15,0
20274,5236,193,13,50
20275,2446,82,4,19
20276,4512,210,50,6
20277,5970,146,8,43
20278,988,109,50,0
20279,265,145,2,45
20280,459,189,13,29
20281,5783,6,35,28
20282,2232,18,57,11
20283,1938,208,56,48
20284,4761,173,31,17
20285,4732,94,38,27
20286,4054,83,23,33
20287,1121,43,2,17
20288,1958,97,16,35
20289,5386,39,18,15
20290,4711,171,13,1
20291,5309,37,54,44
20292,1795,68,28,39
20293,4104,147,1,60
20294,2391,187,58,49
20295,2387,148,59,14
20296,251,118,51,44
20297,4066,71,17,8
20298,248,140,17,17
20299,264,169,12,29
20300,5717,193,14,49
20301,5342,87,40,58
20302,673,169,49,10
20303,545,121,55,13
20304,1541,216,16,55
20305,3002,212,57,33
20306,558,210,24,26
20307,2722,208,56,29
20308,1417,125,3,34
20309,3109,78,60,14
20310,5029,86,6,8
20311,3361,111,51,44
20312,3984,70,3,705
20313,4676,166,19,20
20314,5215,117,4,55
20315,5300,137,41,29
20316,3818,5,50,51
20317,5621,10,53,24
20318,1667,89,6,29
20319,819,46,25,34
20320,4168,161,11,52
20321,5554,153,36,21
20322,1387,183,34,44
20323,2909,197,13,5
20324,2796,128,28,23
20325,5888,219,21,18
20326,4125,205,41,42
20327,4593,70,13,22
20328,283,128,9,14
20329,641,167,-1,22
20330,5498,28,55,43
20331,1186,133,3,39
20332,4795,57,43,52
20333,2108,218,-2,49
20334,5301,126,28,33
20335,1458,99,12,29
20336,1173,57,21,21
20337,1570,49,31,8
20338,2600,128,57,2
20339,4155,66,5,20
20340,4674,26,47,8
20341,980,212,15,13
20342,4752,157,9,0
20343,160,27,16,615
20344,441,67,16,22
20345,3654,97,42,57
20346,1672,186,44,8
20347,1297,100,44,532
20348,3629,62,7,50
20349,4319,13,37,18
20350,502,34,23,17
20351,1349,203,53,56
20352,5343,205,30,41
20353,5159,23,23,20
20354,5701,60,28,19
20355,487,60,0,7
20356,5415,181,6,42
20357,4793,155,47,50
20358,1159,120,40,4
20359,2819,125,45,25
20360,1650,196,47,21
20361,5504,2,14,25
20362,314,138,38,27
20363,1297,59,1,11
20364,716,181,17,15
20365,311,131,8,50
20366,2264,91,1,11
20367,4968,24,11,37
20368,5828,56,33,17
20369,652,70,38,48
20370,857,139,32,60
20371,3493,23,24,46
20372,4925,170,30,48
20373,5124,46,19,16
20374,1831,144,8,32
20375,2310,94,35,11
20376,1513,119,4,21
20377,1268,205,43,38
20378,938,195,52,5
20379,198,48,7,29
20380,485,180,50,48
20381,2856,69,16,49
20382,4624,74,1,25
20383,3065,32,8,20
20384,5130,77,18,21
20385,1458,13,15,18
20386,5952,78,0,7
20387,1786,195,57,19
20388,3994,101,10,56
20389,2858,183,24,35
20390,4193,187,55,44
20391,5382,217,44,1
20392,208,73,28,32
20393,5141,50,37,11
20394,4991,34,32,21
20395,5365,58,33,30
20396,60,56,-8,20
20397,3942,165,10,31
20398,4747,4,53,35
20399,798,4,36,6
20400,3600,218,25,8
20401,5261,62,46,30
20402,5088,47,,0
20403,5535,4,53,38
20404,4737,79,1,37
20405,3705,186,26,49
20406,2677,29,15,17
20407,1334,127,12,17
20408,5158,147,43,19
20409,3398,205,42,16
20410,5959,152,38,17
20411,5048,184,45,38
20412,3882,135,2,52
20413,573,218,0,38
20414,2845,214,27,22
20415,1902,107,16,5
20416,5069,191,26,26
20417,2429,96,23,41
20418,1833,108,40,54
20419,903,13,57,31
20420,1011,123,28,3
20421,809,187,11,14
20422,2471,173,26,24
20423,4732,18,11,12
20424,3889,22,37,29
20425,3255,203,38,29
20426,4263,200,17,55
20427,1255,205,15,7
20428,2769,97,6,4
20429,5637,58,14,17
20430,2512,103,14,49
20431,5513,11,17,44
20432,3390,70,48,51
20433,5937,25,51,37
20434,5420,179,0,33
20435,2964,99,54,19
20436,4859,183,10,6
20437,1505,27,13,14
20438,899,197,,44
20439,4005,114,16,24
20440,420,52,-6,38
20441,3346,209,7,5
20442,5401,180,,36
20443,5453,79,,58
20444,1193,107,60,31
20445,4827,21,28,17
20446,2972,83,18,26
20447,2772,154,51,20
20448,3252,159,26,56
20449,1332,91,32,24
20450,3099,50,47,2
20451,4756,111,50,43
20452,5920,25,34,40
20453,479,59,51,9
20454,2909,55,46,3
20455,2513,145,2,32
20456,5729,189,29,36
20457,747,193,,32
20458,4228,56,1,9
20459,2220,142,44,59
20460,3760,108,18,53
20461,695,59,10,36
20462,1734,53,14,59
20463,1007,105,28,47
20464,165,122,60,60
20465,522,21,47,55
20466,5794,87,52,581
20467,5893,27,34,56
20468,1650,70,11,42
20469,277,212,-10,34
20470,3014,204,5,12
20471,4989,177,7,58
20472,3270,154,59,14
20473,938,9,14,6
20474,120,5,10,56
20475,4883,146,12,20
20476,257,29,42,43
20477,5698,54,5,59
20478,3887,106,4,12
20479,5438,147,56,3
20480,3100,6,7,31
20481,2486,42,38,2
20482,3181,34,37,34
20483,2643,24,2,20
20484,1050,89,17,42
20485,4741,8,35,40
20486,365,19,20,32
20487,4482,6,55,6
20488,4150,7,37,37
20489,559,36,-8,21
20490,2722,77,21,3
20491,366,172,35,3
20492,3028,171,20,21
20493,2056,159,3,40
20494,4017,145,52,52
20495,3741,97,17,25
20496,3929,38,8,31
20497,2614,199,49,50
20498,3832,116,25,15
20499,2342,156,15,4
20500,2759,50,7,5
20501,1105,166,15,57
20502,3859,175,13,34
20503,3261,161,18,54
20504,1036,161,55,32
20505,2685,83,50,5
20506,5361,185,3,48
20507,1588,205,46,30
20508,840,141,0,56
20509,1616,173,12,60
20510,4386,21,56,40
20511,5589,212,19,1
20512,4596,55,57,48
20513,1319,91,42,4
20514,5139,216,38,0
20515,4300,207,43,51
20516,2685,126,29,52
20517,4044,164,29,19
20518,1390,167,-10,24
20519,370,21,,55
20520,5070,152,22,34
20521,42,148,5,45
20522,5463,52,9,45
20523,3155,166,,41
20524,2510,141,17,28
20525,4351,196,,32
20526,97,68,29,11
20527,2105,95,30,4
20528,3261,127,29,10
20529,3648,188,58,59
20530,408,212,38,3
20531,2301,111,24,45
20532,300,125,48,38
20533,4453,68,11,40
20534,1702,209,37,44
20535,688,104,49,35
20536,2325,216,53,28
20537,4190,11,19,0
20538,1486,74,49,49
20539,4286,151,31,19
20540,784,153,25,40
20541,1629,121,20,31
20542,2096,35,56,24
20543,326,154,38,56
20544,4399,203,14,43
20545,3004,174,15,37
20546,5407,180,37,59
20547,1012,123,22,39
20548,1265,220,43,31
20549,5958,20,57,19
20550,4825,50,18,19
20551,1725,101,47,26
20552,5818,189,52,53
20553,4784,80,10,14
20554,1980,99,4,41
20555,4216,159,49,24
20556,5221,23,16,5
20557,2248,73,27,50
20558,2364,79,21,12
20559,3743,7,41,31
20560,1110,29,34,613
20561,1517,6,50,24
20562,3734,7,41,10
20563,4078,208,25,55
20564,4955,156,33,41
20565,4635,23,30,38
20566,4834,149,,37
20567,5537,130,32,15
20568,5000,15,26,44
20569,5201,112,49,28
20570,337,106,60,10
20571,4791,144,28,43
20572,3190,197,,4
20573,374,17,17,45
20574,5540,4,23,57
20575,5814,71,54,38
20576,1403,34,44,34
20577,5544,34,5,17
20578,2891,130,19,59
20579,2905,51,6,43
20580,3961,3,42,22
20581,4668,169,58,859
20582,2844,106,59,19
20583,2824,6,18,50
20584,4407,71,29,20
20585,1072,34,0,8
20586,1443,169,36,36
20587,3931,181,20,49
20588,3333,44,26,23
20589,3946,19,9,60
20590,4915,12,54,60
20591,5315,8,3,11
20592,4266,89,50,21
20593,1096,211,15,10
20594,2778,32,,25
20595,924,148,59,0
20596,1950,35,44,30
20597,3647,217,24,50
20598,3119,72,53,5
20599,1720,77,8,55
20600,5142,154,28,33
20601,946,149,47,48
20602,2930,67,45,17
20603,340,139,53,58
20604,1885,192,24,4
20605,5169,108,54,6
20606,3311,205,12,36
20607,1618,96,3,16
20608,4936,57,24,30
20609,3507,55,47,56
20610,2729,121,53,8
20611,3349,13,23,27
20612,963,143,39,9
20613,535,162,47,4
20614,5196,105,45,56
20615,5651,183,37,10
20616,2547,40,21,3
20617,3967,108,14,38
20618,5277,25,39,44
20619,937,9,15,52
20620,4694,42,-10,50
20621,4176,72,7,39
20622,653,7,45,60
20623,5310,75,54,49
20624,2730,19,37,37
20625,1890,153,15,4
20626,3759,180,45,16
20627,5832,44,29,47
20628,4453,115,29,42
20629,4690,195,5,45
20630,1384,198,51,18
20631,4733,161,2,24
20632,5816,86,13,15
20633,1836,185,15,792
20634,5350,159,27,23
20635,2467,219,48,26
20636,3806,72,42,49
20637,4199,94,2,46
20638,3555,46,41,26
20639,2265,204,56,32
20640,1107,181,7,15
20641,416,45,11,21
20642,580,125,,48
20643,2258,46,8,5
20644,26,87,56,46
20645,2199,86,21,1
20646,5081,140,24,6
20647,4896,17,35,880
20648,1132,81,49,59
20649,190,86,29,29
20650,3961,171,56,52
20651,2661,83,19,39
20652,898,82,20,37
20653,4742,169,49,10
20654,278,92,53,53
20655,3997,68,49,15
20656,1585,94,44,26
20657,3008,148,18,59
20658,4413,72,31,22
20659,2116,25,15,46
20660,3098,210,1,52
20661,4904,214,18,14
20662,2575,40,39,9
20663,5314,82,25,4
20664,5724,213,6,57
20665,3997,37,31,59
20666,1726,133,-7,56
20667,2107,7,29,59
20668,3385,219,22,46
20669,4476,196,2,14
20670,4324,85,44,32
20671,3602,43,41,0
20672,127,2,56,11
20673,5283,74,5,18
20674,1644,89,13,54
20675,5179,114,23,22
20676,2383,190,-4,45
20677,1978,140,57,15
20678,4899,4,32,58
20679,3105,4,37,44
20680,1924,187,26,47
20681,2574,192,32,43
20682,2624,193,44,31
20683,3535,149,19,5
20684,2569,141,26,55
20685,3447,204,22,6
20686,684,163,31,4
20687,647,45,49,38
20688,4084,18,24,38
20689,2812,93,52,42
20690,796,216,8,44
20691,2004,36,10,10
20692,5448,177,1,44
20693,5331,136,60,31
20694,2819,75,25,42
20695,4771,97,38,51
20696,2410,116,11,5
20697,2732,202,1,33
20698,908,65,22,4
20699,291,154,31,46
20700,2661,46,0,599
20701,1620,63,35,42
20702,3843,220,0,3
20703,344,126,52,37
20704,687,193,56,13
20705,5057,219,35,23
20706,505,72,23,8
20707,2833,177,42,26
20708,3789,162,43,18
20709,747,140,22,49
20710,5854,91,18,31
20711,4319,68,31,15
20712,2029,128,54,819
20713,4240,123,51,58
20714,572,15,19,8
20715,4318,53,8,10
20716,3834,205,18,29
20717,3779,181,9,3
20718,1827,80,32,47
20719,5031,159,4,6
20720,5512,137,51,10
20721,5112,119,11,10
20722,5868,107,57,1
20723,923,169,60,37
20724,184,144,16,16
20725,5750,3,36,19
20726,1220,211,20,14
20727,937,171,45,45
20728,3362,212,34,18
20729,1757,186,34,35
20730,174,198,4,23
20731,1805,73,29,0
20732,2495,57,16,21
20733,1375,177,37,10
20734,3188,206,60,14
20735,531,212,49,32
20736,575,202,52,42
20737,1937,166,38,46
20738,1790,146,35,12
20739,1634,176,30,33
20740,5840,69,60,53
20741,3951,77,59,33
20742,2427,201,18,32
20743,2809,181,38,37
20744,785,159,19,46
20745,2003,133,28,47
20746,485,209,29,58
20747,402,42,27,39
20748,4337,156,16,51
20749,3122,122,23,56
20750,2613,180,1,21
20751,3508,139,52,20
20752,2194,76,13,19
20753,2065,142,,41
20754,1529,40,22,51
20755,3077,165,10,21
20756,760,78,30,25
20757,4216,100,52,42
20758,4694,193,55,34
20759,4027,124,23,13
20760,4689,51,-5,46
20761,2267,101,17,31
20762,5049,30,40,6
20763,1262,72,43,27
20764,5135,66,2,3
20765,133,95,26,6
20766,4291,74,24,18
20767,3611,3,50,42
20768,437,119,35,32
20769,359,136,23,50
20770,1270,58,8,39
20771,5341,47,40,14
20772,459,175,-7,7
20773,1363,53,34,57
20774,5996,8,24,22
20775,4946,75,15,871
20776,263,71,34,25
20777,2834,124,11,15
20778,3771,147,42,51
20779,3274,149,-1,46
20780,5047,68,31,35
20781,4654,147,7,6
20782,3218,149,27,25
20783,5489,3,37,12
20784,1763,28,28,12
20785,1514,55,31,28
20786,2151,204,26,46
20787,4344,200,31,8
20788,1373,164,16,36
20789,4787,87,60,35
20790,1504,184,40,50
20791,4285,185,11,12
20792,2779,104,31,42
20793,2330,61,-4,55
20794,3134,136,22,49
20795,2997,25,11,56
20796,5818,121,28,8
20797,1833,12,13,56
20798,4659,124,20,22
20799,2297,22,9,5
20800,5805,154,58,58
20801,2131,12,13,28
20802,4826,18,44,17
20803,624,85,27,21
20804,2825,162,51,54
20805,3220,153,57,15
20806,4306,213,39,59
20807,1535,140,7,14
20808,1875,59,43,24
20809,1253,132,0,33
20810,3049,75,59,742
20811,1471,102,-3,28
20812,3840,187,60,15
20813,745,219,47,57
20814,1987,113,19,36
20815,3290,103,43,9
20816,1857,37,47,46
20817,2285,79,45,39
20818,4751,102,51,50
20819,3705,165,27,7
20820,3574,213,57,5
20821,438,54,50,7
20822,3064,182,10,46
20823,4747,126,9,16
20824,3063,99,29,40
20825,120,98,43,35
20826,2932,15,49,32
20827,1141,181,6,29
20828,5077,5,28,2
20829,4833,177,52,58
20830,434,65,44,40
20831,2559,125,16,26
20832,155,142,9,33
20833,62,134,43,53
20834,1134,111,38,10
20835,5910,106,39,36
20836,2825,7,47,50
20837,5555,137,-1,9
20838,1501,135,19,18
20839,5607,62,,8
20840,3836,167,6,12
20841,3372,46,17,59
20842,1882,190,25,15
20843,3864,112,50,36
20844,163,193,25,3
20845,1105,165,22,24
20846,1360,6,17,58
20847,3755,109,60,37
20848,231,52,14,48
20849,2442,66,,19
20850,1719,123,10,42
20851,4786,209,29,9
20852,5670,138,8,4
20853,118,26,38,59
20854,4560,160,51,29
20855,1416,111,60,14
20856,5959,96,52,9
20857,5831,133,51,35
20858,35,71,41,39
20859,3235,53,32,3
20860,3314,199,53,33
20861,3425,96,42,42
20862,5790,72,7,3
20863,1094,44,29,24
20864,2102,23,36,58
20865,733,28,36,55
20866,481,139,28,33
20867,1827,113,56,43
20868,121,147,30,46
20869,325,95,7,4
20870,3124,3,54,29
20871,3412,170,4,54
20872,4809,83,36,57
20873,4104,195,11,6
20874,876,38,30,19
20875,2917,182,51,29
20876,4382,201,56,14
20877,2743,210,47,59
20878,5879,69,54,56
20879,5737,106,25,59
20880,2026,157,19,41
20881,4997,124,31,0
20882,1074,123,9,30
20883,3413,125,38,50
20884,3853,142,31,7
20885,1207,91,-1,58
20886,433,117,36,6
20887,3046,100,24,28
20888,4168,71,48,51
20889,1947,143,6,6
20890,2905,175,28,49
20891,3663,41,6,2
20892,4825,110,9,1
20893,3561,96,0,54
20894,3858,204,6,51
20895,4098,129,46,47
20896,3246,67,2,21
20897,1013,91,52,0
20898,4959,76,47,26
20899,4806,22,31,31
20900,5480,112,15,2
20901,1119,115,19,43
20902,1217,213,39,9
20903,134,18,47,44
20904,2883,161,13,27
20905,2763,217,41,4
20906,2625,78,13,25
20907,2448,215,16,41
20908,4520,175,38,7
20909,3696,142,22,570
20910,81,148,42,8
20911,2489,66,38,29
20912,666,27,0,19
20913,3463,196,55,53
20914,3995,203,8,505
20915,3964,153,20,47
20916,5083,26,16,50
20917,3744,56,11,56
20918,1497,156,49,54
20919,3264,83,9,806
20920,308,67,53,54
20921,508,117,59,56
20922,3544,187,27,579
20923,3169,71,52,50
20924,417,96,-7,32
20925,2303,161,1,2
20926,5313,26,58,46
20927,5613,196,58,48
20928,2308,45,13,26
20929,3039,94,24,9
20930,2113,35,10,25
20931,5912,205,1,26
20932,2482,65,5,59
20933,3823,167,11,33
20934,2516,88,13,50
20935,1116,161,21,26
20936,5465,26,2,51
20937,3086,154,6,45
20938,5514,33,32,49
20939,5933,114,22,2
20940,3522,92,,54
20941,1454,151,32,20
20942,4759,36,13,40
20943,5006,126,23,47
20944,81,205,8,37
20945,916,1,25,38
20946,1997,105,60,56
20947,3182,119,31,54
20948,674,88,60,39
20949,1643,39,19,2
20950,1190,19,35,5
20951,2649,23,23,7
20952,4665,71,31,19
20953,1132,208,33,33
20954,981,11,44,2
20955,3354,64,37,14
20956,5981,158,59,54
20957,707,44,60,41
20958,3388,196,3,9
20959,2010,176,5,22
20960,5079,71,22,47
20961,1870,70,52,13
20962,432,182,60,46
20963,3986,121,45,40
20964,568,59,5,16
20965,3876,111,13,58
20966,2724,212,27,47
20967,1823,209,28,47
20968,2709,188,58,39
20969,5378,102,27,29
20970,51,53,56,5
20971,655,3,14,2
20972,4025,106,,9
20973,344,5,54,29
20974,4088,45,15,46
20975,5637,189,-10,13
20976,2773,164,5,8
20977,2082,23,42,11
20978,5758,68,15,25
20979,2260,46,54,56
20980,4830,211,39,37
20981,2763,1,57,35
20982,1757,120,15,40
20983,3626,109,39,35
20984,2849,110,1,36
20985,2431,128,,55
20986,181,15,17,11
20987,1164,31,21,32
20988,1975,106,21,53
20989,2058,54,21,54
20990,5014,97,22,15
20991,3647,108,18,9
20992,1817,71,6,43
20993,2118,195,12,36
20994,964,195,27,43
20995,5935,192,47,19
20996,5809,153,15,41
20997,2094,201,42,54
20998,1752,150,51,43
20999,1765,161,32,35
21000,2426,39,26,684
21001,3638,215,29,37
21002,4689,188,0,20
21003,3350,153,1,14
21004,5271,118,4,13
21005,20,121,24,32
21006,2507,26,8,44
21007,897,168,5,7
21008,3520,157,41,30
21009,4596,7,52,25
21010,4994,200,2,6
21011,2847,35,21,26
21012,4468,192,55,30
21013,2457,194,58,55
21014,2923,69,16,9
21015,1633,18,29,3
21016,5565,134,37,22
21017,3547,193,19,22
21018,3991,115,24,47
21019,479,96,56,3
21020,2723,209,,3
21021,345,20,0,46
21022,1399,82,13,11
21023,813,61,39,26
21024,5586,58,6,30
21025,3426,57,,5
21026,3767,192,56,7
21027,3233,131,12,47
21028,4483,24,36,0
21029,2938,74,18,54
21030,4492,56,3,24
21031,623,119,15,42
21032,5964,43,44,11
21033,3547,95,4,30
21034,4620,46,18,58
21035,792,23,31,3
21036,1805,134,49,45
21037,3457,164,32,57
21038,2115,202,31,48
21039,527,68,60,20
21040,1098,199,3,42
21041,811,146,14,54
21042,5829,19,52,53
21043,4237,30,34,52
21044,5137,195,51,2
21045,960,118,24,16
21046,914,163,50,29
21047,5700,161,57,18
21048,2774,148,40,51
21049,625,75,47,50
21050,4900,132,41,31
21051,3026,167,20,57
21052,1316,34,43,14
21053,3591,79,8,23
21054,1377,73,9,40
21055,2000,204,8,3
21056,418,103,33,27
21057,462,135,49,45
21058,5105,6,51,12
21059,865,141,55,25
21060,1144,3,10,43
21061,623,138,52,22
21062,1056,195,33,7
21063,4367,115,8,26
21064,4867,44,30,25
21065,3716,41,25,17
21066,2408,13,56,52
21067,4232,187,34,12
21068,2573,99,14,14
21069,914,71,19,7
21070,4165,201,36,57
21071,3008,159,15,1
21072,3029,46,46,58
21073,1789,62,33,18
21074,1958,133,56,39
21075,3263,58,45,13
21076,4378,29,56,57
21077,720,104,48,31
21078,2928,12,50,52
21079,3461,69,3,38
21080,3615,119,29,50
21081,1014,175,47,19
21082,1412,33,30,42
21083,2122,152,7,5
21084,1296,98,10,51
21085,148,130,6,55
21086,3265,216,22,52
21087,3417,206,44,29
21088,2763,124,13,38
21089,2957,173,56,18
21090,4647,166,53,8
21091,483,198,56,21
21092,809,185,28,49
21093,629,110,55,46
21094,812,62,8,59
21095,5599,16,,38
21096,500,162,1,8
21097,1372,174,17,20
21098,4775,76,28,51
21099,2647,6,45,25
21100,868,174,22,35
21101,1072,135,22,45
21102,5735,63,13,56
21103,684,149,59,5
21104,5823,69,27,30
21105,4070,101,36,32
21106,1160,65,2,24
21107,5263,74,10,7
21108,1232,10,10,33
21109,1762,56,34,898
21110,5550,154,10,16
21111,5949,41,21,19
21112,5263,106,25,9
21113,4751,150,60,30
21114,1784,29,53,24
21115,5181,41,46,11
21116,4247,186,26,58
21117,42,70,33,33
21118,4016,117,34,50
21119,173,176,53,40
21120,4106,76,14,60
21121,697,209,2,38
21122,1450,206,37,20
21123,4228,160,52,23
21124,4050,188,37,52
21125,3949,180,2,37
21126,4507,108,-1,27
21127,2834,184,-8,59
21128,2993,198,28,27
21129,3945,145,26,41
21130,1380,140,27,37
21131,1443,41,1,31
21132,4789,36,48,20
21133,4542,149,34,11
21134,3911,107,40,29
21135,377,115,,57
21136,3479,136,4,31
21137,3147,59,34,20
21138,5313,87,8,52
21139,2563,45,59,19
21140,2262,26,48,41
21141,3808,113,43,41
21142,2561,152,4,45
21143,6000,108,7,52
21144,3137,180,-9,52
21145,3386,26,6,19
21146,959,192,50,24
21147,1057,98,44,8
21148,5067,97,7,27
21149,427,46,14,9
21150,2140,41,9,12
21151,4374,11,41,42
21152,2203,158,25,2
21153,816,176,19,16
21154,2924,56,33,0
21155,5428,118,39,55
21156,5893,20,51,14
21157,4578,57,17,35
21158,62,149,58,58
21159,3500,199,4,34
21160,2506,136,60,11
21161,997,138,56,23
21162,2099,92,13,58
21163,3483,40,41,23
21164,4058,189,45,0
21165,1589,190,40,19
21166,1257,168,34,44
21167,2238,76,24,24
21168,1697,20,60,47
21169,1089,162,6,58
21170,1734,103,36,47
21171,2239,175,9,49
21172,1581,173,18,37
21173,2788,198,15,19
21174,1670,47,45,36
21175,3741,203,8,27
21176,3837,151,12,18
21177,3453,141,5,17
21178,2791,157,,6
21179,1260,47,39,46
21180,5627,152,25,1
21181,997,140,5,15
21182,1477,210,47,46
21183,2240,71,38,50
21184,2297,80,47,60
21185,5223,151,5,36
21186,3129,57,54,27
21187,3901,164,20,26
21188,3333,167,4,11
21189,1993,106,9,40
21190,4028,139,60,60
21191,2419,218,40,13
21192,3844,190,29,9
21193,5176,120,43,45
21194,5680,209,20,40
21195,5791,37,35,29
21196,3134,51,60,45
21197,4756,35,50,51
21198,1854,4,47,7
21199,3707,112,34,34
21200,1032,39,53,54
21201,2921,59,18,9
21202,2544,211,18,26
21203,227,166,43,46
21204,654,64,40,8
21205,2666,215,53,1
21206,744,56,22,6
21207,4311,172,55,22
21208,5022,199,,46
21209,3741,206,40,14
21210,3709,107,60,31
21211,4391,164,26,60
21212,5370,78,11,2
21213,497,36,41,32
21214,3945,24,1,20
21215,1684,188,5,24
21216,2034,159,12,42
21217,652,197,11,5
21218,4840,18,13,41
21219,4342,170,44,22
21220,175,130,33,33
21221,2991,128,39,55
21222,442,100,28,0
21223,10,4,24,35
21224,5713,196,11,28
21225,2703,173,-10,8
21226,414,107,51,16
21227,5321,97,31,41
21228,3930,85,,19
21229,2913,50,5,39
21230,5051,98,29,37
21231,4944,206,42,56
21232,1807,104,32,47
21233,5262,61,18,54
21234,1565,27,33,0
21235,5800,200,51,55
21236,1582,6,57,42
21237,2628,111,27,58
21238,5234,99,45,15
21239,5501,205,17,16
21240,5524,110,2,30
21241,343,50,7,57
21242,1898,145,49,23
21243,881,129,39,36
21244,711,136,19,34
21245,1380,128,37,13
21246,4029,139,,2
21247,3286,92,52,52
21248,1581,57,23,24
21249,1200,41,18,13
21250,1693,160,32,60
21251,1364,67,3,58
21252,1006,26,-2,25
21253,2412,89,58,52
21254,5077,149,25,22
21255,771,186,28,20
21256,332,87,40,31
21257,4929,142,23,59
21258,5933,168,3,44
21259,3774,52,22,47
21260,5072,7,1,30
21261,946,164,10,14
21262,3117,217,19,54
21263,4764,40,29,21
21264,4317,45,2,48
21265,1990,99,26,5
21266,628,130,28,55
21267,2151,99,22,10
21268,4843,6,19,55
21269,1734,109,45,50
21270,5949,35,3,25
21271,2646,104,41,36
21272,4291,108,55,48
21273,1636,103,28,2
21274,2545,31,12,41
21275,2468,170,16,41
21276,3847,106,3,30
21277,2624,202,27,57
21278,5107,46,13,30
21279,5314,44,60,28
21280,5030,114,48,48
21281,2581,135,-5,30
21282,2545,155,4,47
21283,1350,14,50,51
21284,5385,216,8,46
21285,5818,180,53,20
21286,4299,115,25,48
21287,3164,4,7,28
21288,5136,180,46,4
21289,1258,19,36,32
21290,5034,112,50,8
21291,707,112,21,57
21292,3402,129,46,33
21293,4179,144,47,42
21294,5578,172,51,14
21295,2939,115,47,25
21296,890,135,11,40
21297,58,171,21,39
21298,4154,18,20,52
21299,1819,212,32,46
21300,1382,96,52,56
21301,2103,199,26,50
21302,5188,111,37,673
21303,2058,209,51,0
21304,1146,5,19,22
21305,2278,117,42,18
21306,694,99,60,15
21307,3585,39,37,24
21308,598,113,53,34
21309,2868,162,57,55
21310,1705,159,48,45
21311,2351,80,51,60
21312,1129,66,15,13
21313,2101,133,57,18
21314,1069,60,57,852
21315,1090,204,35,31
21316,2883,40,26,42
21317,2004,111,57,36
21318,5000,75,8,36
21319,4045,19,15,18
21320,266,57,58,58
21321,1551,90,39,31
21322,4474,37,42,38
21323,4215,66,11,30
21324,3802,28,32,16
21325,3086,39,2,58
21326,4965,156,9,21
21327,1981,66,27,54
21328,3178,76,35,50
21329,4438,96,5,46
21330,4624,58,2,43
21331,5414,48,29,45
21332,3133,3,8,29
21333,4056,49,3,20
21334,5750,50,38,36
21335,4955,195,7,27
21336,5549,191,50,3
21337,996,32,12,15
21338,5917,150,31,17
21339,740,12,16,14
21340,5694,213,55,38
21341,1179,16,44,0
21342,137,189,60,34
21343,1832,122,46,22
21344,4657,119,1,11
21345,1632,89,41,13
21346,608,118,,20
21347,1692,149,27,13
21348,3845,33,50,49
21349,4476,200,,20
21350,3601,57,27,13
21351,5186,66,0,29
21352,1217,216,58,51
21353,5197,214,1,40
21354,1336,67,5,26
21355,2631,25,48,21
21356,1879,57,44,35
21357,2410,124,19,56
21358,5906,144,40,46
21359,3905,167,53,60
21360,802,23,57,35
21361,1473,174,33,51
21362,3859,63,34,11
21363,3642,115,54,20
21364,1310,8,39,50
21365,88,114,7,39
21366,735,175,18,30
21367,5455,138,40,49
21368,261,124,28,12
21369,427,35,,20
21370,3451,41,31,47
21371,3821,14,24,33
21372,172,86,40,16
21373,5731,67,22,23
21374,1574,24,13,12
21375,1151,212,53,33
21376,657,41,39,34
21377,3971,192,26,54
21378,5444,162,15,21
21379,2279,131,34,19
21380,5837,8,49,60
21381,1125,24,43,41
21382,3453,33,45,11
21383,3965,164,52,50
21384,2961,130,4,42
21385,823,194,11,51
21386,525,7,30,3
21387,2985,117,47,6
21388,1456,203,32,6
21389,588,210,51,5
21390,5548,172,36,49
21391,3250,184,6,39
21392,1066,2,34,43
21393,527,12,10,40
21394,5530,76,48,13
21395,2726,111,56,45
21396,407,206,55,32
21397,467,117,37,46
21398,2525,172,32,52
21399,2793,3,60,48
21400,3739,12,49,28
21401,2690,148,13,18
21402,2537,168,24,47
21403,3656,114,58,25
21404,2142,89,44,6
21405,1801,9,57,29
21406,1877,97,22,6
21407,1505,177,30,43
21408,4946,67,33,59
21409,2503,75,27,42
21410,5604,94,22,27
21411,5404,54,22,27
21412,4388,40,18,589
21413,126,160,45,25
21414,1996,62,53,28
21415,1580,134,33,24
21416,691,28,4,21
21417,4933,24,51,21
21418,2142,68,49,56
21419,137,178,48,15
21420,5506,127,12,0
21421,1312,35,20,9
21422,4546,18,15,661
21423,3367,169,47,35
21424,1474,105,41,12
21425,1203,142,,49
21426,3762,4,25,29
21427,395,171,3,1
21428,820,99,50,43
21429,5492,201,59,811
21430,5332,78,35,13
21431,5836,37,60,36
21432,928,33,11,41
21433,2885,156,11,47
21434,3198,84,52,23
21435,3412,106,10,38
21436,3707,5,14,4
21437,4525,219,60,8
21438,4884,34,17,1
21439,4168,85,47,7
21440,2080,62,5,24
21441,4736,18,15,51
21442,2386,72,0,19
21443,3107,51,16,7
21444,3297,151,47,35
21445,3338,128,27,15
21446,3020,46,35,3
21447,2580,114,55,16
21448,4304,41,19,28
21449,4041,18,41,57
21450,5518,191,6,23
21451,5859,165,44,51
21452,1146,203,39,40
21453,2041,111,28,30
21454,1371,35,38,11
21455,2162,158,59,33
21456,4253,55,0,57
21457,5944,130,-8,45
21458,1249,166,,37
21459,679,153,52,56
21460,1609,182,12,29
21461,4771,145,10,46
21462,1793,1,11,46
21463,59,135,28,33
21464,2328,68,45,34
21465,3071,159,45,27
21466,1566,64,45,12
21467,2230,111,38,49
21468,5325,148,12,1
21469,1753,24,23,33
21470,1081,88,26,4
21471,2134,39,48,38
21472,1901,29,55,4
21473,4885,192,11,17
21474,745,84,,33
21475,5336,116,11,33
21476,5300,171,19,48
21477,4279,196,38,19
21478,4936,124,31,54
21479,4871,193,30,5
21480,5982,185,45,25
21481,3224,108,29,44
21482,4554,167,7,11
21483,3437,121,22,54
21484,4463,139,9,43
21485,5090,121,51,40
21486,3535,169,47,3
21487,3688,100,34,27
21488,2783,173,42,57
21489,3259,106,9,38
21490,544,132,6,21
21491,4495,181,49,54
21492,4932,37,18,13
21493,5681,59,20,37
21494,411,152,45,605
21495,5494,161,30,31
21496,2648,215,60,28
21497,5344,213,14,42
21498,5509,100,60,32
21499,1936,6,57,42
21500,1553,57,22,14
21501,5218,99,6,50
21502,4655,21,40,44
21503,5437,121,41,55
21504,1762,54,48,31
21505,4136,184,37,43
21506,4771,189,14,0
21507,1434,127,26,53
21508,5935,17,55,59
21509,3844,131,46,40
21510,2610,169,29,45
21511,1456,16,36,55
21512,4203,86,40,10
21513,1524,127,39,0
21514,1042,148,49,24
21515,2648,22,2,15
21516,3750,214,1,34
21517,4287,154,3,30
21518,3781,118,6,37
21519,4423,81,34,34
21520,3497,168,27,4
21521,5955,66,23,660
21522,5115,84,20,732
21523,3537,82,31,32
21524,5186,155,24,48
21525,4752,115,37,57
21526,5970,99,32,31
21527,4170,118,53,33
21528,4126,212,29,17
21529,2025,171,48,1
21530,4071,21,46,34
21531,53,86,27,55
21532,2168,218,50,52
21533,3773,214,4,49
21534,751,81,4,14
21535,1762,94,39,53
21536,3220,126,23,25
21537,2926,85,9,53
21538,4294,191,30,53
21539,5529,215,56,57
21540,4087,132,30,17
21541,1549,39,52,24
21542,2920,60,19,52
21543,1955,124,43,55
21544,5258,83,7,42
21545,2520,103,14,22
21546,783,65,45,58
21547,508,175,18,60
21548,2394,145,39,48
21549,3918,209,-4,3
21550,1710,132,5,23
21551,199,109,26,34
21552,5741,208,57,34
21553,3636,157,4,28
21554,1063,9,11,37
21555,3973,220,59,40
21556,4748,208,26,2
21557,2960,15,14,40
21558,2913,48,2,28
21559,535,34,26,47
21560,1641,94,30,3
21561,4586,157,5,20
21562,4683,43,15,53
21563,4741,62,57,30
21564,1495,151,,29
21565,4605,20,2,820
21566,2454,20,46,35
21567,5658,147,0,46
21568,5570,208,14,53
21569,5593,55,10,2
21570,3868,136,55,27
21571,918,75,11,47
21572,774,124,30,45
21573,5683,137,40,32
21574,5057,85,17,1
21575,50,126,6,21
21576,552,3,23,3
21577,3631,165,17,18
21578,918,2,29,44
21579,88,146,42,55
21580,120,105,53,32
21581,3110,13,28,23
21582,3780,164,40,24
21583,476,145,2,51
21584,3144,109,34,42
21585,1513,122,48,16
21586,3177,72,18,36
21587,4290,127,27,9
21588,2995,197,54,27
21589,5227,144,13,57
21590,2073,68,46,24
21591,3433,98,34,34
21592,3173,56,39,7
21593,975,66,51,54
21594,5286,75,29,29
21595,5378,15,18,29
21596,2458,187,,29
21597,1508,74,8,27
21598,5568,72,46,33
21599,5312,220,27,55
21600,5542,145,53,45
21601,3922,105,53,35
21602,1114,108,51,58
21603,680,210,49,19
21604,1461,67,27,28
21605,2794,64,22,34
21606,4297,152,39,0
21607,3052,182,46,17
21608,494,72,60,13
21609,4536,179,36,49
21610,46,113,25,2
21611,3744,134,42,12
21612,3184,123,17,40
21613,2989,198,43,12
21614,5677,31,32,9
21615,1101,89,48,58
21616,5385,13,47,23
21617,3503,187,4,5
21618,1802,154,30,10
21619,2605,96,10,42
21620,3306,6,57,24
21621,3902,173,41,44
21622,4373,38,54,60
21623,2085,215,1,2
21624,5055,95,22,4
21625,471,153,6,13
21626,870,204,-2,8
21627,1574,137,40,1
21628,2275,99,56,21
21629,1474,110,38,22
21630,3584,175,47,20
21631,2691,146,24,17
21632,5831,11,4,58
21633,2036,187,33,53
21634,1668,124,57,24
21635,4993,127,20,32
21636,1667,184,22,10
21637,2385,15,38,45
21638,3988,205,41,1
21639,160,139,13,24
21640,4020,95,18,12
21641,2996,64,38,29
21642,3660,126,39,46
21643,2951,140,54,34
21644,5628,113,60,58
21645,746,148,17,25
21646,3861,142,6,51
21647,2420,97,54,15
21648,345,117,45,42
21649,562,95,1,56
21650,838,130,8,0
21651,4813,15,34,37
21652,1248,117,52,31
21653,4492,167,5,6
21654,5678,128,4,44
21655,5728,175,11,14
21656,1939,149,6,51
21657,4258,16,17,25
21658,5089,161,,37
21659,5844,161,3,22
21660,5982,112,25,19
21661,5865,126,17,52
21662,611,213,22,40
21663,1254,149,37,21
21664,519,199,25,3
21665,508,44,6,6
21666,1010,57,20,18
21667,1181,168,13,46
21668,3357,185,13,3
21669,810,195,36,25
21670,2841,158,32,14
21671,4919,79,10,31
21672,2647,98,12,44
21673,2774,75,2,27
21674,2303,108,15,16
21675,2562,106,20,53
21676,2451,111,32,9
21677,4490,101,21,60
21678,2823,178,60,15
21679,2219,77,46,58
21680,1488,88,31,29
21681,816,145,47,37
21682,3609,183,1,34
21683,2170,167,3,11
21684,2736,146,28,53
21685,386,111,-6,59
21686,4610,169,50,52
21687,5669,82,43,58
21688,738,144,5,16
21689,1045,128,14,46
21690,1511,181,43,18
21691,1796,164,17,22
21692,1085,25,5,27
21693,3403,138,6,55
21694,1433,100,14,14
21695,534,175,8,25
21696,4244,87,9,21
21697,947,41,-2,19
21698,973,127,7,54
21699,4134,123,9,39
21700,3607,175,27,4
21701,1919,113,55,30
21702,5096,130,32,25
21703,1360,63,7,8
21704,4636,148,12,50
21705,2823,106,42,53
21706,5772,184,28,12
21707,1730,117,37,6
21708,933,45,50,28
21709,849,10,45,19
21710,3795,167,41,39
21711,3004,107,48,13
21712,1748,89,4,38
21713,1102,60,24,54
21714,405,211,53,40
21715,1233,73,2,40
21716,4671,195,56,29
21717,2164,200,30,30
21718,967,208,7,28
21719,738,44,21,5
21720,4287,29,42,6
21721,4589,131,54,39
21722,3524,139,38,41
21723,4847,28,34,24
21724,2450,61,5,12
21725,3698,44,6,50
21726,3753,31,,44
21727,15,203,38,9
21728,539,4,4,60
21729,5392,143,13,39
21730,2101,48,57,12
21731,5060,106,60,48
21732,869,210,16,9
21733,2730,79,,31
21734,4919,97,59,29
21735,4604,136,24,552
21736,5189,17,53,49
21737,3659,62,29,47
21738,3260,70,37,52
21739,2051,85,47,39
21740,4585,160,53,55
21741,4321,108,10,34
21742,4837,96,25,60
21743,1086,160,15,36
21744,2813,152,54,33
21745,585,170,7,18
21746,1067,187,51,11
21747,5060,185,39,33
21748,698,145,40,17
21749,1386,173,53,32
21750,3789,43,0,27
21751,2315,170,10,59
21752,5913,124,18,17
21753,5713,98,53,15
21754,5248,151,55,11
21755,2544,85,10,26
21756,4589,147,22,21
21757,4278,57,14,19
21758,2772,61,11,3
21759,2188,18,31,34
21760,736,3,23,46
21761,4723,1,17,13
21762,5422,149,18,30
21763,4404,44,60,35
21764,4375,165,50,19
21765,4097,184,30,49
21766,5138,216,48,37
21767,187,29,43,16
21768,4488,197,6,12
21769,5070,53,44,9
21770,323,167,30,8
21771,3593,131,49,598
21772,995,51,38,47
21773,983,103,53,31
21774,2116,63,56,48
21775,5226,199,47,51
21776,370,189,57,18
21777,5760,70,33,31
21778,1016,198,33,49
21779,5570,81,54,841
21780,1690,87,35,47
21781,5029,220,11,8
21782,5530,143,33,1
21783,2152,138,17,0
21784,3108,6,25,33
21785,1464,60,19,40
21786,4916,174,47,46
21787,1969,51,50,47
21788,4249,101,25,42
21789,2130,51,7,18
21790,4185,25,36,20
21791,5997,141,38,27
21792,4002,97,25,43
21793,939,59,26,30
21794,1144,107,44,34
21795,4662,57,41,49
21796,1069,199,48,60
21797,5310,212,43,50
21798,2688,177,47,56
21799,3320,208,47,31
21800,3320,148,5,37
21801,1047,152,38,22
21802,4564,9,37,32
21803,1921,119,37,31
21804,2776,69,22,43
21805,4933,41,10,50
21806,5222,97,15,26
21807,2471,26,53,49
21808,2486,149,40,56
21809,353,9,50,53
21810,2904,124,14,36
21811,2745,58,44,27
21812,1735,152,11,10
21813,1521,141,34,20
21814,1826,69,38,45
21815,4191,198,17,5
21816,2586,38,37,27
21817,5322,22,18,24
21818,883,25,34,4
21819,2902,99,35,25
21820,2681,170,13,19
21821,2059,168,44,7
21822,2487,62,38,39
21823,1039,158,13,57
21824,3614,111,,17
21825,5481,193,53,30
21826,677,180,45,41
21827,5994,128,36,596
21828,2135,130,25,9
21829,5582,140,33,34
21830,4036,220,2,55
21831,3528,17,1,44
21832,4945,185,58,57
21833,557,126,28,30
21834,3543,157,20,27
21835,2375,65,44,30
21836,1549,212,37,699
21837,1909,96,24,46
21838,379,106,41,16
21839,2143,29,50,22
21840,2886,163,38,1
21841,190,122,39,42
21842,2496,41,20,46
21843,4146,192,56,38
21844,2388,154,28,29
21845,3936,152,8,37
21846,639,62,59,5
21847,680,14,49,36
21848,482,122,20,24
21849,1268,69,11,29
21850,1339,75,37,58
21851,3947,9,9,0
21852,4336,161,43,53
21853,3624,154,13,17
21854,5507,214,42,27
21855,1272,46,5,25
21856,1914,106,12,3
21857,4030,129,21,16
21858,835,63,33,33
21859,1715,12,52,20
21860,5239,51,14,35
21861,5826,148,7,47
21862,758,214,54,0
21863,2543,3,15,8
21864,2281,140,42,50
21865,29,14,21,25
21866,5457,89,47,26
21867,186,159,30,13
21868,1431,206,44,4
21869,2221,8,59,58
21870,2812,114,56,21
21871,3304,127,13,57
21872,1433,118,55,46
21873,5704,214,20,53
21874,2523,30,4,57
21875,5199,4,8,52
21876,1206,156,23,50
21877,1252,176,31,35
21878,5788,30,39,6
21879,2567,27,38,9
21880,430,217,37,56
21881,4948,25,31,7
21882,3622,146,20,6
21883,2861,157,11,29
21884,3847,178,47,13
21885,255,13,39,20
21886,307,54,59,52
21887,2354,157,1,10
21888,4884,156,20,26
21889,1652,109,9,42
21890,3917,24,40,36
21891,5769,86,55,48
21892,3465,161,25,630
21893,708,174,58,56
21894,3410,121,39,42
21895,1497,172,31,44
21896,2915,20,54,54
21897,5326,169,7,57
21898,5744,109,9,17
21899,2264,61,41,29
21900,783,127,41,32
21901,1502,114,40,3
21902,4046,37,60,41
21903,226,190,5,17
21904,4577,4,1,35
21905,143,181,44,59
21906,3378,1,58,27
21907,4034,175,0,33
21908,2084,28,44,12
21909,3092,26,3,22
21910,5346,201,40,770
21911,185,39,17,2
21912,2796,32,20,32
21913,4867,72,60,26
21914,3085,203,20,3
21915,4037,189,34,37
21916,5913,41,21,8
21917,3175,154,56,31
21918,640,205,1,25
21919,3072,72,14,27
21920,2318,122,12,17
21921,231,68,57,7
21922,1921,46,37,12
21923,1137,211,45,14
21924,1762,95,23,42
21925,4630,115,27,35
21926,5450,95,44,2
21927,4184,22,20,23
21928,2725,78,41,22
21929,3650,113,,55
21930,2412,159,52,29
21931,2744,145,41,8
21932,5600,96,23,60
21933,4617,13,34,43
21934,5337,98,24,38
21935,255,198,49,7
21936,4585,19,27,0
21937,2930,164,53,55
21938,3800,70,25,20
21939,5998,137,34,51
21940,4755,119,32,29
21941,2926,147,56,12
21942,5466,46,2,39
21943,4216,37,16,39
21944,2484,179,12,18
21945,2618,198,2,11
21946,4412,3,36,27
21947,4320,108,15,25
21948,1668,113,56,28
21949,2867,205,18,34
21950,144,126,1,58
21951,75,212,40,0
21952,2489,153,7,11
21953,1265,164,33,3
21954,4575,168,47,37
21955,3838,134,49,15
21956,4849,119,36,53
21957,1111,44,15,0
21958,2767,40,50,27
21959,4154,35,46,8
21960,366,110,45,18
21961,1314,6,19,50
21962,3556,39,8,6
21963,2355,10,27,37
21964,4226,58,-8,8
21965,4469,216,24,33
21966,1473,220,53,2
21967,781,72,53,15
21968,5154,86,55,21
21969,4603,35,8,4
21970,3473,128,50,11
21971,1593,171,9,50
21972,1537,44,20,1
21973,3997,19,33,2
21974,4326,66,53,55
21975,4908,176,45,37
21976,4902,52,39,34
21977,4352,183,,50
21978,2693,107,8,53
21979,1866,184,51,28
21980,1281,148,43,24
21981,2595,135,5,60
21982,5754,214,56,53
21983,2239,189,16,7
21984,4140,98,15,46
21985,5906,126,47,34
21986,3315,172,10,16
21987,521,79,,12
21988,2516,210,12,35
21989,3423,57,49,49
21990,2491,118,26,19
21991,4708,4,21,31
21992,5134,72,22,36
21993,5904,46,12,43
21994,3569,178,16,47
21995,670,152,2,38
21996,30,64,0,22
21997,682,172,2,25
21998,805,46,34,57
21999,4999,86,6,24
22000,3760,134,46,6
22001,3392,73,,8
22002,4468,20,29,60
22003,1376,53,5,23
22004,4240,218,30,19
22005,1135,140,7,8
22006,855,210,32,16
22007,3121,206,58,36
22008,2308,37,49,23
22009,1490,33,42,24
22010,3830,219,44,43
22011,22,173,50,51
22012,672,77,11,7
22013,972,193,32,41
22014,2971,39,3,44
22015,2313,19,51,44
22016,4206,65,29,35
22017,884,131,58,1
22018,1639,13,26,34
22019,3932,88,14,13
22020,2808,188,34,34
22021,5394,98,42,26
22022,1248,29,38,1
22023,717,32,16,10
22024,3855,158,39,39
22025,1901,186,31,25
22026,5387,183,11,18
22027,5666,195,50,42
22028,1212,133,,39
22029,4462,87,31,59
22030,1693,9,18,36
22031,5998,98,50,3
22032,1447,86,31,23
22033,240,68,16,50
22034,5282,11,51,17
22035,2814,45,55,19
22036,1196,118,60,33
22037,968,145,10,32
22038,5334,91,52,53
22039,2740,59,45,16
22040,5660,158,36,28
22041,4615,36,30,28
22042,4999,93,53,18
22043,1177,95,49,36
22044,2873,92,29,48
22045,1295,84,22,0
22046,3819,87,13,9
22047,1357,76,50,51
22048,4642,76,46,9
22049,5219,155,46,26
22050,3822,215,56,31
22051,2029,86,58,55
22052,656,54,41,40
22053,560,94,37,54
22054,3289,97,26,28
22055,5068,18,36,48
22056,3260,51,42,31
22057,1837,35,32,32
22058,3257,40,22,32
22059,5418,2,50,11
22060,1045,80,53,19
22061,5764,148,49,38
22062,3737,33,18,55
22063,560,69,56,46
22064,5285,37,55,8
22065,5951,77,55,36
22066,123,80,58,20
22067,4507,195,6,34
22068,3014,16,48,47
22069,4854,122,42,34
22070,2194,99,59,41
22071,2752,124,9,55
22072,3585,45,14,39
22073,3780,163,42,38
22074,227,24,26,15
22075,4804,148,49,6
22076,316,10,26,22
22077,4405,23,25,29
22078,3030,202,10,34
22079,4049,123,30,32
22080,2341,91,6,0
22081,2397,115,6,24
22082,3622,166,0,12
22083,527,74,8,45
22084,4699,145,43,44
22085,5506,155,48,22
22086,994,148,25,30
22087,2697,220,22,39
22088,4803,85,34,13
22089,4690,5,39,52
22090,1812,60,6,34
22091,2754,52,-3,30
22092,3365,113,32,56
22093,2308,190,16,12
22094,129,172,27,28
22095,3892,29,58,27
22096,3540,167,35,51
22097,447,25,31,29
22098,16,125,60,31
22099,1016,85,57,52
22100,2003,218,39,35
22101,3533,4,34,10
22102,5655,14,30,19
22103,1031,155,10,24
22104,5651,102,6,19
22105,1057,218,16,9
22106,2136,104,26,22
22107,4476,208,35,9
22108,5977,43,48,11
22109,2913,164,45,29
22110,3313,7,18,45
22111,4854,161,22,8
22112,2816,67,6,29
22113,4820,200,42,18
22114,4587,67,12,47
22115,5742,123,20,11
22116,5567,161,44,60
22117,2022,19,38,21
22118,1608,28,39,58
22119,826,183,2,26
22120,1529,175,27,21
22121,5560,116,7,51
22122,3928,116,,34
22123,5725,55,2,16
22124,1899,7,1,17
22125,875,146,40,20
22126,2787,136,1,25
22127,3395,115,17,36
22128,3125,13,13,59
22129,2505,31,46,48
22130,5780,116,8,741
22131,177,123,54,49
22132,5691,9,45,7
22133,3623,33,,5
22134,1372,213,45,32
22135,1686,13,28,6
22136,3337,138,11,51
22137,469,165,7,38
22138,2542,20,57,26
22139,5463,99,28,30
22140,1410,11,23,40
22141,1597,133,1,697
22142,768,81,56,58
22143,822,22,55,59
22144,3107,89,16,27
22145,110,69,19,32
22146,5260,49,35,49
22147,196,18,6,43
22148,5675,210,21,16
22149,184,164,40,34
22150,5221,142,59,6
22151,2751,115,35,3
22152,1551,50,19,9
22153,2454,111,23,44
22154,3130,69,48,809
22155,2120,16,20,10
22156,5621,38,18,25
22157,4370,133,26,45
22158,1441,102,30,22
22159,2547,194,40,42
22160,479,214,46,56
22161,3226,9,4,15
22162,2435,43,55,35
22163,748,24,33,39
22164,3704,28,36,1
22165,4755,112,36,43
22166,2265,12,35,16
22167,2031,100,18,21
22168,3687,182,13,47
22169,5547,134,56,55
22170,3672,76,54,5
22171,1018,34,29,19
22172,5406,130,7,51
22173,5911,13,46,19
22174,268,160,30,13
22175,552,204,6,17
22176,2557,193,10,16
22177,4780,12,4,12
22178,5114,49,13,57
22179,5460,51,19,5
22180,5453,183,30,16
22181,791,50,51,59
22182,5293,34,33,17
22183,5589,184,34,43
22184,2057,35,-6,53
22185,1025,160,24,38
22186,216,104,37,52
22187,3852,83,15,16
22188,1713,189,-9,47
22189,2683,204,16,47
22190,5929,7,43,10
22191,3832,18,30,47
22192,210,25,17,24
22193,2464,75,23,24
22194,3354,151,4,21
22195,4699,190,5,18
22196,2475,152,51,47
22197,4599,103,40,29
22198,2752,11,3,24
22199,2246,89,8,22
22200,533,44,4,34
22201,638,149,39,58
22202,2103,51,10,30
22203,5853,22,11,32
22204,4808,190,53,54
22205,499,79,23,18
22206,4975,179,-9,54
22207,977,142,53,17
22208,5406,115,46,18
22209,4569,205,54,20
22210,2083,32,0,30
22211,4528,105,53,2
22212,3406,136,3,52
22213,4704,97,42,27
22214,1860,43,2,25
22215,4838,91,49,25
22216,95,97,23,42
22217,2749,58,32,13
22218,1975,81,23,36
22219,4477,1,24,44
22220,5800,171,40,36
22221,5161,154,12,24
22222,5903,3,1,57
22223,565,33,21,0
22224,5825,218,0,31
22225,3908,86,45,49
22226,2355,172,35,14
22227,191,80,16,58
22228,3416,73,48,45
22229,2591,20,47,47
22230,2699,101,8,6
22231,4883,63,18,19
22232,5909,100,43,5
22233,2069,173,52,55
22234,1066,144,32,11
22235,5925,168,4,15
22236,3719,179,21,2
22237,5600,168,59,0
22238,4388,188,-7,0
22239,280,4,,2
22240,1520,179,27,39
22241,2013,23,12,11
22242,2780,87,29,1
22243,3145,215,,52
22244,4613,189,18,54
22245,5086,201,19,41
22246,2795,80,31,38
22247,5411,102,19,18
22248,5513,59,35,57
22249,410,50,14,25
22250,5321,183,52,38
22251,650,152,6,31
22252,3270,68,43,14
22253,844,196,26,8
22254,4270,46,13,57
22255,1265,73,49,57
22256,5914,140,14,26
22257,1831,158,8,18
22258,2458,147,13,47
22259,4999,158,58,14
22260,1312,208,21,51
22261,4150,118,45,43
22262,154,31,16,0
22263,1950,144,44,28
22264,5354,1,37,60
22265,3609,201,4,15
22266,981,116,52,17
22267,4629,20,19,33
22268,4996,111,2,1
22269,4798,78,26,6
22270,1633,40,52,52
22271,4530,114,37,58
22272,3284,106,42,43
22273,2121,149,7,50
22274,1412,98,40,3
22275,2077,63,11,41
22276,4687,173,16,18
22277,134,217,50,9
22278,3787,91,57,41
22279,27,14,6,17
22280,5695,167,29,60
22281,5152,45,15,34
22282,1840,120,38,24
22283,4255,211,19,44
22284,709,159,33,22
22285,5098,77,19,59
22286,260,156,41,14
22287,4792,100,9,10
22288,2377,7,27,30
22289,1220,213,24,41
22290,3650,53,41,55
22291,1529,114,14,40
22292,1810,71,31,40
22293,3029,96,25,54
22294,5997,63,49,0
22295,4354,4,22,25
22296,1114,135,23,13
22297,902,116,17,19
22298,4986,20,55,60
22299,4130,93,2,18
22300,3371,185,5,33
22301,2315,120,7,29
22302,3201,32,22,24
22303,5830,164,50,16
22304,2613,183,17,1
22305,3551,13,16,15
22306,3897,137,9,44
22307,871,208,28,52
22308,3883,190,10,58
22309,1556,14,60,23
22310,75,104,49,28
22311,4661,172,40,45
22312,5236,186,56,51
22313,3551,113,13,18
22314,5699,4,38,45
22315,404,5,17,48
22316,4827,75,44,56
22317,3233,170,37,44
22318,3948,106,29,34
22319,3884,111,29,16
22320,5492,156,52,28
22321,3595,173,39,30
22322,4142,27,40,19
22323,3225,191,28,15
22324,2010,50,14,15
22325,633,139,36,537
22326,2420,187,18,57
22327,4936,99,23,37
22328,3977,30,5,32
22329,447,1,1,8
22330,2588,79,6,49
22331,4445,127,13,2
22332,3031,163,40,35
22333,5604,109,41,60
22334,1376,133,24,23
22335,4606,74,55,7
22336,4670,81,21,4
22337,5331,94,45,6
22338,1091,1,5,50
22339,1936,13,35,3
22340,780,64,-10,15
22341,2302,110,38,10
22342,4957,168,27,58
22343,963,205,-9,8
22344,1253,92,1,7
22345,5197,1,20,21
22346,5987,98,37,28
22347,3879,200,18,48
22348,3262,117,45,48
22349,2923,22,9,43
22350,3406,179,5,11
22351,1903,83,4,26
22352,5154,197,,44
22353,2888,105,32,18
22354,5886,44,36,24
22355,4244,214,15,56
22356,2867,93,23,21
22357,3057,91,12,37
22358,4845,174,29,31
22359,2042,43,50,44
22360,665,138,42,4
22361,1544,203,59,17
22362,3592,206,44,2
22363,219,33,20,12
22364,5309,111,35,43
22365,5029,204,23,41
22366,3454,218,48,3
22367,5171,138,39,56
22368,1555,137,28,50
22369,1109,80,11,34
22370,5217,179,19,1
22371,4120,7,7,24
22372,3922,165,24,6
22373,363,114,9,23
22374,5014,204,31,30
22375,5553,168,42,0
22376,1764,151,46,27
22377,2261,167,29,3
22378,731,135,6,14
22379,5033,170,56,6
22380,2885,19,17,43
22381,52,170,57,37
22382,1360,176,53,33
22383,5004,43,48,33
22384,3196,220,60,42
22385,981,66,23,14
22386,394,93,55,57
22387,2747,198,43,3
22388,2287,179,53,25
22389,4545,175,33,10
22390,5560,157,25,2
22391,5066,212,29,25
22392,5993,188,25,29
22393,1640,123,16,29
22394,4241,71,56,43
22395,1151,121,9,25
22396,928,94,39,45
22397,4621,1,10,0
22398,1603,166,26,53
22399,4428,135,12,41
22400,4859,18,43,21
22401,5285,105,15,2
22402,2685,113,45,35
22403,1739,207,44,23
22404,274,85,20,53
22405,3952,9,-6,60
22406,2292,141,49,13
22407,5911,62,,44
22408,5660,85,9,41
22409,3147,52,22,25
22410,2487,62,12,51
22411,916,16,56,6
22412,2845,176,5,18
22413,2292,134,5,54
22414,1930,201,48,5
22415,2673,186,23,41
22416,3269,187,28,44
22417,4777,62,53,28
22418,5652,124,58,57
22419,3268,169,25,27
22420,5099,141,46,28
22421,4558,113,46,46
22422,2143,51,13,34
22423,2927,148,44,40
22424,5580,160,39,39
22425,5869,120,38,27
22426,577,76,36,18
22427,5863,198,60,27
22428,311,213,5,0
22429,3665,79,23,29
22430,4936,201,7,41
22431,1725,129,12,4
22432,1945,74,53,33
22433,4521,98,24,14
22434,5231,207,44,41
22435,4293,144,33,4
22436,1672,117,48,34
22437,4495,83,31,14
22438,2184,95,18,13
22439,2984,217,27,27
22440,2496,197,9,9
22441,2170,18,53,40
22442,5653,47,1,48
22443,4614,181,59,10
22444,5505,82,31,32
22445,2509,37,10,8
22446,1438,92,1,5
22447,1817,79,39,34
22448,5652,179,13,10
22449,3108,200,21,657
22450,950,63,55,48
22451,4428,128,57,53
22452,2726,13,-6,41
22453,5322,184,7,519
22454,4837,80,50,43
22455,3604,40,54,23
22456,450,37,46,54
22457,4829,157,34,10
22458,4243,176,10,51
22459,1385,10,18,60
22460,2319,88,38,900
22461,3676,68,34,40
22462,3955,95,8,52
22463,1713,108,54,6
22464,5022,98,27,8
22465,212,105,38,27
22466,1894,22,15,799
22467,4708,135,28,34
22468,3398,213,8,44
22469,5639,153,8,59
22470,513,49,1,56
22471,3870,46,13,30
22472,5007,71,14,59
22473,1366,27,46,10
22474,1292,164,20,54
22475,1438,130,48,1
22476,4499,48,8,29
22477,506,150,44,1
22478,2766,180,17,18
22479,4822,32,17,7
22480,3886,145,33,14
22481,1095,117,39,60
22482,1813,187,14,50
22483,499,56,13,16
22484,3480,201,-9,58
22485,3992,95,25,24
22486,2739,90,27,59
22487,115,35,6,20
22488,5516,216,14,38
22489,2586,195,38,45
22490,5981,123,32,39
22491,5540,170,55,56
22492,1679,32,48,25
22493,1399,168,18,48
22494,2168,136,31,17
22495,626,17,26,45
22496,5732,207,25,22
22497,2514,52,44,11
22498,2182,180,47,43
22499,3418,113,19,1
22500,1746,71,11,35
22501,1415,185,11,6
22502,1401,108,4,6
22503,4148,70,43,29
22504,5021,153,43,613
22505,5467,125,16,28
22506,1420,68,13,54
22507,5751,178,45,14
22508,4451,102,11,60
22509,3826,125,12,58
22510,3679,203,18,37
22511,4256,93,0,26
22512,80,211,24,51
22513,1954,144,,52
22514,1754,47,9,27
22515,5616,116,31,60
22516,75,121,36,46
22517,2125,199,34,28
22518,1623,220,52,12
22519,1357,154,6,45
22520,4174,158,51,19
22521,4750,69,9,35
22522,243,41,44,27
22523,5347,188,21,23
22524,5036,25,30,18
22525,5242,156,24,4
22526,449,66,23,2
22527,4255,117,10,18
22528,2414,136,33,39
22529,5698,8,24,7
22530,1246,212,44,23
22531,1221,76,3,28
22532,3222,22,58,20
22533,2371,94,27,19
22534,3850,217,5,46
22535,3150,184,28,48
22536,4060,217,2,26
22537,3725,203,3,49
22538,1878,202,47,39
22539,3512,183,27,9
22540,3739,67,57,40
22541,4267,90,50,30
22542,685,166,7,55
22543,5928,196,54,10
22544,4547,99,5,13
22545,4310,61,13,15
22546,3612,170,33,51
22547,277,53,3,12
22548,1901,116,54,10
22549,3999,144,46,55
22550,250,148,1,9
22551,1840,141,-2,0
22552,1942,124,,35
22553,4726,162,50,33
22554,5307,215,59,1
22555,457,30,18,9
22556,2034,24,26,14
22557,4584,146,57,56
22558,5083,208,30,16
22559,5949,31,32,23
22560,2290,164,19,54
22561,736,65,30,17
22562,5896,129,16,5
22563,4214,5,17,56
22564,3671,43,59,3
22565,93,173,46,39
22566,5207,71,56,8
22567,3473,27,24,57
22568,1782,109,17,50
22569,942,96,15,26
22570,4719,45,11,4
22571,2606,202,10,54
22572,5740,130,41,11
22573,2427,203,55,32
22574,495,72,18,14
22575,68,156,18,30
22576,5473,95,4,50
22577,2151,72,8,21
22578,2206,190,9,54
22579,2565,131,7,44
22580,907,28,30,47
22581,2604,149,40,37
22582,4241,129,25,17
22583,3341,102,15,27
22584,5432,98,11,50
22585,2843,61,58,40
22586,1238,21,35,31
22587,1971,124,27,13
22588,75,192,8,15
22589,4063,201,40,50
22590,1349,23,28,18
22591,1706,206,6,17
22592,1501,188,50,5
22593,333,138,5,18
22594,1699,45,3,9
22595,3116,158,30,32
22596,3383,6,38,2
22597,35,24,54,51
22598,5661,92,60,28
22599,492,176,43,5
22600,4716,64,51,26
22601,4710,186,46,11
22602,3241,140,49,21
22603,5356,44,12,19
22604,459,4,34,49
22605,2001,20,41,8
22606,3840,38,52,30
22607,3543,139,51,15
22608,1234,160,54,37
22609,3516,128,5,48
22610,2098,80,41,40
22611,5322,179,46,688
22612,3277,32,-7,30
22613,2092,1,52,49
22614,4126,167,10,32
22615,3749,9,3,53
22616,1194,108,44,12
22617,3167,14,6,53
22618,4646,185,45,27
22619,3298,116,35,43
22620,3882,75,9,9
22621,2199,204,11,22
22622,2086,131,25,27
22623,4788,164,28,35
22624,867,143,,22
22625,948,162,25,30
22626,4873,169,45,22
22627,1562,50,11,16
22628,2672,55,39,57
22629,2674,52,54,13
22630,1339,24,10,39
22631,5236,153,55,56
22632,4430,161,5,50
22633,2784,35,22,56
22634,555,207,27,43
22635,3658,198,45,26
22636,657,115,12,15
22637,2018,102,32,23
22638,2732,22,26,18
22639,5500,37,,7
22640,5076,174,52,50
22641,1170,17,3,17
22642,4081,98,44,34
22643,4309,87,,35
22644,2686,147,3,37
22645,1898,59,51,48
22646,1096,123,4,1
22647,4835,12,55,34
22648,1009,118,4,12
22649,3388,182,42,9
22650,2424,42,16,42
22651,3307,64,9,20
22652,468,73,12,40
22653,3011,26,6,41
22654,4114,118,2,4
22655,225,45,16,14
22656,260,106,28,28
22657,5072,220,49,43
22658,4561,214,20,16
22659,5583,181,5,40
22660,5434,90,48,1
22661,1514,11,47,37
22662,753,190,35,37
22663,1059,50,58,27
22664,3078,61,1,41
22665,3201,57,40,15
22666,2570,140,15,44
22667,3856,85,24,48
22668,1914,196,43,6
22669,3868,133,54,19
22670,3317,14,3,13
22671,1142,146,11,34
22672,2135,152,10,37
22673,3607,91,10,39
22674,4740,111,37,25
22675,5240,129,46,58
22676,5748,16,11,33
22677,3630,4,12,56
22678,4081,56,26,12
22679,1192,184,46,60
22680,4930,73,58,27
22681,3556,12,15,12
22682,2133,13,38,45
22683,5136,176,17,40
22684,1969,98,41,54
22685,2273,27,36,11
22686,1616,139,22,27
22687,1982,218,43,36
22688,5943,207,29,21
22689,1221,82,0,43
22690,4076,127,26,55
22691,4430,84,0,41
22692,3078,109,25,20
22693,4363,71,17,11
22694,3475,163,40,44
22695,653,87,17,15
22696,2743,58,3,19
22697,5546,129,55,31
22698,5425,115,45,3
22699,5986,161,12,55
22700,1416,20,35,22
22701,5708,10,15,0
22702,1284,120,50,11
22703,5462,196,11,35
22704,158,155,40,25
22705,4346,186,52,2
22706,2898,147,12,33
22707,5044,33,25,13
22708,2725,4,43,59
22709,3233,137,41,8
22710,3126,6,38,15
22711,4106,218,-5,50
22712,4767,129,20,50
22713,3065,119,12,58
22714,3941,121,51,5
22715,1133,205,28,14
22716,1239,42,,14
22717,5102,74,22,35
22718,4469,213,22,48
22719,4276,91,32,11
22720,2762,61,36,17
22721,4157,143,60,6
22722,2105,117,35,56
22723,4841,149,15,56
22724,4575,186,54,32
22725,3713,110,10,52
22726,3055,167,3,49
22727,2146,157,13,37
22728,5698,40,48,52
22729,4840,16,10,53
22730,63,199,37,58
22731,4284,183,45,23
22732,2455,177,45,22
22733,889,68,39,6
22734,4148,152,49,31
22735,4316,183,13,2
22736,2153,164,39,22
22737,2832,218,35,13
22738,4626,34,36,8
22739,1740,8,9,38
22740,4035,140,18,39
22741,5785,160,17,55
22742,521,187,24,22
22743,847,94,57,40
22744,4880,157,-9,2
22745,5936,22,58,6
22746,3843,115,55,24
22747,3597,29,45,39
22748,2202,111,52,41
22749,4855,69,8,49
22750,685,197,30,20
22751,355,53,44,39
22752,345,32,13,58
22753,2192,204,41,4
22754,5763,208,18,47
22755,2624,214,47,13
22756,3781,63,41,8
22757,3929,127,14,17
22758,1608,87,18,17
22759,2100,52,31,31
22760,2816,184,52,45
22761,2313,171,-10,31
22762,2975,163,54,19
22763,4848,183,21,38
22764,532,31,16,50
22765,2499,160,60,57
22766,4897,93,0,0
22767,433,191,2,56
22768,3034,142,21,24
22769,2179,106,1,55
22770,4501,118,31,0
22771,3403,164,59,18
22772,1132,159,44,24
22773,5847,136,52,50
22774,5117,205,49,60
22775,2201,169,15,18
22776,4427,22,53,25
22777,4345,14,29,28
22778,2500,83,47,59
22779,241,33,20,26
22780,353,136,14,59
22781,1760,177,39,38
22782,2122,10,38,30
22783,4820,66,26,59
22784,5654,75,39,21
22785,1539,16,,49
22786,164,112,35,53
22787,952,103,15,22
22788,1056,202,11,31
22789,5927,128,29,20
22790,3372,57,-9,40
22791,3953,212,8,44
22792,761,39,37,59
22793,3376,27,15,57
22794,3823,197,43,38
22795,3155,72,0,54
22796,235,103,15,52
22797,3055,116,-4,23
22798,4589,148,19,18
22799,4684,180,36,7
22800,709,13,9,23
22801,4408,171,33,23
22802,2646,39,48,8
22803,4381,90,51,7
22804,4301,100,44,6
22805,3070,218,40,46
22806,903,206,44,16
22807,2498,120,37,50
22808,2024,78,14,60
22809,1062,51,1,49
22810,1181,28,23,53
22811,3745,90,58,57
22812,3028,150,8,41
22813,3315,205,53,34
22814,1235,15,37,20
22815,196,85,37,43
22816,740,165,49,28
22817,2350,46,35,57
22818,5361,65,32,31
22819,2591,83,23,35
22820,4029,31,15,15
22821,1822,160,60,43
22822,5685,24,4,59
22823,3902,98,13,0
22824,3805,3,13,11
22825,3518,24,58,36
22826,343,102,28,14
22827,5654,177,24,57
22828,1816,47,26,38
22829,1062,193,33,1
22830,1175,44,9,39
22831,937,41,44,50
22832,5686,164,33,38
22833,2475,11,23,14
22834,1994,174,27,3
22835,4207,86,50,22
22836,3976,64,38,23
22837,3707,69,48,48
22838,3113,65,16,4
22839,1590,194,50,60
22840,3646,51,27,37
22841,855,173,29,40
22842,3813,175,47,16
22843,555,117,14,780
22844,16,108,33,26
22845,2011,84,26,44
22846,363,161,30,31
22847,4718,39,58,56
22848,3614,104,23,10
22849,2622,49,54,32
22850,3486,188,57,45
22851,142,106,13,50
22852,1881,162,60,52
22853,1057,162,7,1
22854,5013,147,29,15
22855,560,120,36,7
22856,3766,201,18,51
22857,5270,220,33,44
22858,1171,83,43,39
22859,3268,182,13,11
22860,4605,4,23,42
22861,5240,114,9,59
22862,4153,81,7,49
22863,1207,138,49,38
22864,5842,62,51,14
22865,3104,33,32,31
22866,913,44,41,45
22867,4093,199,43,55
22868,1621,40,48,46
22869,857,98,47,30
22870,4014,193,54,48
22871,5008,149,,48
22872,540,169,0,31
22873,2605,74,6,18
22874,4621,96,54,46
22875,5703,114,44,59
22876,1761,177,30,8
22877,4862,170,37,53
22878,5593,184,3,41
22879,2983,130,49,57
22880,3126,20,46,47
22881,2661,177,43,59
22882,1258,201,35,609
22883,1878,133,49,16
22884,3039,135,16,40
22885,3442,21,54,34
22886,1142,142,58,10
22887,1040,84,49,11
22888,5152,31,20,7
22889,1557,180,6,633
22890,2541,203,9,15
22891,4567,91,38,14
22892,857,70,32,670
22893,5238,153,2,48
22894,2151,73,49,52
22895,3707,43,4,42
22896,2474,137,55,41
22897,3808,147,0,6
22898,842,75,56,12
22899,4917,128,4,22
22900,5409,98,36,34
22901,5241,75,43,34
22902,1163,218,1,19
22903,4992,206,56,46
22904,4774,150,15,30
22905,5426,139,33,21
22906,1932,169,49,56
22907,3815,168,12,50
22908,949,164,35,3
22909,2301,188,8,38
22910,11,55,31,11
22911,1473,27,2,13
22912,766,194,7,47
22913,4814,152,23,23
22914,3391,93,49,10
22915,2654,16,33,28
22916,4033,64,38,47
22917,564,99,59,32
22918,3701,53,2,51
22919,1363,195,58,8
22920,1427,181,40,22
22921,2884,205,20,23
22922,1270,29,48,23
22923,4737,116,33,53
22924,2851,81,22,0
22925,1785,113,51,25
22926,3181,159,47,50
22927,665,220,13,38
22928,4721,50,33,6
22929,4334,6,11,54
22930,3765,207,45,17
22931,1634,39,,48
22932,2890,62,43,20
22933,4920,139,16,10
22934,4388,150,5,7
22935,993,39,45,45
22936,245,124,49,36
22937,3857,130,13,17
22938,1841,106,55,53
22939,1126,90,42,31
22940,1954,176,11,8
22941,4417,4,,17
22942,1499,167,11,17
22943,3385,90,45,9
22944,974,54,52,11
22945,4648,126,44,19
22946,4105,206,46,44
22947,2819,65,37,32
22948,4489,66,36,28
22949,109,36,22,37
22950,3585,83,45,29
22951,1599,166,14,21
22952,5105,183,8,59
22953,692,215,22,8
22954,5715,50,26,54
22955,1755,107,34,54
22956,2397,200,20,52
22957,4720,27,8,12
22958,2008,90,42,28
22959,4612,103,4,40
22960,1416,121,47,23
22961,5963,72,20,13
22962,2429,208,41,1
22963,4125,39,8,49
22964,5696,96,23,0
22965,5811,128,25,41
22966,1424,192,45,59
22967,2248,64,55,31
22968,902,196,20,30
22969,3358,34,7,27
22970,5656,135,14,15
22971,5544,109,,54
22972,2125,178,45,51
22973,861,127,45,3
22974,3145,97,20,45
22975,16,48,37,25
22976,3861,151,10,44
22977,3830,26,45,43
22978,1934,156,56,7
22979,265,73,15,4
22980,1040,41,40,49
22981,5889,129,20,19
22982,4415,64,28,53
22983,991,84,47,42
22984,3615,119,4,57
22985,5860,21,25,47
22986,5375,125,45,52
22987,5565,138,55,26
22988,5826,182,30,0
22989,669,162,9,27
22990,5852,142,40,2
22991,1953,58,25,54
22992,2998,167,22,2
22993,523,169,26,47
22994,432,216,18,14
22995,2589,56,50,11
22996,1197,96,,54
22997,1622,209,42,27
22998,5770,44,12,35
22999,4852,21,26,29
23000,4880,132,37,33
23001,3763,190,22,53
23002,4892,38,30,8
23003,563,60,4,16
23004,4311,181,2,17
23005,3294,60,17,51
23006,631,78,60,8
23007,876,217,15,17
23008,1925,154,17,49
23009,799,167,39,4
23010,4364,186,53,60
23011,5289,142,49,39
23012,5444,212,36,51
23013,2551,177,42,42
23014,618,48,-4,3
23015,1771,140,36,14
23016,324,104,2,54
23017,3895,204,21,52
23018,1858,30,,19
23019,1092,148,53,3
23020,4155,171,53,7
23021,3308,169,53,24
23022,2403,134,5,46
23023,5177,95,36,59
23024,4265,83,47,46
23025,826,109,11,32
23026,3120,30,52,21
23027,868,23,49,9
23028,1355,90,6,2
23029,3070,141,58,45
23030,4002,140,15,14
23031,1314,135,51,0
23032,3077,94,45,42
23033,1254,30,47,39
23034,5658,160,30,13
23035,2194,32,15,7
23036,3068,42,,47
23037,3848,141,31,47
23038,919,134,5,58
23039,4015,194,33,34
23040,3042,217,12,2
23041,138,194,33,4
23042,5584,204,60,58
23043,1692,103,23,21
23044,3054,9,47,29
23045,3181,107,13,15
23046,4749,52,27,15
23047,1922,80,17,13
23048,2850,79,43,55
23049,4601,160,15,49
23050,2167,217,19,53
23051,5647,54,23,27
23052,3422,42,21,19
23053,1736,71,,2
23054,47,100,32,8
23055,5280,173,2,20
23056,1474,88,46,52
23057,4136,20,3,30
23058,3326,34,28,42
23059,5961,179,55,11
23060,2067,189,57,500
23061,3989,176,36,31
23062,4661,160,60,49
23063,1286,20,23,12
23064,727,86,4,37
23065,3463,48,41,18
23066,1155,101,54,59
23067,3944,214,40,43
23068,2299,64,-10,22
23069,960,45,49,27
23070,837,161,4,42
23071,4500,111,33,1
23072,3421,118,37,13
23073,4325,151,4,43
23074,4605,180,12,52
23075,3114,214,43,0
23076,2360,143,14,52
23077,3387,180,26,34
23078,5909,103,9,8
23079,4110,174,10,2
23080,4853,218,49,35
23081,3722,147,18,49
23082,4682,173,36,43
23083,2088,92,26,28
23084,5918,48,39,58
23085,2478,194,46,38
23086,5013,152,22,60
23087,2403,132,0,3
23088,593,220,21,7
23089,4578,196,-4,50
23090,3273,100,47,6
23091,342,14,31,25
23092,438,27,50,12
23093,1218,77,31,42
23094,3735,96,13,58
23095,4040,86,34,9
23096,3982,163,-3,26
23097,1443,190,38,689
23098,4325,217,14,10
23099,1516,213,32,19
23100,5365,186,57,20
23101,2885,104,44,39
23102,3061,207,56,5
23103,1842,34,0,5
23104,1936,193,46,13
23105,1921,93,60,39
23106,1546,163,16,21
23107,4181,211,59,44
23108,5794,20,52,8
23109,4794,31,29,42
23110,95,121,18,518
23111,2801,20,46,44
23112,653,154,2,41
23113,1139,142,20,44
23114,2217,195,43,60
23115,514,118,1,55
23116,5974,87,7,32
23117,297,104,3,55
23118,1919,4,,51
23119,5690,52,48,2
23120,5131,83,59,11
23121,5452,209,57,8
23122,2429,76,5,45
23123,2753,184,58,23
23124,2942,59,32,56
23125,4021,217,5,13
23126,3500,201,45,60
23127,3287,216,26,518
23128,2960,157,19,24
23129,4968,169,14,6
23130,3178,135,3,17
23131,3475,190,50,18
23132,5048,100,5,31
23133,3128,37,2,30
23134,2326,209,4,46
23135,1992,2,18,60
23136,5169,40,17,38
23137,3653,145,4,18
23138,981,170,5,60
23139,4365,119,3,31
23140,1496,24,0,11
23141,339,144,34,43
23142,4240,177,23,42
23143,5610,137,41,10
23144,1017,191,15,30
23145,5734,76,57,16
23146,505,2,22,806
23147,1070,38,27,58
23148,2797,189,34,7
23149,3098,147,54,9
23150,4073,64,9,58
23151,1591,139,55,8
23152,1007,93,15,43
23153,2971,36,41,55
23154,5341,154,27,48
23155,2628,82,56,42
23156,587,189,18,43
23157,712,211,35,20
23158,1104,140,53,48
23159,1411,108,39,9
23160,1663,13,22,14
23161,1518,155,52,13
23162,727,70,22,22
23163,2489,15,53,20
23164,1422,154,11,41
23165,1970,145,-2,38
23166,5365,113,50,39
23167,2912,217,55,2
23168,731,107,2,45
23169,4133,135,60,27
23170,5448,77,46,29
23171,5037,82,49,29
23172,2701,190,9,30
23173,4718,17,0,4
23174,3087,164,5,58
23175,3261,140,17,56
23176,1288,93,1,30
23177,5481,96,3,35
23178,5086,200,33,47
23179,3847,25,44,42
23180,3854,210,42,47
23181,3594,118,56,0
23182,5845,135,5,29
23183,1084,3,29,2
23184,977,38,,41
23185,486,17,-3,53
23186,4378,86,51,33
23187,3734,16,15,13
23188,123,43,56,39
23189,4178,155,43,25
23190,5241,139,56,16
23191,3675,49,17,25
23192,926,138,12,38
23193,1781,201,25,12
23194,5419,53,6,23
23195,2053,19,14,1
23196,5953,104,24,25
23197,1281,71,26,22
23198,349,166,53,37
23199,1275,200,40,0
23200,1156,7,40,55
23201,5536,86,50,20
23202,4141,103,44,843
23203,5995,45,43,56
23204,5796,145,41,26
23205,1311,108,32,29
23206,427,98,45,30
23207,4076,84,22,16
23208,3026,154,10,54
23209,3371,133,19,9
23210,4125,6,10,42
23211,4436,148,23,30
23212,748,60,25,9
23213,4637,70,39,56
23214,748,72,4,19
23215,5602,199,14,14
23216,3824,139,22,12
23217,1703,213,12,17
23218,14,78,2,13
23219,291,17,1,17
23220,1766,103,37,23
23221,1014,91,33,45
23222,3910,207,3,35
23223,5274,6,38,27
23224,5142,123,24,15
23225,3566,50,53,48
23226,5989,38,21,43
23227,5705,169,24,869
23228,22,110,16,11
23229,1404,116,13,10
23230,3174,46,42,29
23231,2096,46,1,43
23232,5109,91,52,10
23233,171,5,36,3
23234,4650,63,18,59
23235,2075,164,28,24
23236,4070,47,60,43
23237,3830,52,41,36
23238,2106,220,30,2
23239,2371,66,35,13
23240,5276,128,15,27
23241,1093,138,36,2
23242,2324,83,19,30
23243,1672,41,36,34
23244,1351,18,10,876
23245,1997,2,13,57
23246,367,212,40,41
23247,5737,188,44,54
23248,1899,37,33,16
23249,1097,217,10,41
23250,3452,216,53,60
23251,5005,27,-2,41
23252,1,218,9,13
23253,5960,21,14,41
23254,5775,140,45,3
23255,3834,185,60,14
23256,5145,165,54,49
23257,2801,54,35,58
23258,5233,153,3,15
23259,3662,159,37,16
23260,5629,111,60,60
23261,3343,199,28,13
23262,5702,211,49,15
23263,4674,40,15,45
23264,911,134,10,45
23265,4493,2,47,29
23266,427,6,,10
23267,2180,48,23,60
23268,2237,206,32,29
23269,2771,128,56,11
23270,171,142,8,31
23271,4392,109,8,47
23272,2513,15,15,47
23273,4509,164,3,50
23274,5471,122,27,12
23275,3013,87,32,54
23276,2129,126,37,26
23277,2345,196,7,18
23278,4092,27,4,49
23279,5920,193,27,3
23280,4233,126,,50
23281,4823,136,50,41
23282,5932,26,-4,22
23283,3271,65,59,28
23284,29,128,4,54
23285,3001,10,0,46
23286,4314,15,20,29
23287,5474,37,35,40
23288,571,215,48,52
23289,5239,47,34,17
23290,3940,22,49,58
23291,4894,124,50,50
23292,2545,70,44,9
23293,5870,95,29,1
23294,4002,219,20,26
23295,668,8,15,53
23296,2952,24,32,14
23297,4149,153,4,49
23298,2795,176,23,40
23299,2197,202,49,16
23300,5835,69,46,28
23301,2055,177,53,51
23302,2924,108,30,15
23303,2389,75,11,50
23304,1932,63,11,22
23305,1154,6,12,29
23306,2221,141,33,19
23307,3478,158,60,16
23308,1152,97,44,16
23309,3274,161,60,51
23310,1036,213,55,35
23311,4842,166,49,16
23312,5782,35,3,14
23313,1248,181,34,8
23314,2079,50,18,15
23315,803,110,20,11
23316,4941,75,36,48
23317,1453,64,39,36
23318,1092,66,53,16
23319,93,10,18,2
23320,4149,160,50,38
23321,2559,117,0,38
23322,3901,9,15,28
23323,73,30,45,20
23324,282,202,42,56
23325,5667,36,5,55
23326,978,19,28,23
23327,608,202,24,44
23328,74,122,13,18
23329,1173,34,22,49
23330,3563,66,8,734
23331,1614,111,53,15
23332,2641,109,26,37
23333,4103,70,46,32
23334,2012,2,58,802
23335,686,131,25,32
23336,2583,158,41,26
23337,3206,145,26,9
23338,672,24,28,49
23339,5642,83,53,6
23340,3487,78,14,20
23341,3674,101,59,46
23342,229,166,4,40
23343,1737,203,2,34
23344,5432,51,16,23
23345,542,176,15,55
23346,1930,30,-1,22
23347,850,130,56,6
23348,75,201,49,41
23349,3058,160,7,3
23350,3982,2,9,15
23351,4326,81,49,55
23352,2479,50,34,28
23353,1338,109,6,6
23354,5445,169,37,52
23355,640,1,14,57
23356,4965,6,3,40
23357,800,155,31,54
23358,4945,145,33,53
23359,2032,168,3,15
23360,941,134,58,52
23361,1471,158,24,16
23362,2179,29,32,22
23363,4031,144,14,38
23364,223,76,45,53
23365,978,213,52,16
23366,480,78,9,9
23367,4369,140,4,49
23368,1371,31,10,41
23369,5801,205,26,46
23370,5515,22,26,56
23371,4748,99,55,41
23372,2716,57,44,16
23373,3611,93,25,6
23374,1713,181,5,31
23375,3134,183,50,49
23376,2249,106,21,45
23377,4702,37,43,1
23378,1918,156,55,10
23379,1539,103,33,59
23380,310,71,46,58
23381,5055,109,55,13
23382,4197,132,14,778
23383,2639,168,29,23
23384,2950,36,28,26
23385,2330,143,26,28
23386,188,58,8,30
23387,2064,74,19,30
23388,1199,127,6,54
23389,5454,170,13,0
23390,3972,155,5,40
23391,5896,78,14,38
23392,2722,132,36,750
23393,2408,29,4,27
23394,5490,51,19,22
23395,5436,9,13,4
23396,783,217,14,28
23397,1407,46,6,11
23398,5766,71,1,22
23399,5279,111,52,18
23400,1696,64,40,32
23401,4837,160,23,42
23402,3792,210,34,51
23403,250,188,54,41
23404,521,207,45,47
23405,2909,27,47,34
23406,3212,203,40,58
23407,2984,183,,8
23408,2386,175,58,26
23409,1823,49,2,27
23410,1352,37,0,31
23411,2462,130,19,12
23412,5189,163,28,39
23413,4217,135,33,27
23414,1772,77,21,49
23415,5758,119,23,39
23416,799,136,30,42
23417,3512,174,46,60
23418,1580,150,2,724
23419,5718,118,53,18
23420,1406,143,7,40
23421,4581,220,57,14
23422,2855,29,0,34
23423,1156,37,31,60
23424,1026,45,49,56
23425,3885,75,2,40
23426,2185,108,13,53
23427,3948,81,19,58
23428,1809,103,31,4
23429,814,126,,27
23430,864,194,54,29
23431,3283,14,60,57
23432,4303,143,39,32
23433,1317,153,21,45
23434,776,129,55,22
23435,3880,130,5,25
23436,776,15,24,6
23437,1519,74,40,4
23438,2361,81,3,18
23439,2143,192,38,4
23440,1473,146,7,53
23441,3865,208,42,15
23442,2518,207,18,10
23443,2776,3,38,20
23444,3333,21,27,57
23445,5381,7,35,18
23446,540,43,32,16
23447,3248,187,5,0
23448,3530,9,20,8
23449,494,103,38,33
23450,3061,28,11,43
23451,3567,141,18,28
23452,1712,197,28,681
23453,5153,138,59,6
23454,892,57,11,15
23455,3401,174,0,47
23456,770,206,7,52
23457,578,34,51,0
23458,2518,24,25,28
23459,3139,51,45,60
23460,1445,17,39,56
23461,337,17,41,26
23462,4673,171,40,27
23463,76,42,2,60
23464,1804,86,52,42
23465,5522,212,57,24
23466,5711,162,50,30
23467,276,91,9,37
23468,5782,116,50,57
23469,364,31,28,41
23470,1589,30,45,44
23471,2056,112,45,46
23472,3745,29,30,18
23473,3285,63,45,28
23474,4276,49,39,25
23475,1891,94,58,45
23476,5652,188,41,43
23477,5570,7,38,14
23478,1745,167,55,4
23479,19,9,18,42
23480,4700,199,25,21
23481,136,4,40,60
23482,3838,7,4,49
23483,4696,107,37,25
23484,2198,143,47,22
23485,2899,110,31,12
23486,544,28,38,60
23487,3451,207,40,60
23488,2390,179,21,42
23489,4731,189,57,30
23490,1506,180,43,52
23491,4862,39,2,55
23492,4546,60,26,49
23493,1295,2,28,11
23494,4857,168,23,29
23495,1219,84,21,36
23496,1174,199,17,33
23497,1415,55,56,14
23498,1944,99,48,33
23499,1134,202,33,43
23500,1945,70,51,46
23501,5350,73,20,23
23502,1510,119,43,17
23503,3230,25,47,51
23504,3494,209,42,4
23505,5701,111,25,16
23506,1731,104,-1,42
23507,2016,198,7,52
23508,4234,188,40,18
23509,2596,80,35,4
23510,5717,78,48,28
23511,2850,28,28,25
23512,5022,194,34,54
23513,2845,127,3,34
23514,271,127,21,30
23515,1167,128,51,3
23516,4472,69,-10,37
23517,3863,97,-6,60
23518,436,146,11,44
23519,5931,60,47,27
23520,5574,178,13,57
23521,1614,76,26,32
23522,5421,54,46,36
23523,3011,79,57,47
23524,1598,91,53,25
23525,4090,91,49,42
23526,5811,181,29,44
23527,4337,214,32,18
23528,3074,156,30,12
23529,1193,174,48,26
23530,4058,123,24,34
23531,2660,68,9,36
23532,3773,197,57,29
23533,2352,24,0,38
23534,3039,71,56,8
23535,1852,161,3,19
23536,3878,72,36,30
23537,1817,191,22,26
23538,4553,24,-10,34
23539,4937,174,53,48
23540,4290,124,51,23
23541,1542,185,55,35
23542,2490,25,25,17
23543,177,163,6,41
23544,2444,195,18,16
23545,4650,149,15,6
23546,5608,105,56,34
23547,5961,38,6,39
23548,5733,70,26,44
23549,3102,180,28,19
23550,3667,151,25,514
23551,2804,213,50,2
23552,4581,137,3,9
23553,1067,87,37,28
23554,3551,135,30,43
23555,2797,191,22,24
23556,964,10,47,43
23557,1295,115,14,8
23558,4138,162,53,3
23559,1383,185,16,7
23560,1586,165,41,44
23561,5230,57,17,23
23562,5463,193,52,28
23563,3282,58,32,42
23564,805,142,41,46
23565,5254,8,9,20
23566,2632,65,59,28
23567,3106,85,60,2
23568,1300,170,19,34
23569,903,137,56,55
23570,5608,53,36,55
23571,2563,68,1,2
23572,2573,66,56,12
23573,1323,125,44,59
23574,1193,153,52,47
23575,2965,10,14,11
23576,3647,126,22,58
23577,5671,31,27,15
23578,4790,177,1,49
23579,1688,139,30,32
23580,1262,35,12,21
23581,1095,38,6,0
23582,270,192,34,9
23583,4622,58,50,33
23584,482,46,18,6
23585,3542,39,41,5
23586,131,215,54,24
23587,641,212,19,11
23588,2982,74,7,2
23589,5000,37,33,17
23590,3720,158,0,711
23591,4469,38,54,8
23592,489,76,24,58
23593,2743,52,39,36
23594,4948,139,-5,39
23595,5491,94,25,9
23596,692,204,14,19
23597,932,43,5,45
23598,1527,4,43,39
23599,2371,75,19,0
23600,5776,20,12,6
23601,365,160,6,54
23602,1750,200,5,33
23603,2621,188,58,21
23604,318,50,18,39
23605,3027,207,55,7
23606,5813,37,4,43
23607,553,97,1,32
23608,4754,152,48,51
23609,3206,199,32,0
23610,5900,41,19,22
23611,5038,134,33,38
23612,570,209,58,59
23613,4971,77,40,11
23614,3789,52,10,54
23615,2195,24,53,14
23616,3063,50,3,17
23617,5427,193,41,58
23618,1124,118,14,6
23619,4445,141,45,26
23620,5753,163,50,41
23621,476,73,20,8
23622,3327,214,23,25
23623,4240,24,38,53
23624,2365,70,30,12
23625,3201,58,21,40
23626,1029,3,37,41
23627,2237,199,-5,16
23628,5052,165,8,43
23629,1094,99,41,46
23630,3226,167,6,50
23631,709,17,14,28
23632,5949,46,15,38
23633,199,49,45,59
23634,5577,9,52,20
23635,178,139,42,36
23636,1541,36,24,15
23637,4452,6,47,33
23638,4418,81,20,22
23639,784,156,31,51
23640,3910,161,12,38
23641,2781,23,28,27
23642,5173,211,8,37
23643,3657,192,31,10
23644,2710,89,42,49
23645,4591,77,58,23
23646,1252,193,38,14
23647,3096,142,42,1
23648,2995,72,36,2
23649,3189,207,39,38
23650,1984,220,44,43
23651,3491,141,20,20
23652,874,75,,10
23653,2649,60,,18
23654,3256,219,32,13
23655,5545,142,13,51
23656,5907,144,45,53
23657,77,173,22,42
23658,2768,92,-4,40
23659,1592,8,40,60
23660,3976,57,45,38
23661,2155,152,27,34
23662,5807,114,4,8
23663,3235,192,,14
23664,5887,31,44,55
23665,2028,165,54,43
23666,2208,58,6,19
23667,4964,187,22,27
23668,2990,156,51,50
23669,1659,67,20,9
23670,1166,47,52,40
23671,871,11,26,47
23672,3948,218,5,17
23673,3026,77,32,30
23674,1223,102,53,17
23675,5580,197,29,52
23676,4233,175,28,49
23677,2893,98,31,8
23678,4861,111,34,52
23679,496,211,17,13
23680,5485,125,59,52
23681,4652,192,43,28
23682,4537,26,19,3
23683,4608,171,3,12
23684,4663,162,45,31
23685,2078,73,18,27
23686,5689,214,25,55
23687,650,58,28,9
23688,5969,102,19,54
23689,958,203,18,57
23690,329,71,53,25
23691,87,192,56,18
23692,908,68,32,7
23693,2337,156,56,50
23694,501,56,47,50
23695,3340,157,54,28
23696,3236,144,8,25
23697,4705,186,44,22
23698,5845,175,22,57
23699,5197,157,56,9
23700,669,60,31,57
23701,2454,63,49,26
23702,4319,89,53,52
23703,4909,50,60,54
23704,3372,25,24,54
23705,4060,11,51,30
23706,2525,154,20,53
23707,1657,184,21,41
23708,5513,24,6,20
23709,2460,9,27,49
23710,1624,163,60,5
23711,4018,107,41,27
23712,2253,201,20,1
23713,1165,142,33,58
23714,807,211,22,28
23715,2249,59,4,58
23716,4325,13,60,3
23717,1798,79,17,54
23718,1792,136,19,8
23719,2095,121,54,8
23720,3641,4,54,5
23721,662,53,22,54
23722,4441,170,26,59
23723,4152,110,-7,16
23724,2479,146,39,23
23725,370,94,16,49
23726,2302,154,19,49
23727,489,168,42,12
23728,4404,205,54,27
23729,3072,46,37,10
23730,3287,185,58,5
23731,2152,159,58,51
23732,4193,173,21,39
23733,5290,52,,36
23734,3720,108,27,8
23735,1289,45,25,743
23736,1266,142,15,13
23737,2641,86,55,6
23738,1960,79,17,59
23739,3527,64,2,2
23740,4208,44,38,55
23741,831,219,43,56
23742,3852,82,0,40
23743,5690,118,12,42
23744,809,213,53,34
23745,1749,32,46,16
23746,880,93,34,55
23747,5042,35,45,50
23748,266,175,36,1
23749,460,8,11,15
23750,5206,140,21,29
23751,100,44,43,33
23752,765,46,57,53
23753,4981,181,6,11
23754,1839,156,34,55
23755,4399,83,34,31
23756,1707,113,53,33
23757,1887,127,33,3
23758,5668,32,47,24
23759,1024,105,8,40
23760,690,24,7,21
23761,3970,193,19,47
23762,2703,85,32,45
23763,534,186,58,5
23764,2254,108,13,25
23765,659,147,4,56
23766,560,213,30,6
23767,2328,199,52,53
23768,2045,213,,19
23769,3087,45,18,28
23770,112,44,25,50
23771,3438,218,56,57
23772,12,53,4,49
23773,4725,65,36,47
23774,4285,112,22,59
23775,500,12,17,55
23776,1331,96,45,34
23777,5284,208,33,56
23778,793,209,18,13
23779,578,126,45,35
23780,101,85,56,22
23781,3318,144,8,5
23782,4278,55,9,24
23783,4869,108,21,57
23784,3993,56,12,9
23785,620,32,22,26
23786,2111,127,17,35
23787,4295,114,48,60
23788,732,165,16,2
23789,1225,180,2,34
23790,3606,135,33,9
23791,5836,64,46,41
23792,2373,136,35,44
23793,2859,183,52,5
23794,4505,81,28,56
23795,3717,162,29,17
23796,4076,39,34,34
23797,2757,141,30,50
23798,5498,12,16,31
23799,958,203,42,8
23800,4466,210,12,17
23801,2343,89,10,5
23802,2837,54,20,60
23803,4193,1,15,4
23804,3359,136,-6,10
23805,4189,76,18,48
23806,517,95,44,48
23807,1604,170,19,52
23808,1823,66,22,59
23809,4683,156,60,41
23810,3279,53,0,21
23811,5278,20,58,1
23812,1580,121,38,29
23813,4921,200,41,18
23814,816,161,49,21
23815,377,94,57,9
23816,2414,90,27,9
23817,3912,64,33,0
23818,2055,148,20,6
23819,1232,204,22,19
23820,5760,69,37,30
23821,5898,15,24,15
23822,2506,104,40,47
23823,4719,133,46,40
23824,1056,201,56,42
23825,64,151,1,23
23826,4833,24,30,52
23827,1721,19,55,55
23828,1695,103,20,47
23829,1925,93,0,54
23830,4655,186,58,54
23831,4950,46,36,22
23832,5840,111,26,21
23833,2668,8,58,29
23834,2815,66,29,27
23835,201,174,14,34
23836,254,66,21,25
23837,3560,163,22,12
23838,760,184,37,5
23839,1343,138,23,50
23840,1140,11,35,6
23841,2027,23,54,22
23842,4967,97,20,6
23843,4836,158,36,0
23844,3037,18,8,5
23845,996,180,17,5
23846,4866,7,32,44
23847,3024,89,47,0
23848,4995,186,1,49
23849,3982,56,44,31
23850,552,41,,4
23851,5191,3,53,14
23852,4979,173,48,24
23853,3368,164,59,826
23854,1858,195,47,17
23855,3583,125,21,42
23856,1736,110,14,40
23857,1196,57,49,45
23858,823,141,20,27
23859,3154,186,42,534
23860,4956,36,12,17
23861,3192,167,13,11
23862,2839,6,37,53
23863,5584,197,38,38
23864,2327,39,-6,33
23865,1652,30,24,38
23866,3640,47,20,60
23867,1830,63,15,35
23868,3239,132,3,33
23869,2734,81,45,42
23870,4919,14,,5
23871,1862,144,58,59
23872,70,56,32,13
23873,3898,54,21,57
23874,4545,35,0,55
23875,4460,189,0,40
23876,4436,172,14,14
23877,3753,186,32,28
23878,3830,215,31,55
23879,2936,27,44,41
23880,3732,202,57,53
23881,3552,67,33,38
23882,741,213,48,30
23883,165,99,60,12
23884,4980,61,24,1
23885,3516,23,45,7
23886,5608,36,5,58
23887,5993,80,33,18
23888,5251,127,52,58
23889,2985,159,18,40
23890,5455,7,20,6
23891,1748,1,14,15
23892,1335,81,4,5
23893,5427,77,53,42
23894,2688,2,15,12
23895,3007,169,33,10
23896,4279,86,-2,19
23897,2400,31,34,49
23898,2691,187,35,31
23899,3606,4,40,47
23900,657,31,13,7
23901,4315,64,3,34
23902,1069,120,48,28
23903,1191,54,46,47
23904,963,220,57,47
23905,2641,114,12,50
23906,2319,108,49,37
23907,5002,82,31,23
23908,1714,8,,32
23909,5436,14,17,7
23910,5323,73,25,44
23911,3940,16,6,0
23912,385,191,7,24
23913,4910,62,58,22
23914,2768,46,31,34
23915,512,72,12,38
23916,4591,132,40,16
23917,1300,126,40,40
23918,325,44,9,2
23919,3181,90,12,36
23920,3620,45,19,8
23921,5320,186,26,11
23922,1284,117,35,29
23923,5966,121,28,56
23924,3173,112,41,34
23925,2464,105,55,5
23926,60,80,35,51
23927,1754,215,51,42
23928,786,23,45,53
23929,4302,123,38,7
23930,3408,34,30,20
23931,5303,2,17,10
23932,2930,140,17,56
23933,792,173,18,37
23934,4045,166,8,57
23935,1653,173,9,51
23936,684,160,-4,30
23937,2670,210,17,55
23938,5832,112,56,47
23939,1538,29,6,16
23940,4473,6,50,14
23941,320,18,35,21
23942,1374,147,30,37
23943,2780,95,,43
23944,5153,120,44,22
23945,4336,63,55,28
23946,1735,3,35,57
23947,5512,25,2,41
23948,4891,133,0,16
23949,1006,71,21,54
23950,2494,94,44,55
23951,302,23,29,4
23952,3778,195,39,15
23953,4594,162,21,38
23954,5735,42,2,13
23955,3482,49,25,29
23956,278,63,43,28
23957,3487,54,16,28
23958,5362,120,17,11
23959,104,106,27,48
23960,5568,6,27,60
23961,5027,134,35,6
23962,4489,7,34,34
23963,892,92,22,13
23964,5621,69,0,2
23965,3652,102,42,41
23966,1740,73,7,13
23967,5570,169,13,53
23968,5482,149,49,46
23969,376,145,35,59
23970,4938,171,17,53
23971,5159,46,20,42
23972,2842,24,22,59
23973,560,157,45,6
23974,2471,59,59,34
23975,2367,80,33,23
23976,4327,109,35,25
23977,491,58,28,40
23978,608,138,8,0
23979,1472,195,12,43
23980,5390,126,4,56
23981,4444,113,49,28
23982,4227,214,33,53
23983,1717,14,37,0
23984,3783,171,14,36
23985,2738,96,47,32
23986,2204,22,8,42
23987,783,111,42,6
23988,4214,166,31,46
23989,5757,66,58,15
23990,1945,145,4,32
23991,5105,74,52,20
23992,4699,177,57,43
23993,4323,136,51,56
23994,2360,116,41,39
23995,5069,212,21,47
23996,2039,154,9,7
23997,5249,109,1,16
23998,1587,40,19,44
23999,4369,44,56,43
24000,2106,205,-5,33
24001,5421,63,22,46
24002,705,85,3,60
24003,931,204,45,12
24004,3865,162,38,9
24005,2931,21,11,22
24006,1438,136,12,46
24007,2896,128,34,51
24008,1503,76,34,29
24009,2877,206,41,6
24010,3509,186,48,51
24011,622,77,50,35
24012,3859,11,20,11
24013,100,82,25,12
24014,1256,108,20,20
24015,4626,33,14,37
24016,828,62,27,21
24017,388,75,40,33
24018,4303,181,30,34
24019,2937,84,9,57
24020,2865,98,5,49
24021,4362,11,40,54
24022,3645,35,19,27
24023,4643,135,19,48
24024,4019,74,28,11
24025,296,214,34,53
24026,1045,164,,11
24027,1547,114,3,10
24028,4894,123,28,34
24029,5129,83,27,7
24030,1427,110,21,28
24031,2343,134,10,8
24032,4085,160,37,1
24033,1631,179,7,56
24034,4755,28,36,56
24035,703,63,36,21
24036,5608,132,25,29
24037,3577,48,7,1
24038,4107,119,1,22
24039,3397,24,31,3
24040,4798,28,56,55
24041,2521,170,31,50
24042,1069,64,59,37
24043,5648,150,42,50
24044,4943,161,12,54
24045,4504,157,17,3
24046,5280,99,58,34
24047,1736,77,43,31
24048,3208,106,10,34
24049,5337,143,30,5
24050,4576,170,54,25
24051,5418,190,26,43
24052,714,206,27,34
24053,3343,73,54,54
24054,265,6,59,53
24055,1099,58,13,12
24056,3606,91,15,29
24057,893,88,56,14
24058,5223,45,54,40
24059,3984,117,12,0
24060,2879,48,10,4
24061,4495,171,51,37
24062,5917,35,50,28
24063,2773,99,14,51
24064,3449,103,16,0
24065,2546,50,8,13
24066,5077,198,10,16
24067,3007,117,17,37
24068,1090,2,8,42
24069,5746,103,6,18
24070,5491,136,6,23
24071,5665,157,48,869
24072,3577,184,22,16
24073,1029,22,31,17
24074,262,12,42,17
24075,5132,107,42,11
24076,2240,164,55,15
24077,5606,150,31,32
24078,5228,169,30,46
24079,4796,32,11,29
24080,4641,150,33,15
24081,1846,101,6,20
24082,1815,169,48,38
24083,4072,143,27,58
24084,2789,198,2,816
24085,849,137,8,20
24086,1330,136,8,38
24087,2920,17,9,6
24088,3250,151,54,58
24089,490,167,48,26
24090,3685,26,38,28
24091,3016,73,23,43
24092,4042,114,42,623
24093,4508,208,10,3
24094,368,190,29,6
24095,1168,89,15,56
24096,2302,89,35,38
24097,2107,184,31,42
24098,3929,138,44,12
24099,4180,47,49,60
24100,3076,3,1,41
24101,3323,173,-2,10
24102,276,69,55,49
24103,1719,118,52,38
24104,810,193,43,24
24105,3068,4,21,50
24106,2507,26,25,59
24107,4115,77,5,1
24108,3904,144,54,638
24109,499,16,18,31
24110,5408,69,35,11
24111,1320,115,21,9
24112,4045,135,2,7
24113,3806,129,37,25
24114,4116,181,33,30
24115,1241,20,8,1
24116,5318,124,58,12
24117,4771,179,55,50
24118,4947,10,20,37
24119,4394,10,33,40
24120,4790,57,28,0
24121,3453,87,41,14
24122,1895,106,16,30
24123,4420,159,5,28
24124,3338,126,57,20
24125,4318,56,58,19
24126,5061,141,13,35
24127,241,81,43,60
24128,15,15,52,51
24129,4021,192,8,28
24130,5767,220,37,48
24131,732,187,39,10
24132,5862,120,48,24
24133,2615,78,54,27
24134,2937,15,12,33
24135,5976,88,29,59
24136,3471,92,10,47
24137,129,120,56,34
24138,1859,43,34,30
24139,4074,182,23,28
24140,1523,205,6,52
24141,3555,11,17,21
24142,5043,191,26,42
24143,3205,109,13,47
24144,3468,183,40,33
24145,805,143,27,56
24146,4135,29,32,30
24147,5293,4,7,13
24148,303,61,31,38
24149,2170,69,13,55
24150,3523,40,24,38
24151,4908,111,28,45
24152,5089,104,20,1
24153,4263,137,20,35
24154,5878,98,24,9
24155,726,46,4,12
24156,401,67,22,16
24157,2143,91,31,5
24158,5962,8,48,56
24159,5418,62,50,27
24160,2314,167,12,60
24161,1028,42,35,35
24162,3301,65,37,15
24163,238,45,16,48
24164,2114,119,27,13
24165,660,149,2,56
24166,1173,108,42,33
24167,4388,10,22,16
24168,3705,33,-7,60
24169,1241,83,43,38
24170,2200,203,34,55
24171,5400,180,,60
24172,417,161,16,15
24173,1759,42,35,43
24174,2803,55,6,32
24175,5934,160,54,24
24176,2724,209,53,29
24177,5649,91,19,35
24178,4640,184,45,13
24179,1309,142,0,44
24180,4198,20,42,4
24181,1244,86,7,23
24182,1266,69,17,10
24183,5160,75,28,57
24184,5578,218,8,23
24185,1100,109,39,51
24186,4032,1,5,0
24187,182,74,32,10
24188,4854,164,53,42
24189,5185,179,50,0
24190,1781,88,42,9
24191,1615,93,59,25
24192,1576,102,29,21
24193,1081,198,43,51
24194,5053,120,52,54
24195,4255,64,53,21
24196,3103,30,,18
24197,650,118,34,10
24198,726,46,27,56
24199,2661,176,5,14
24200,5155,13,17,43
24201,5827,124,45,60
24202,2368,10,,13
24203,5461,23,57,5
24204,1639,190,10,56
24205,5930,197,56,7
24206,4993,75,36,17
24207,4970,46,43,7
24208,2723,88,36,43
24209,1085,7,41,21
24210,5179,179,6,27
24211,4444,76,4,26
24212,3528,56,56,45
24213,3087,197,57,6
24214,4166,111,5,7
24215,4665,22,28,38
24216,886,1,59,37
24217,882,93,53,45
24218,3549,77,57,53
24219,1486,23,58,44
24220,2264,97,30,44
24221,5105,134,25,7
24222,2816,16,-1,50
24223,2149,20,12,28
24224,5933,72,45,48
24225,1534,59,11,4
24226,786,165,60,16
24227,1395,73,-8,52
24228,1658,83,8,56
24229,535,65,48,4
24230,1620,6,42,30
24231,4474,192,12,3
24232,1824,26,53,52
24233,4850,194,60,5
24234,50,205,13,33
24235,5745,144,11,17
24236,1807,103,27,7
24237,5270,31,53,874
24238,2841,109,4,55
24239,5658,36,49,15
24240,2241,99,56,35
24241,413,211,54,6
24242,5404,128,16,36
24243,2081,30,29,59
24244,4722,18,48,52
24245,2998,215,18,0
24246,3111,18,21,19
24247,1725,59,54,0
24248,1387,51,8,43
24249,741,113,23,48
24250,3914,90,11,18
24251,293,118,3,4
24252,1206,117,27,0
24253,4739,165,22,48
24254,91,13,27,22
24255,4837,29,50,10
24256,1236,94,1,56
24257,2236,104,1,21
24258,1123,149,27,55
24259,4335,16,42,34
24260,2692,127,28,32
24261,4159,146,50,31
24262,1341,146,22,34
24263,5264,5,9,7
24264,5018,87,36,58
24265,4873,13,3,19
24266,3689,176,24,21
24267,1616,76,46,58
24268,5957,93,20,45
24269,5652,125,41,11
24270,346,193,15,1
24271,4399,182,58,2
24272,3527,26,56,32
24273,975,159,54,39
24274,2377,101,26,17
24275,3458,121,52,39
24276,976,193,12,34
24277,541,22,18,33
24278,936,65,59,7
24279,3080,165,0,14
24280,1119,192,31,58
24281,3361,177,1,49
24282,4760,24,31,54
24283,1325,124,31,54
24284,4270,45,22,17
24285,5015,30,50,49
24286,5725,184,2,44
24287,2052,88,5,46
24288,1577,201,57,0
24289,3961,169,56,30
24290,3584,112,26,10
24291,1977,61,42,37
24292,1694,11,15,54
24293,2975,56,23,22
24294,1101,84,21,28
24295,132,153,15,25
24296,1157,98,44,39
24297,2229,3,35,52
24298,4505,27,9,22
24299,545,78,55,45
24300,4129,63,4,4
24301,4784,31,20,47
24302,997,9,57,13
24303,282,2,,55
24304,4140,14,59,30
24305,5227,37,21,2
24306,5207,7,20,54
24307,5391,26,8,2
24308,4496,29,37,1
24309,3856,113,25,3
24310,2933,7,23,58
24311,2917,169,,32
24312,762,170,60,32
24313,1417,57,8,37
24314,2414,110,50,31
24315,5451,136,29,19
24316,5594,196,43,4
24317,2072,8,49,54
24318,1025,52,30,19
24319,1703,198,56,54
24320,1471,4,42,32
24321,5294,52,12,16
24322,1875,63,53,47
24323,1541,134,43,47
24324,1539,21,31,50
24325,586,61,28,49
24326,2366,154,50,53
24327,971,13,44,25
24328,1336,43,43,60
24329,2178,133,26,0
24330,951,200,8,28
24331,3354,13,51,2
24332,111,65,46,53
24333,3853,72,12,56
24334,4833,30,32,14
24335,149,103,29,52
24336,2989,86,56,16
24337,4593,21,19,35
24338,322,26,56,11
24339,4442,27,22,49
24340,298,46,37,37
24341,2199,33,38,45
24342,2969,97,10,45
24343,5920,135,46,7
24344,1488,115,24,9
24345,1863,175,19,676
24346,4563,193,15,19
24347,3400,185,6,4
24348,1289,172,54,30
24349,4666,85,25,30
24350,1859,142,52,20
24351,936,152,46,6
24352,447,143,49,6
24353,3548,4,1,13
24354,3604,67,56,59
24355,5056,164,57,11
24356,5281,2,,21
24357,4744,113,15,55
24358,2160,139,45,1
24359,5484,46,5,26
24360,2992,189,52,56
24361,4707,126,52,20
24362,1618,183,12,1
24363,1473,56,36,45
24364,5075,167,36,38
24365,1289,121,17,43
24366,3915,184,6,0
24367,5454,67,32,46
24368,465,187,25,56
24369,5447,77,60,58
24370,3287,121,13,5
24371,4411,32,38,5
24372,3457,192,56,11
24373,59,208,16,22
24374,2858,53,9,56
24375,2439,30,,39
24376,4130,206,50,41
24377,3427,90,28,17
24378,1018,145,47,2
24379,175,27,25,7
24380,4252,7,54,25
24381,5308,132,17,28
24382,190,122,3,54
24383,5511,191,11,59
24384,85,56,49,46
24385,5611,208,17,49
24386,1452,121,21,59
24387,773,215,29,6
24388,520,90,13,60
24389,2501,210,33,56
24390,2335,38,30,1
24391,2760,83,,47
24392,4512,101,44,20
24393,703,90,52,15
24394,4796,85,48,9
24395,4612,219,14,46
24396,3240,99,4,31
24397,536,218,17,39
24398,1178,77,26,18
24399,531,36,6,9
24400,2026,109,57,58
24401,304,23,58,29
24402,4348,13,38,6
24403,5762,56,40,15
24404,597,101,32,37
24405,1253,118,57,16
24406,660,135,51,52
24407,391,76,14,59
24408,986,120,33,27
24409,3490,205,24,6
24410,5740,43,24,35
24411,866,203,50,60
24412,3979,109,45,29
24413,5488,114,40,37
24414,1611,80,49,59
24415,5265,213,39,824
24416,4037,93,16,28
24417,2696,161,36,1
24418,4535,76,22,59
24419,3566,111,6,8
24420,5468,47,13,8
24421,4413,191,54,31
24422,3314,176,8,9
24423,3535,31,19,4
24424,730,109,19,59
24425,270,212,52,26
24426,622,126,6,604
24427,380,65,49,48
24428,17,126,38,26
24429,2676,144,15,34
24430,2012,49,59,13
24431,5446,143,51,28
24432,2339,56,22,53
24433,946,79,0,7
24434,933,8,51,28
24435,2234,202,48,6
24436,3571,155,50,8
24437,4962,156,8,16
24438,5585,4,6,25
24439,2066,195,7,11
24440,2216,184,35,27
24441,4990,64,37,16
24442,670,122,18,14
24443,2386,121,26,12
24444,2654,120,12,59
24445,2334,34,57,43
24446,2948,16,2,54
24447,3448,139,37,26
24448,5238,126,8,40
24449,2547,153,-4,60
24450,5010,64,31,36
24451,2287,93,25,41
24452,590,207,8,5
24453,2004,131,37,37
24454,127,202,39,34
24455,4221,118,0,58
24456,2402,135,43,57
24457,529,31,49,39
24458,3182,209,39,21
24459,702,49,46,8
24460,3627,186,15,3
24461,1937,104,4,51
24462,5835,78,30,39
24463,2410,176,21,38
24464,5521,154,16,2
24465,945,135,5,1
24466,7,174,1,6
24467,1498,103,3,30
24468,2349,67,46,47
24469,5700,164,51,49
24470,1271,22,5,21
24471,3127,218,33,27
24472,4570,220,55,20
24473,4882,195,5,22
24474,705,112,0,27
24475,65,114,29,56
24476,5693,175,18,35
24477,1400,28,40,19
24478,5493,203,53,677
24479,2089,163,49,42
24480,376,196,34,16
24481,3717,124,41,40
24482,3319,49,20,56
24483,3146,34,43,725
24484,1943,169,23,25
24485,3325,178,51,22
24486,1383,141,57,32
24487,2797,212,38,29
24488,1811,142,26,32
24489,2931,178,53,17
24490,3645,45,4,10
24491,3972,120,1,0
24492,5100,141,2,2
24493,3312,172,9,51
24494,2779,192,12,50
24495,309,56,59,23
24496,5211,119,36,40
24497,4751,74,43,9
24498,2370,34,10,20
24499,3661,197,8,49
24500,2593,67,1,58
24501,4417,112,3,34
24502,1336,88,7,20
24503,4993,142,1,53
24504,1220,49,54,34
24505,2411,140,14,6
24506,1492,21,26,59
24507,4170,42,28,23
24508,5839,144,5,54
24509,818,155,49,1
24510,1921,9,29,31
24511,88,188,22,565
24512,5477,125,0,32
24513,4041,207,36,25
24514,4885,193,8,3
24515,936,76,47,2
24516,176,24,23,52
24517,1472,203,32,46
24518,5847,117,-8,0
24519,4099,123,9,10
24520,5335,117,11,35
24521,4869,139,45,57
24522,1921,90,43,7
24523,5087,121,30,17
24524,4005,147,6,19
24525,120,173,51,10
24526,1914,195,11,12
24527,4912,40,15,37
24528,2475,101,41,15
24529,27,205,47,34
24530,4184,167,24,4
24531,1329,153,0,3
24532,5651,26,46,25
24533,4212,217,24,1
24534,2946,92,13,20
24535,1320,67,13,10
24536,4786,82,34,5
24537,4892,123,52,19
24538,1993,134,51,14
24539,4901,1,35,57
24540,4075,192,49,40
24541,1617,30,18,7
24542,2258,153,3,18
24543,2450,156,56,31
24544,5674,189,60,1
24545,3893,168,3,34
24546,3638,32,23,57
24547,5045,77,53,14
24548,1789,136,20,59
24549,5455,7,57,3
24550,596,24,56,45
24551,3370,75,20,598
24552,2776,146,40,0
24553,3982,214,39,48
24554,4232,95,42,58
24555,1286,19,7,3
24556,342,147,55,36
24557,5011,35,8,58
24558,3257,52,16,0
24559,5735,15,42,655
24560,1688,108,55,13
24561,5856,36,20,8
24562,4531,1,39,17
24563,5679,154,55,34
24564,4045,52,18,53
24565,3947,120,26,10
24566,5337,128,24,30
24567,2439,43,27,32
24568,4271,128,7,16
24569,3783,6,14,18
24570,4461,198,16,9
24571,831,79,2,42
24572,5675,19,14,19
24573,4253,142,32,46
24574,4796,3,17,57
24575,5957,161,14,41
24576,3743,111,57,30
24577,3716,109,29,57
24578,1845,89,7,3
24579,3670,210,53,5
24580,2166,216,2,41
24581,2580,43,20,27
24582,247,163,54,50
24583,2116,72,32,25
24584,606,181,19,47
24585,1444,216,60,7
24586,627,202,32,7
24587,3564,138,21,41
24588,1205,65,46,9
24589,4571,112,37,47
24590,3139,60,12,24
24591,3060,188,40,10
24592,4568,208,44,14
24593,2060,118,8,5
24594,1983,28,26,22
24595,507,161,36,15
24596,4390,123,57,27
24597,5235,182,40,9
24598,2525,95,,26
24599,421,17,21,44
24600,2092,110,21,7
24601,4097,217,36,32
24602,1323,192,13,18
24603,4549,156,55,20
24604,2622,9,16,17
24605,4244,110,59,3
24606,4058,171,52,27
24607,5925,4,9,4
24608,889,57,44,16
24609,3934,57,56,6
24610,3879,74,0,618
24611,3458,214,40,40
24612,2847,130,-7,53
24613,2096,81,26,25
24614,3402,142,-5,50
24615,50,140,44,46
24616,2313,90,15,34
24617,4342,17,40,54
24618,1263,101,8,35
24619,3683,90,15,59
24620,1101,45,37,39
24621,3218,113,44,32
24622,4871,31,43,38
24623,4259,108,48,3
24624,1531,158,36,25
24625,4941,121,48,6
24626,873,174,5,24
24627,1465,140,40,7
24628,897,68,17,31
24629,4147,76,34,13
24630,5210,43,27,39
24631,1796,19,23,4
24632,308,105,18,36
24633,4179,182,4,27
24634,2365,70,-6,54
24635,5573,200,37,51
24636,2218,114,58,28
24637,1096,37,1,7
24638,3769,1,43,10
24639,2482,48,29,27
24640,3473,110,39,56
24641,5683,212,34,4
24642,2993,71,46,45
24643,1707,113,48,58
24644,1750,129,10,22
24645,2649,26,36,46
24646,3656,37,53,11
24647,2220,56,8,53
24648,792,137,23,45
24649,1664,192,58,25
24650,2364,216,17,21
24651,3147,28,33,51
24652,3583,3,36,43
24653,192,128,19,55
24654,4234,158,,52
24655,1138,168,25,29
24656,634,220,20,24
24657,5081,8,28,44
24658,654,13,33,52
24659,2872,124,35,49
24660,2523,12,28,18
24661,202,192,26,31
24662,3113,135,52,30
24663,5870,191,13,25
24664,5670,194,2,50
24665,4715,32,16,33
24666,5926,130,14,45
24667,1633,36,16,39
24668,3852,55,29,26
24669,4587,48,42,8
24670,3124,108,21,43
24671,3170,124,54,50
24672,5468,217,29,38
24673,210,37,34,22
24674,1217,85,35,7
24675,4639,74,19,526
24676,3641,5,17,0
24677,2588,19,,30
24678,5138,2,59,4
24679,4243,196,8,29
24680,5137,87,59,3
24681,4058,200,39,56
24682,1413,205,8,53
24683,705,43,,14
24684,5830,187,40,45
24685,1704,70,-8,34
24686,3629,128,23,32
24687,527,163,4,8
24688,2267,119,60,52
24689,4493,98,60,27
24690,5475,200,39,48
24691,1491,148,50,22
24692,318,218,26,59
24693,4199,53,3,50
24694,655,91,54,5
24695,1164,68,20,34
24696,241,41,58,31
24697,4737,39,5,49
24698,2025,8,25,24
24699,4652,52,36,52
24700,627,82,58,22
24701,448,165,41,8
24702,3071,110,27,60
24703,4321,49,31,714
24704,2482,22,29,44
24705,170,204,25,26
24706,355,41,18,11
24707,4474,12,15,33
24708,780,112,46,29
24709,437,6,7,26
24710,3473,137,20,19
24711,4413,193,26,29
24712,5407,102,31,36
24713,5204,3,18,14
24714,827,102,10,15
24715,2319,115,54,15
24716,773,62,47,42
24717,5238,94,9,18
24718,4974,180,32,26
24719,1155,210,39,24
24720,525,97,28,20
24721,1797,97,33,59
24722,2569,195,40,681
24723,746,145,31,13
24724,1495,37,22,37
24725,1716,176,25,12
24726,3196,151,57,39
24727,4680,52,37,18
24728,5825,6,48,7
24729,1343,118,-6,10
24730,2462,84,3,11
24731,895,216,17,30
24732,2683,75,20,29
24733,2013,154,37,21
24734,4133,37,43,6
24735,464,106,15,0
24736,1049,142,0,51
24737,3107,146,9,10
24738,1955,30,45,56
24739,1583,95,58,18
24740,937,33,12,707
24741,3042,31,55,6
24742,690,6,12,50
24743,4271,153,34,11
24744,1371,46,52,12
24745,2670,193,40,12
24746,1982,23,12,43
24747,3378,34,37,15
24748,1534,69,20,39
24749,424,164,-8,55
24750,4304,19,51,17
24751,3514,65,29,58
24752,707,99,6,32
24753,5592,202,35,54
24754,4047,55,8,39
24755,4468,199,23,53
24756,2293,88,46,42
24757,4385,31,9,51
24758,241,83,54,40
24759,119,169,44,32
24760,3202,77,3,3
24761,5642,12,-2,24
24762,294,144,36,33
24763,80,110,14,55
24764,2335,87,,45
24765,2492,182,10,21
24766,1571,38,21,48
24767,2922,98,42,44
24768,1306,73,19,1
24769,4164,189,18,19
24770,1463,26,42,14
24771,1880,155,9,1
24772,2259,167,35,11
24773,5037,27,50,26
24774,5718,8,19,30
24775,2200,145,52,24
24776,3440,144,19,5
24777,4854,180,5,42
24778,73,202,19,58
24779,5821,143,13,57
24780,4050,100,20,40
24781,1908,78,19,28
24782,1650,208,24,15
24783,4932,205,5,32
24784,2664,54,29,17
24785,5104,197,29,14
24786,4050,129,45,48
24787,620,104,23,28
24788,3606,163,14,41
24789,2493,152,14,27
24790,3779,114,36,17
24791,3644,62,40,59
24792,3202,25,43,9
24793,4360,197,6,7
24794,5684,208,15,16
24795,814,144,53,4
24796,2827,9,16,43
24797,5685,166,13,2
24798,92,207,36,59
24799,2537,217,33,14
24800,1764,195,53,58
24801,863,179,51,11
24802,869,97,57,41
24803,2580,52,8,3
24804,3200,150,43,15
24805,2908,102,16,33
24806,3603,34,15,32
24807,5456,184,25,9
24808,2316,91,41,9
24809,4695,158,55,41
24810,597,207,10,35
24811,5122,167,23,60
24812,5850,138,35,47
24813,4380,102,6,48
24814,1101,177,29,25
24815,1892,173,30,38
24816,418,136,39,34
24817,4378,195,49,8
24818,1144,104,50,50
24819,2062,175,2,5
24820,1695,132,29,40
24821,2422,190,46,24
24822,4555,166,44,20
24823,1824,75,53,2
24824,1702,202,49,27
24825,3851,114,48,9
24826,4927,123,15,25
24827,2840,178,34,11
24828,1586,127,40,43
24829,2575,218,18,31
24830,3773,66,9,47
24831,2388,44,10,36
24832,3807,137,21,57
24833,844,35,9,16
24834,5858,153,36,44
24835,1114,96,7,56
24836,733,22,16,1
24837,334,1,2,22
24838,3984,218,37,14
24839,1216,3,7,49
24840,5683,54,40,44
24841,3821,129,58,21
24842,4187,158,59,60
24843,1165,139,26,51
24844,1521,172,57,11
24845,5444,178,50,15
24846,146,212,19,1
24847,2465,149,9,10
24848,5355,116,50,55
24849,3680,183,8,1
24850,1354,95,39,50
24851,3109,91,49,7
24852,1401,188,52,15
24853,3856,152,12,28
24854,5191,55,37,30
24855,891,13,28,35
24856,4354,8,26,9
24857,4919,71,27,27
24858,5092,90,8,25
24859,1311,91,13,7
24860,1948,114,51,59
24861,223,66,60,41
24862,4053,12,27,48
24863,953,179,54,47
24864,1106,219,10,879
24865,2066,3,0,28
24866,2523,131,25,53
24867,2794,145,39,30
24868,3748,6,27,27
24869,4875,44,33,59
24870,945,211,0,54
24871,3083,14,54,25
24872,538,11,19,30
24873,3427,142,21,14
24874,1734,206,48,12
24875,3886,14,42,22
24876,5760,168,25,25
24877,3723,123,49,47
24878,972,68,33,30
24879,2357,191,13,42
24880,4718,129,45,5
24881,3257,106,59,44
24882,5991,170,14,27
24883,1715,12,55,57
24884,2884,57,2,28
24885,4900,60,47,11
24886,941,83,55,58
24887,3095,193,45,17
24888,4267,213,47,20
24889,4162,143,2,40
24890,4831,190,36,16
24891,498,201,25,0
24892,111,165,35,52
24893,1630,18,23,12
24894,1795,13,47,59
24895,4909,59,54,56
24896,5241,148,30,26
24897,3042,88,54,46
24898,1018,110,51,5
24899,5394,100,38,38
24900,4489,200,31,3
24901,4839,195,-4,50
24902,4376,117,60,53
24903,3949,50,27,53
24904,2051,122,58,23
24905,3514,77,15,51
24906,5978,11,44,36
24907,1926,200,11,15
24908,2414,171,15,14
24909,3711,164,2,4
24910,4077,51,11,26
24911,1275,98,-3,45
24912,2479,185,38,18
24913,624,103,56,16
24914,781,211,36,10
24915,5733,11,2,56
24916,1764,124,47,30
24917,5385,177,0,40
24918,5388,120,56,19
24919,5385,169,60,30
24920,3452,176,48,9
24921,4636,208,23,58
24922,579,82,37,10
24923,5489,86,8,27
24924,174,198,,13
24925,311,2,52,57
24926,2183,157,43,17
24927,5586,185,9,9
24928,992,79,52,57
24929,2670,67,60,667
24930,3454,18,30,50
24931,4152,135,19,49
24932,1408,26,43,8
24933,5216,64,59,36
24934,4462,200,32,19
24935,1869,175,42,7
24936,809,194,55,36
24937,5644,132,15,865
24938,5010,19,19,60
24939,1236,216,12,30
24940,1629,35,10,12
24941,257,141,41,31
24942,2249,116,10,56
24943,3008,203,3,26
24944,5917,26,30,43
24945,4613,97,57,20
24946,1627,141,49,767
24947,5292,179,11,32
24948,91,62,26,57
24949,2000,166,25,54
24950,5887,144,48,11
24951,3951,132,15,30
24952,4782,95,32,41
24953,1614,181,30,35
24954,4977,58,6,38
24955,2481,41,,52
24956,201,150,52,57
24957,3515,15,4,42
24958,3352,34,29,48
24959,3059,180,28,1
24960,2300,59,0,1
24961,1209,49,9,51
24962,2645,50,12,32
24963,2928,4,39,19
24964,2040,84,28,49
24965,3915,117,25,13
24966,3920,25,48,25
24967,3518,186,45,52
24968,305,179,,13
24969,1430,109,51,0
24970,3647,50,23,39
24971,5970,198,16,7
24972,4752,205,40,52
24973,5504,88,17,53
24974,5863,10,57,37
24975,3849,67,60,40
24976,135,101,43,14
24977,329,137,6,32
24978,3541,217,-1,33
24979,4271,25,23,46
24980,4048,50,40,45
24981,2917,67,49,45
24982,820,137,0,37
24983,3813,173,24,38
24984,3282,114,32,24
24985,4315,90,47,5
24986,5804,157,4,25
24987,865,174,49,26
24988,4908,69,2,59
24989,1553,215,53,40
24990,3247,193,55,30
24991,2496,138,35,28
24992,3319,1,50,7
24993,2498,211,2,6
24994,951,105,8,23
24995,1379,27,48,29
24996,4530,168,55,26
24997,4819,56,3,2
24998,3789,28,29,21
24999,4286,16,56,25
25000,968,96,0,15
