trip_id,route_id,vehicle_id,scheduled_time,actual_time
1,31,49,12-Mar-2026 06:48,2026-03-12 06:48
2,3,17,02-Apr-2026 10:32,02-Apr-2026 10:32
3,29,13,06-Apr-2026 17:54,
4,10,53,30-Apr-2026 04:46,
5,17,44,04/24/2026 11:03,24-Apr-2026 11:11
6,35,49,02/27/2026 03:30,27-Feb-2026 15:52
7,3,80,2026-01-13 10:56,13-Jan-2026 11:01
8,6,56,01/18/2026 10:06,2026-01-18 22:06
9,20,4,2026-01-09 08:56,
10,23,48,2026-03-20 09:41,03/20/2026 10:11
11,12,22,2026-02-01 20:53,02/01/2026 09:23
12,32,75,2026-01-27 01:17,2026-01-27 01:39
13,1,60,02/22/2026 08:40,22-Feb-2026 09:02
14,38,39,27-Apr-2026 07:33,27-Apr-2026 07:55
15,13,50,2026-03-29 23:10,03/29/2026 11:18
16,19,3,2026-04-30 19:50,
17,4,78,01-Apr-2026 10:14,04/01/2026 10:16
18,23,29,2026-04-26 21:25,04/26/2026 09:25
19,3,40,2026-03-22 05:59,2026-03-22 05:59
20,19,42,2026-03-17 15:21,17-Mar-2026 15:18
21,24,68,02-Apr-2026 08:22,02-Apr-2026 08:27
22,31,38,03-Mar-2026 15:52,2026-03-03 15:52
23,15,87,14-Mar-2026 08:19,2026-03-14 08:27
24,26,2,02/18/2026 03:26,02/18/2026 03:31
25,24,14,2026-02-12 13:35,2026-02-12 13:32
26,40,29,2026-04-28 21:38,04/28/2026 09:43
27,8,18,09-Jan-2026 06:07,2026-01-09 06:29
28,16,69,2026-01-25 16:43,2026-01-25 16:40
29,10,54,2026-04-30 05:23,30-Apr-2026 05:38
30,18,5,2026-03-09 10:52,09-Mar-2026 10:54
31,7,88,03/08/2026 08:54,2026-03-08 21:02
32,18,25,23-Jan-2026 05:43,01/23/2026 05:43
33,39,3,01/10/2026 04:58,01/10/2026 04:58
34,14,9,2026-04-11 21:22,2026-04-11 21:24
35,10,77,2026-01-01 12:23,01/01/2026 12:23
36,12,15,2026-01-05 16:38,01/05/2026 04:40
37,2,23,2026-02-18 07:24,2026-02-18 07:21
38,5,61,03/23/2026 02:32,2026-03-23 14:32
39,15,79,01/08/2026 09:27,2026-01-08 21:24
40,2,8,29-Mar-2026 04:42,2026-03-29 04:42
41,29,10,2026-01-15 16:58,2026-01-15 16:58
42,38,71,2026-03-01 04:45,2026-03-01 04:50
43,39,56,01/19/2026 01:19,01/19/2026 01:16
44,14,56,24-Mar-2026 04:52,2026-03-24 05:14
45,7,41,2026-03-19 16:33,03/19/2026 04:33
46,31,9,17-Jan-2026 14:34,01/17/2026 02:34
47,24,17,2026-04-12 06:49,2026-04-12 06:46
48,8,53,06-Mar-2026 08:53,06-Mar-2026 09:08
49,4,37,2026-04-20 07:13,2026-04-20 07:10
50,31,29,2026-01-20 16:48,01/20/2026 04:48
51,37,29,20-Mar-2026 02:49,03/20/2026 03:19
52,36,4,21-Apr-2026 20:44,2026-04-21 20:49
53,18,90,26-Feb-2026 05:58,26-Feb-2026 05:58
54,37,85,2026-03-14 23:03,2026-03-14 23:03
55,34,28,2026-03-10 11:37,2026-03-10 11:45
56,21,73,2026-04-19 12:56,
57,11,80,01/10/2026 01:24,2026-01-10 01:39
58,29,54,2026-02-19 17:29,2026-02-19 17:37
59,19,87,2026-04-18 23:26,2026-04-18 23:26
60,39,8,2026-01-02 09:35,01/02/2026 09:35
61,19,42,2026-01-22 20:13,2026-01-22 20:13
62,35,30,04/02/2026 01:40,2026-04-02 01:48
63,3,56,2026-01-04 09:52,
64,21,74,03/20/2026 03:34,2026-03-20 03:49
65,26,3,2026-03-01 02:56,01-Mar-2026 03:18
66,24,12,21-Mar-2026 12:01,2026-03-21 12:31
67,6,51,02/26/2026 11:36,2026-02-26 11:36
68,8,68,2026-04-03 20:00,04/03/2026 08:08
69,10,31,2026-01-19 17:09,2026-01-19 17:39
70,5,23,2026-04-25 07:33,2026-04-25 08:03
71,37,83,26-Apr-2026 15:39,2026-04-26 15:47
72,5,61,03/22/2026 12:02,2026-03-22 12:32
73,33,10,2026-02-26 12:11,
74,24,37,01/14/2026 11:14,01/14/2026 11:14
75,33,50,03/26/2026 05:37,2026-03-26 05:37
76,37,84,2026-02-04 06:25,04-Feb-2026 06:25
77,29,14,04-Mar-2026 12:30,2026-03-04 12:30
78,29,57,04/06/2026 09:41,06-Apr-2026 09:49
79,25,53,03/03/2026 02:20,
80,22,9,2026-03-02 00:26,2026-03-02 00:31
81,39,20,2026-03-02 16:28,2026-03-02 16:36
82,26,17,04/19/2026 07:46,2026-04-19 07:43
83,22,17,2026-04-06 19:50,2026-04-06 19:47
84,24,40,02-Feb-2026 19:34,2026-02-02 19:56
85,9,20,2026-01-15 01:08,01/15/2026 01:05
86,34,5,03-Mar-2026 07:20,2026-03-03 07:50
87,11,24,24-Apr-2026 17:31,2026-04-24 17:53
88,24,87,13-Feb-2026 05:47,2026-02-13 06:09
89,16,40,27-Mar-2026 09:09,27-Mar-2026 09:39
90,30,37,03/11/2026 12:25,11-Mar-2026 12:25
91,39,18,2026-02-15 12:16,02/15/2026 12:24
92,7,67,2026-01-23 16:43,2026-01-23 16:48
93,33,19,2026-03-21 15:20,21-Mar-2026 15:42
94,2,54,2026-01-10 16:40,10-Jan-2026 16:55
95,24,29,2026-01-06 03:09,01/06/2026 03:17
96,9,5,22-Feb-2026 05:23,02/22/2026 05:23
97,31,58,2026-04-23 00:29,
98,17,28,01/28/2026 05:15,2026-01-28 05:12
99,19,31,2026-02-24 19:44,2026-02-24 20:14
100,8,64,04/19/2026 03:11,2026-04-19 15:41
101,10,38,2026-03-20 03:22,2026-03-20 03:52
102,6,68,2026-03-07 15:30,03/07/2026 03:27
103,33,71,2026-01-04 16:50,04-Jan-2026 17:05
104,17,3,03/07/2026 12:10,03/07/2026 12:10
105,22,18,2026-01-09 01:42,09-Jan-2026 01:42
106,30,90,03/29/2026 02:44,03/29/2026 02:44
107,30,5,2026-02-23 10:04,2026-02-23 10:04
108,20,66,14-Mar-2026 11:52,2026-03-14 11:57
109,13,37,06-Mar-2026 23:38,
110,22,35,01/23/2026 03:50,01/23/2026 04:05
111,25,44,2026-02-04 00:13,2026-02-04 00:10
112,6,55,2026-01-15 08:50,01/15/2026 08:50
113,21,14,2026-01-15 13:49,01/15/2026 02:11
114,28,22,2026-03-22 19:27,
115,23,79,2026-03-21 04:17,2026-03-21 04:17
116,26,47,04-Apr-2026 09:42,2026-04-04 09:42
117,39,87,2026-03-21 18:24,
118,24,47,11-Mar-2026 16:42,
119,10,87,23-Mar-2026 21:44,03/23/2026 09:44
120,34,47,2026-03-14 11:02,2026-03-14 11:02
121,12,64,2026-04-05 06:03,04/05/2026 06:08
122,29,28,2026-04-22 09:19,2026-04-22 09:41
123,9,10,2026-03-24 07:00,24-Mar-2026 07:00
124,21,86,03/05/2026 05:55,05-Mar-2026 06:00
125,11,90,2026-04-27 02:09,2026-04-27 02:11
126,13,18,02/13/2026 02:18,
127,36,74,2026-03-09 03:47,03/09/2026 03:47
128,6,9,2026-02-26 07:18,02/26/2026 07:40
129,27,74,2026-01-14 10:13,2026-01-14 10:13
130,34,45,24-Jan-2026 08:42,2026-01-24 09:12
131,9,56,02-Apr-2026 13:02,
132,8,67,2026-01-28 20:32,2026-01-28 20:34
133,34,37,2026-01-15 08:32,2026-01-15 08:29
134,20,79,2026-04-08 02:48,08-Apr-2026 03:18
135,10,22,04/30/2026 10:02,30-Apr-2026 22:10
136,37,6,2026-01-06 03:57,2026-01-06 04:27
137,14,74,03/17/2026 08:05,
138,35,38,27-Apr-2026 20:32,2026-04-27 20:47
139,5,89,2026-01-11 21:45,2026-01-11 22:07
140,39,19,26-Feb-2026 21:41,26-Feb-2026 21:49
141,9,48,04/04/2026 05:58,2026-04-04 18:20
142,29,32,2026-01-26 15:30,26-Jan-2026 15:45
143,27,32,30-Jan-2026 01:44,2026-01-30 01:52
144,11,64,2026-04-04 16:52,2026-04-04 17:14
145,26,65,25-Mar-2026 05:40,2026-03-25 05:48
146,19,64,19-Apr-2026 18:35,2026-04-19 18:57
147,1,14,2026-03-20 10:45,03/20/2026 10:53
148,24,6,2026-03-14 22:10,03/14/2026 10:18
149,5,50,2026-04-02 19:07,04/02/2026 07:37
150,8,17,2026-01-18 14:24,01/18/2026 02:32
151,24,19,02/06/2026 05:41,2026-02-06 05:41
152,9,43,03/28/2026 05:49,2026-03-28 05:46
153,40,41,2026-01-30 13:58,01/30/2026 02:03
154,33,66,2026-04-07 21:49,07-Apr-2026 22:11
155,24,43,20-Jan-2026 22:52,01/20/2026 10:52
156,17,84,04/16/2026 07:23,2026-04-16 07:53
157,34,81,04/23/2026 07:40,2026-04-23 19:42
158,8,25,2026-01-04 10:44,01/04/2026 10:59
159,27,65,22-Apr-2026 07:35,04/22/2026 07:35
160,34,27,2026-04-13 02:33,2026-04-13 02:30
161,12,59,2026-04-08 01:16,04/08/2026 01:21
162,13,32,02/20/2026 06:59,02/20/2026 07:04
163,14,89,2026-03-31 00:29,2026-03-31 00:34
164,37,87,2026-04-09 21:14,09-Apr-2026 21:22
165,10,38,2026-01-08 15:47,08-Jan-2026 15:55
166,17,62,2026-02-08 22:55,02/08/2026 10:52
167,9,14,04/23/2026 01:56,04/23/2026 01:56
168,34,29,2026-04-27 03:13,04/27/2026 03:21
169,7,88,2026-01-26 00:36,2026-01-26 00:36
170,31,62,2026-04-29 10:14,2026-04-29 10:22
171,4,12,04/29/2026 05:56,29-Apr-2026 17:56
172,12,54,02-Feb-2026 00:01,
173,26,64,03-Feb-2026 22:00,03-Feb-2026 22:05
174,1,39,04/14/2026 09:27,2026-04-14 09:35
175,35,68,31-Mar-2026 21:56,2026-03-31 21:53
176,13,15,2026-03-02 04:46,03/02/2026 04:51
177,1,44,02/23/2026 04:58,02/23/2026 04:58
178,26,55,2026-04-04 19:17,2026-04-04 19:17
179,9,62,28-Feb-2026 21:50,
180,25,31,03/23/2026 07:49,03/23/2026 07:54
181,37,2,02/17/2026 02:44,02/17/2026 02:44
182,30,40,2026-01-30 01:48,01/30/2026 01:53
183,19,48,2026-04-22 21:20,2026-04-22 21:42
184,39,48,03/17/2026 04:51,17-Mar-2026 16:48
185,14,32,19-Apr-2026 11:09,04/19/2026 11:31
186,24,10,2026-04-13 16:53,2026-04-13 16:50
187,35,20,2026-01-30 22:52,01/30/2026 10:52
188,38,63,17-Jan-2026 13:19,2026-01-17 13:19
189,33,54,03/25/2026 03:46,03/25/2026 03:51
190,26,33,01/01/2026 01:10,2026-01-01 13:10
191,5,70,11-Jan-2026 23:15,
192,31,5,2026-02-22 06:19,2026-02-22 06:34
193,25,58,2026-03-10 17:18,2026-03-10 17:15
194,23,16,02-Feb-2026 11:45,02/02/2026 11:45
195,15,1,05-Jan-2026 03:19,2026-01-05 03:16
196,25,30,2026-02-15 01:23,15-Feb-2026 01:25
197,8,5,03/18/2026 07:41,2026-03-18 07:41
198,5,13,2026-04-19 02:58,2026-04-19 02:58
199,3,52,2026-03-21 21:51,2026-03-21 21:51
200,19,30,2026-04-15 21:03,2026-04-15 21:11
201,10,85,2026-04-05 21:22,04/05/2026 09:22
202,38,23,04/24/2026 11:00,24-Apr-2026 23:00
203,25,68,02/28/2026 12:34,2026-02-28 00:39
204,35,61,13-Feb-2026 20:48,13-Feb-2026 20:48
205,4,72,17-Mar-2026 03:00,2026-03-17 03:00
206,17,27,03/02/2026 02:56,2026-03-02 03:04
207,13,7,2026-02-18 20:55,18-Feb-2026 20:55
208,13,76,2026-04-12 17:39,2026-04-12 17:47
209,1,28,04-Feb-2026 14:13,04-Feb-2026 14:35
210,39,27,14-Mar-2026 04:54,2026-03-14 04:59
211,35,84,2026-03-07 09:37,2026-03-07 09:59
212,31,41,2026-02-06 23:28,06-Feb-2026 23:58
213,10,3,02/17/2026 11:20,2026-02-17 11:35
214,13,43,2026-02-11 20:58,02/11/2026 09:20
215,22,33,30-Mar-2026 22:49,2026-03-30 23:11
216,23,22,01/26/2026 11:29,26-Jan-2026 11:26
217,4,68,07-Jan-2026 03:46,
218,4,1,2026-03-17 01:46,03/17/2026 01:46
219,1,28,2026-04-03 01:34,
220,40,62,2026-03-30 19:28,2026-03-30 19:43
221,34,36,08-Apr-2026 12:40,
222,28,23,20-Jan-2026 11:33,2026-01-20 11:35
223,34,33,2026-03-06 12:34,06-Mar-2026 12:42
224,30,73,14-Feb-2026 06:35,02/14/2026 06:35
225,3,12,2026-03-15 18:41,03/15/2026 06:41
226,11,11,01-Apr-2026 23:54,04/02/2026 12:02
227,7,68,2026-01-08 17:54,2026-01-08 18:24
228,3,10,21-Feb-2026 00:58,2026-02-21 00:58
229,21,3,02/07/2026 05:05,07-Feb-2026 17:20
230,20,21,2026-04-13 15:58,04/13/2026 04:13
231,35,43,03/11/2026 09:02,03/11/2026 09:02
232,23,7,2026-01-18 18:47,01/18/2026 06:55
233,40,77,14-Mar-2026 05:13,03/14/2026 05:18
234,29,63,2026-02-11 12:45,2026-02-11 13:00
235,38,85,2026-03-11 04:33,03/11/2026 04:35
236,6,35,2026-01-29 01:48,01/29/2026 01:48
237,21,47,2026-01-20 09:31,2026-01-20 09:53
238,18,14,2026-01-25 02:55,01/25/2026 02:52
239,27,14,2026-01-05 18:44,01/05/2026 07:14
240,21,50,2026-01-03 05:55,01/03/2026 05:55
241,36,32,04/15/2026 02:55,2026-04-15 02:55
242,20,35,2026-03-31 18:29,2026-03-31 18:34
243,31,10,2026-03-07 17:46,03/07/2026 06:08
244,13,59,2026-01-20 11:22,
245,26,43,2026-04-23 21:39,2026-04-23 22:01
246,39,18,2026-02-24 16:37,2026-02-24 16:39
247,12,51,2026-02-28 02:20,28-Feb-2026 02:42
248,16,42,2026-03-10 11:00,2026-03-10 11:08
249,37,26,18-Apr-2026 19:28,2026-04-18 19:25
250,30,27,03/21/2026 07:38,21-Mar-2026 19:38
251,27,87,2026-04-01 21:29,04/01/2026 09:34
252,28,49,2026-01-14 11:09,2026-01-14 11:39
253,33,89,03/18/2026 03:35,03/18/2026 03:43
254,35,77,27-Apr-2026 04:15,04/27/2026 04:17
255,23,22,04/28/2026 06:47,28-Apr-2026 19:02
256,22,56,2026-01-20 06:52,01/20/2026 06:49
257,36,75,2026-04-15 17:14,04/15/2026 05:36
258,38,89,2026-04-02 02:34,2026-04-02 02:56
259,27,11,22-Jan-2026 03:06,2026-01-22 03:14
260,30,27,2026-04-05 20:47,04/05/2026 09:09
261,29,41,2026-01-13 05:29,2026-01-13 05:29
262,22,83,01/20/2026 09:48,01/20/2026 09:50
263,36,21,03/02/2026 06:06,03/02/2026 06:08
264,12,24,04/27/2026 02:17,27-Apr-2026 14:47
265,29,76,2026-03-20 04:44,2026-03-20 04:46
266,5,74,01/19/2026 12:33,2026-01-19 12:41
267,30,15,02/17/2026 06:14,02/17/2026 06:22
268,40,51,2026-04-17 20:39,04/17/2026 09:01
269,20,79,2026-04-18 10:29,2026-04-18 10:29
270,8,24,03/09/2026 10:59,03/09/2026 11:14
271,37,50,2026-03-19 00:17,03/19/2026 12:17
272,32,37,2026-01-26 12:57,2026-01-26 13:27
273,23,2,2026-03-30 05:17,03/30/2026 05:14
274,32,53,2026-03-31 12:22,2026-03-31 12:44
275,37,4,2026-02-10 03:30,2026-02-10 03:27
276,30,73,04/01/2026 04:03,2026-04-01 04:03
277,35,47,09-Apr-2026 16:13,
278,29,70,09-Feb-2026 18:49,2026-02-09 18:51
279,3,58,2026-02-17 20:15,17-Feb-2026 20:37
280,8,31,08-Feb-2026 04:58,08-Feb-2026 05:06
281,40,81,2026-03-19 22:41,19-Mar-2026 22:43
282,4,73,03/05/2026 08:44,2026-03-05 20:44
283,19,38,2026-04-15 06:19,2026-04-15 06:19
284,27,8,20-Feb-2026 11:38,2026-02-20 11:38
285,21,32,2026-03-13 11:44,03/13/2026 11:49
286,25,58,01/14/2026 05:56,2026-01-14 17:56
287,18,89,2026-03-09 04:29,2026-03-09 04:59
288,6,59,04/26/2026 01:39,04/26/2026 01:39
289,26,28,20-Mar-2026 05:08,20-Mar-2026 05:16
290,22,71,2026-04-16 05:01,16-Apr-2026 05:09
291,4,6,01/19/2026 03:02,2026-01-19 03:02
292,11,57,2026-03-25 02:33,25-Mar-2026 02:35
293,9,84,2026-02-24 22:52,2026-02-24 22:57
294,24,33,2026-01-16 00:06,2026-01-16 00:06
295,20,90,2026-02-12 14:59,2026-02-12 14:59
296,31,10,01/25/2026 03:46,2026-01-25 04:08
297,22,16,03/18/2026 09:07,2026-03-18 21:09
298,7,14,2026-02-27 01:03,02/27/2026 01:18
299,9,83,2026-01-27 00:08,01/27/2026 12:38
300,29,45,02/08/2026 06:51,02/08/2026 07:06
301,29,28,16-Jan-2026 18:44,01/16/2026 06:44
302,25,45,2026-03-20 04:01,03/20/2026 04:06
303,16,71,04/20/2026 09:48,20-Apr-2026 09:48
304,20,27,04/05/2026 06:04,2026-04-05 06:19
305,4,31,2026-04-01 02:11,2026-04-01 02:41
306,1,47,2026-02-27 14:41,2026-02-27 15:11
307,35,88,02/01/2026 10:50,2026-02-01 10:50
308,5,2,2026-02-17 17:30,02/17/2026 05:45
309,33,54,03/19/2026 02:37,03/19/2026 02:34
310,10,36,2026-01-16 05:14,16-Jan-2026 05:16
311,10,69,2026-03-01 11:35,2026-03-01 11:35
312,28,31,2026-01-11 12:59,2026-01-11 12:59
313,39,8,02/26/2026 07:18,2026-02-26 07:18
314,9,90,2026-01-03 01:35,01/03/2026 01:32
315,17,22,2026-03-09 16:43,03/09/2026 04:48
316,8,4,02-Mar-2026 23:41,2026-03-02 23:41
317,37,81,2026-01-15 00:43,2026-01-15 00:43
318,37,22,2026-03-08 22:27,03/08/2026 10:57
319,8,30,2026-04-03 15:05,2026-04-03 15:05
320,31,47,11-Mar-2026 17:15,03/11/2026 05:15
321,27,29,2026-02-28 13:58,2026-02-28 14:06
322,5,74,2026-03-09 20:49,2026-03-09 20:49
323,34,6,2026-03-14 23:40,03/14/2026 11:45
324,20,42,01/16/2026 05:25,
325,13,38,04/13/2026 03:18,2026-04-13 15:20
326,38,64,02/05/2026 01:48,2026-02-05 13:50
327,27,4,02/12/2026 09:58,12-Feb-2026 09:58
328,1,85,10-Mar-2026 11:58,2026-03-10 11:58
329,16,54,31-Mar-2026 13:42,03/31/2026 01:42
330,6,6,12-Feb-2026 03:19,2026-02-12 03:27
331,6,75,01/18/2026 09:34,2026-01-18 09:49
332,37,8,03/21/2026 04:28,2026-03-21 04:33
333,21,51,2026-03-01 09:24,01-Mar-2026 09:24
334,9,75,2026-01-20 20:06,2026-01-20 20:28
335,8,69,07-Mar-2026 05:22,2026-03-07 05:27
336,8,12,29-Jan-2026 16:37,2026-01-29 17:07
337,21,19,01/17/2026 02:30,01/17/2026 02:45
338,20,34,2026-02-01 15:38,02/01/2026 04:00
339,36,32,2026-01-18 05:51,2026-01-18 05:51
340,4,29,2026-01-24 19:06,01/24/2026 07:06
341,17,10,04-Jan-2026 23:14,04-Jan-2026 23:36
342,6,43,2026-01-23 07:19,23-Jan-2026 07:19
343,28,51,2026-04-01 07:36,2026-04-01 07:36
344,12,36,2026-02-20 22:42,02/20/2026 11:12
345,16,83,2026-02-23 17:20,2026-02-23 17:42
346,18,50,2026-01-25 23:35,2026-01-25 23:32
347,35,3,03/11/2026 03:09,03/11/2026 03:06
348,23,73,2026-04-02 10:59,2026-04-02 10:59
349,15,4,2026-02-21 03:24,2026-02-21 03:21
350,38,30,2026-01-30 01:24,01/30/2026 01:29
351,4,29,15-Apr-2026 19:14,15-Apr-2026 19:22
352,12,23,02/13/2026 01:30,13-Feb-2026 01:38
353,2,90,06-Mar-2026 00:31,06-Mar-2026 01:01
354,32,70,2026-02-26 06:16,
355,4,30,2026-04-20 12:42,2026-04-20 12:42
356,40,26,2026-01-24 18:07,2026-01-24 18:15
357,10,76,01/26/2026 06:53,26-Jan-2026 19:01
358,24,85,03/14/2026 12:23,2026-03-14 00:31
359,11,56,27-Apr-2026 08:59,04/27/2026 08:59
360,36,89,04/22/2026 05:20,22-Apr-2026 17:50
361,25,40,2026-02-23 14:45,2026-02-23 15:15
362,37,5,02/03/2026 03:31,2026-02-03 04:01
363,37,14,2026-04-01 07:51,2026-04-01 07:53
364,21,22,26-Apr-2026 19:32,2026-04-26 19:40
365,17,27,02/15/2026 10:15,02/15/2026 10:15
366,4,50,03/21/2026 06:36,2026-03-21 18:51
367,25,45,2026-04-10 09:36,04/10/2026 10:06
368,15,21,2026-03-24 03:42,2026-03-24 03:47
369,17,14,2026-01-14 12:11,01/14/2026 12:11
370,36,12,03/03/2026 12:31,03/03/2026 12:53
371,28,84,01/31/2026 12:53,2026-01-31 00:53
372,14,25,03/16/2026 12:10,2026-03-16 12:07
373,19,39,2026-02-13 05:51,13-Feb-2026 05:48
374,10,7,2026-03-07 16:29,2026-03-07 16:59
375,7,4,2026-02-07 16:11,2026-02-07 16:11
376,8,40,2026-03-14 08:33,2026-03-14 08:38
377,35,50,2026-02-03 15:45,2026-02-03 15:45
378,17,57,2026-03-26 15:52,2026-03-26 16:22
379,7,11,04-Mar-2026 14:02,2026-03-04 14:32
380,4,50,2026-04-06 03:11,04/06/2026 03:33
381,16,61,2026-02-24 09:42,02/24/2026 09:42
382,34,74,2026-04-23 22:00,2026-04-23 22:22
383,11,28,2026-02-05 02:01,2026-02-05 02:16
384,10,77,2026-02-16 22:43,2026-02-16 22:43
385,36,51,2026-04-11 11:57,11-Apr-2026 12:19
386,1,90,04/24/2026 10:10,2026-04-24 10:10
387,10,73,04/18/2026 12:43,18-Apr-2026 00:43
388,37,13,22-Feb-2026 01:57,2026-02-22 02:12
389,32,74,2026-04-21 20:35,2026-04-21 20:50
390,39,88,2026-03-15 03:08,03/15/2026 03:16
391,4,61,18-Feb-2026 21:27,
392,20,40,21-Feb-2026 00:51,21-Feb-2026 00:51
393,15,18,24-Feb-2026 16:49,2026-02-24 16:57
394,27,78,2026-04-28 12:28,04/28/2026 12:43
395,34,48,01/11/2026 05:34,01/11/2026 05:39
396,26,18,06-Apr-2026 10:38,
397,13,26,2026-01-11 11:46,01/11/2026 11:54
398,18,48,03/26/2026 12:12,03/26/2026 12:12
399,16,48,03/30/2026 11:32,03/30/2026 11:54
400,23,45,30-Jan-2026 18:24,2026-01-30 18:24
401,25,7,30-Jan-2026 15:45,30-Jan-2026 15:47
402,15,87,2026-02-07 15:13,07-Feb-2026 15:13
403,1,61,01/25/2026 02:05,2026-01-25 02:05
404,39,40,2026-04-28 00:10,2026-04-28 00:18
405,14,60,02/25/2026 12:05,02/25/2026 12:20
406,1,66,03/10/2026 03:02,2026-03-10 03:07
407,7,62,2026-01-12 14:54,12-Jan-2026 15:02
408,17,84,2026-04-29 14:18,29-Apr-2026 14:20
409,39,52,02/28/2026 04:17,28-Feb-2026 04:39
410,17,54,2026-03-15 15:43,
411,37,25,03/04/2026 11:19,03/04/2026 11:16
412,31,86,03/07/2026 06:17,2026-03-07 06:14
413,7,61,01/24/2026 06:59,01/24/2026 06:56
414,12,88,03/03/2026 02:24,03/03/2026 02:26
415,20,54,2026-03-02 07:32,02-Mar-2026 07:54
416,31,7,04/26/2026 11:43,2026-04-26 11:43
417,13,65,22-Jan-2026 19:29,2026-01-22 19:34
418,10,18,2026-02-06 11:06,2026-02-06 11:28
419,12,11,2026-03-30 18:16,03/30/2026 06:24
420,1,58,2026-02-19 19:03,02/19/2026 07:33
421,32,12,01/24/2026 01:22,2026-01-24 13:37
422,31,50,2026-01-01 20:23,01-Jan-2026 20:31
423,21,68,2026-02-04 16:38,
424,16,29,2026-03-04 16:29,03/04/2026 04:26
425,11,9,2026-01-09 07:44,01/09/2026 07:41
426,22,56,2026-01-25 08:32,01/25/2026 08:40
427,11,52,2026-01-04 11:33,2026-01-04 11:33
428,2,76,2026-04-02 20:46,2026-04-02 20:46
429,17,69,2026-04-24 10:31,04/24/2026 10:31
430,2,7,2026-01-22 01:53,2026-01-22 01:50
431,10,27,2026-04-25 17:52,04/25/2026 05:52
432,18,80,04/21/2026 06:03,04/21/2026 06:03
433,40,16,2026-02-21 11:09,02/21/2026 11:11
434,17,67,2026-02-06 17:07,2026-02-06 17:07
435,32,27,2026-03-29 12:03,
436,6,15,04/15/2026 12:30,04/15/2026 12:30
437,5,13,02/16/2026 02:00,2026-02-16 14:05
438,4,13,01-Feb-2026 19:17,01-Feb-2026 19:25
439,21,55,2026-01-22 02:22,2026-01-22 02:22
440,9,85,2026-04-28 19:39,28-Apr-2026 20:01
441,18,12,09-Mar-2026 20:00,2026-03-09 20:15
442,30,35,03/12/2026 05:13,03/12/2026 05:28
443,11,15,01/25/2026 02:57,
444,11,14,17-Mar-2026 17:39,03/17/2026 06:09
445,12,79,03/11/2026 03:09,2026-03-11 03:09
446,32,15,2026-03-16 20:55,
447,21,2,04/06/2026 12:57,2026-04-06 13:27
448,22,67,04/06/2026 05:28,04/06/2026 05:43
449,16,62,03/04/2026 10:36,04-Mar-2026 22:36
450,36,79,2026-01-10 22:24,10-Jan-2026 22:21
451,32,22,01/14/2026 03:05,14-Jan-2026 15:13
452,4,65,02/10/2026 01:01,2026-02-10 13:03
453,29,74,2026-03-23 13:46,2026-03-23 13:54
454,32,84,2026-01-04 05:38,01/04/2026 05:35
455,6,78,04/23/2026 04:44,2026-04-23 16:41
456,30,44,08-Mar-2026 03:28,2026-03-08 03:50
457,40,77,03/28/2026 03:09,2026-03-28 03:31
458,15,1,2026-03-04 03:24,03/04/2026 03:29
459,24,90,2026-01-20 08:31,20-Jan-2026 08:31
460,27,14,02/16/2026 07:00,2026-02-16 07:15
461,13,44,01/20/2026 02:50,
462,38,16,2026-03-24 00:17,2026-03-24 00:14
463,32,1,04/07/2026 01:11,07-Apr-2026 13:26
464,31,66,02/02/2026 06:12,2026-02-02 06:12
465,39,78,02/28/2026 02:09,28-Feb-2026 14:39
466,16,36,14-Mar-2026 10:19,14-Mar-2026 10:41
467,9,53,04/20/2026 04:28,20-Apr-2026 16:33
468,36,41,04/11/2026 06:38,04/11/2026 07:08
469,23,87,25-Jan-2026 03:39,01/25/2026 03:39
470,21,15,03/06/2026 02:57,03/06/2026 03:12
471,35,37,18-Mar-2026 21:26,2026-03-18 21:26
472,4,86,2026-01-11 07:18,11-Jan-2026 07:18
473,17,19,01/12/2026 07:01,2026-01-12 06:58
474,29,14,23-Apr-2026 03:49,04/23/2026 03:51
475,36,50,02/13/2026 06:04,02/13/2026 06:09
476,4,49,2026-03-12 13:15,12-Mar-2026 13:23
477,4,2,2026-02-15 18:07,15-Feb-2026 18:29
478,24,76,04/10/2026 12:11,2026-04-10 12:13
479,12,88,2026-01-14 13:21,2026-01-14 13:18
480,3,55,02/20/2026 07:27,20-Feb-2026 19:57
481,1,43,03/26/2026 09:25,26-Mar-2026 21:25
482,39,7,04/24/2026 08:16,04/24/2026 08:38
483,36,46,01/14/2026 06:25,14-Jan-2026 06:27
484,34,9,2026-04-02 22:59,2026-04-02 23:14
485,15,28,2026-03-02 10:01,03/02/2026 10:31
486,36,84,2026-01-02 14:27,02-Jan-2026 14:29
487,40,80,14-Feb-2026 09:17,2026-02-14 09:25
488,8,50,02/16/2026 05:03,16-Feb-2026 17:00
489,24,66,2026-04-03 14:41,
490,13,42,2026-04-04 13:14,04/04/2026 01:11
491,5,27,04/25/2026 02:23,25-Apr-2026 14:38
492,14,69,03/21/2026 05:34,2026-03-21 05:34
493,22,5,2026-01-16 22:23,01/16/2026 10:28
494,37,30,2026-02-17 02:03,2026-02-17 02:18
495,2,50,01/22/2026 12:53,2026-01-22 13:23
496,38,6,2026-01-14 05:08,01/14/2026 05:13
497,20,78,2026-01-16 17:56,2026-01-16 18:11
498,2,61,01/29/2026 10:59,01/29/2026 11:14
499,35,38,2026-04-26 10:11,26-Apr-2026 10:19
500,1,71,2026-04-12 01:08,
501,37,77,03/13/2026 05:46,2026-03-13 17:51
502,23,28,17-Mar-2026 02:54,2026-03-17 02:54
503,15,79,2026-02-16 00:14,16-Feb-2026 00:44
504,36,60,04/28/2026 08:37,2026-04-28 08:37
505,13,75,30-Mar-2026 16:34,2026-03-30 16:36
506,40,9,2026-02-05 05:24,02/05/2026 05:54
507,38,20,04/13/2026 10:56,2026-04-13 23:11
508,21,32,02/10/2026 07:51,10-Feb-2026 07:56
509,9,87,02-Mar-2026 08:37,03/02/2026 08:45
510,32,71,2026-01-20 19:29,20-Jan-2026 19:34
511,9,69,2026-02-05 18:13,02/05/2026 06:13
512,2,65,2026-04-25 23:37,04/25/2026 11:52
513,14,5,2026-04-11 09:57,2026-04-11 09:54
514,10,47,2026-03-13 10:51,2026-03-13 10:56
515,33,66,2026-01-17 11:38,17-Jan-2026 11:40
516,40,88,01/31/2026 04:34,2026-01-31 04:34
517,37,85,01/27/2026 02:45,2026-01-27 14:53
518,32,30,2026-01-12 10:38,01/12/2026 10:40
519,24,50,27-Mar-2026 12:02,27-Mar-2026 12:02
520,21,14,04/05/2026 09:54,04/05/2026 09:59
521,37,23,03/10/2026 01:39,03/10/2026 01:39
522,25,29,2026-04-05 00:03,2026-04-05 00:11
523,31,78,01/02/2026 04:49,2026-01-02 04:49
524,33,83,2026-02-21 02:52,02/21/2026 03:00
525,8,85,2026-02-11 22:23,2026-02-11 22:23
526,31,62,02/08/2026 08:34,2026-02-08 08:49
527,3,17,04/15/2026 09:36,2026-04-15 09:33
528,37,19,2026-01-11 04:16,11-Jan-2026 04:13
529,39,73,2026-04-27 01:48,27-Apr-2026 01:53
530,14,58,21-Apr-2026 09:57,2026-04-21 09:57
531,27,77,01/26/2026 11:31,01/26/2026 11:31
532,33,34,01/31/2026 12:47,01/31/2026 01:09
533,5,30,2026-03-10 20:25,03/10/2026 08:27
534,33,88,18-Mar-2026 10:06,2026-03-18 10:06
535,40,77,08-Jan-2026 02:33,2026-01-08 02:33
536,9,78,09-Apr-2026 04:10,04/09/2026 04:25
537,24,6,2026-04-07 10:48,04/07/2026 11:10
538,25,45,18-Apr-2026 05:35,2026-04-18 06:05
539,9,33,03/28/2026 08:39,2026-03-28 20:39
540,35,53,2026-02-16 22:22,02/16/2026 10:22
541,8,67,2026-01-02 07:25,2026-01-02 07:33
542,7,20,03/19/2026 01:32,2026-03-19 13:29
543,24,79,20-Feb-2026 03:56,2026-02-20 03:58
544,36,62,2026-02-02 12:50,02-Feb-2026 12:55
545,37,45,03/14/2026 11:27,03/14/2026 11:27
546,29,90,2026-01-30 10:53,30-Jan-2026 11:01
547,40,90,2026-01-10 11:25,10-Jan-2026 11:25
548,10,61,2026-04-20 06:30,
549,15,48,01/15/2026 01:41,01/15/2026 01:56
550,34,37,2026-04-19 18:23,04/19/2026 06:23
551,29,2,06-Feb-2026 17:16,2026-02-06 17:13
552,3,77,04/03/2026 10:37,04/03/2026 10:37
553,24,31,2026-04-30 05:49,04/30/2026 05:54
554,23,86,2026-03-13 22:24,03/13/2026 10:24
555,5,12,2026-04-11 01:12,2026-04-11 01:42
556,18,29,21-Apr-2026 09:14,04/21/2026 09:29
557,17,23,03/16/2026 02:47,2026-03-16 02:44
558,8,66,16-Feb-2026 21:52,2026-02-16 22:22
559,29,49,2026-04-13 12:31,13-Apr-2026 12:39
560,30,88,25-Mar-2026 20:55,2026-03-25 21:17
561,5,49,04/26/2026 08:30,26-Apr-2026 08:32
562,27,46,04/05/2026 12:38,2026-04-05 00:43
563,6,52,2026-03-04 06:11,2026-03-04 06:33
564,14,74,2026-02-18 23:36,2026-02-18 23:38
565,13,31,14-Feb-2026 01:33,14-Feb-2026 01:35
566,40,46,01/29/2026 09:33,01/29/2026 09:33
567,32,79,01/02/2026 04:56,02-Jan-2026 04:56
568,24,80,2026-02-27 10:04,27-Feb-2026 10:34
569,32,24,2026-04-04 01:10,2026-04-04 01:40
570,34,55,29-Mar-2026 01:48,
571,23,51,2026-02-01 19:42,2026-02-01 19:39
572,1,2,2026-02-08 08:47,02/08/2026 08:55
573,17,24,2026-04-10 20:42,2026-04-10 21:12
574,12,64,2026-03-19 04:14,2026-03-19 04:22
575,26,36,2026-03-24 01:15,03/24/2026 01:45
576,7,35,02/12/2026 10:14,2026-02-12 22:16
577,10,61,2026-01-02 18:33,01/02/2026 06:30
578,21,63,2026-02-24 14:52,2026-02-24 14:52
579,11,8,09-Feb-2026 05:23,2026-02-09 05:23
580,22,34,2026-03-07 17:04,2026-03-07 17:09
581,27,16,05-Mar-2026 21:56,03/05/2026 09:58
582,35,23,2026-02-21 19:28,02/21/2026 07:50
583,29,11,03/11/2026 08:55,11-Mar-2026 08:55
584,22,54,04/25/2026 10:04,2026-04-25 22:04
585,22,30,2026-02-27 01:37,02/27/2026 01:42
586,26,35,03/22/2026 11:47,03/23/2026 12:17
587,29,53,2026-01-31 11:01,
588,16,85,15-Feb-2026 19:27,2026-02-15 19:27
589,26,14,2026-01-18 09:28,2026-01-18 09:25
590,26,68,2026-01-16 03:43,01/16/2026 03:43
591,25,40,2026-02-11 18:04,2026-02-11 18:04
592,11,4,01/07/2026 09:35,07-Jan-2026 09:43
593,30,70,02/19/2026 02:11,2026-02-19 14:08
594,39,59,04/25/2026 09:05,04/25/2026 09:20
595,35,40,2026-03-05 04:48,2026-03-05 04:48
596,24,53,2026-02-17 07:06,
597,34,18,2026-03-04 14:27,04-Mar-2026 14:49
598,31,39,01/02/2026 03:54,2026-01-02 16:24
599,1,71,2026-03-10 00:28,2026-03-10 00:43
600,11,83,12-Mar-2026 22:43,2026-03-12 22:43
601,16,67,22-Apr-2026 15:10,04/22/2026 03:15
602,35,35,2026-03-17 04:00,
603,9,38,01/21/2026 02:09,01/21/2026 02:14
604,32,25,2026-02-28 08:54,
605,35,3,03-Feb-2026 20:22,02/03/2026 08:22
606,1,30,2026-01-17 10:04,2026-01-17 10:12
607,32,48,03/26/2026 09:52,
608,6,19,2026-01-11 04:50,2026-01-11 04:47
609,13,33,11-Mar-2026 11:08,2026-03-11 11:10
610,29,32,2026-01-07 02:24,01/07/2026 02:24
611,14,61,03/12/2026 08:06,2026-03-12 20:14
612,3,71,2026-04-05 19:57,2026-04-05 20:02
613,4,86,09-Feb-2026 15:31,2026-02-09 15:46
614,11,36,2026-04-17 10:34,17-Apr-2026 10:34
615,38,89,03/28/2026 12:29,2026-03-28 12:29
616,32,12,2026-04-23 14:54,2026-04-23 14:54
617,10,90,04/08/2026 03:21,2026-04-08 15:23
618,36,83,05-Mar-2026 05:27,2026-03-05 05:29
619,25,46,2026-01-25 12:39,
620,29,72,02/23/2026 03:37,2026-02-23 16:07
621,23,42,2026-03-27 06:26,2026-03-27 06:23
622,34,20,2026-03-23 19:23,2026-03-23 19:31
623,33,49,03-Feb-2026 18:36,02/03/2026 06:44
624,16,42,01/12/2026 12:44,2026-01-12 12:59
625,32,71,01/29/2026 01:24,2026-01-29 01:32
626,34,85,2026-01-13 03:19,13-Jan-2026 03:19
627,13,14,2026-03-30 08:36,
628,25,85,03/31/2026 04:26,2026-03-31 04:31
629,15,78,2026-01-13 21:39,13-Jan-2026 22:01
630,6,60,2026-04-27 07:28,27-Apr-2026 07:43
631,4,79,02/18/2026 09:21,2026-02-18 09:26
632,14,67,2026-01-18 16:19,2026-01-18 16:34
633,34,85,02/15/2026 06:51,02/15/2026 06:48
634,27,14,04/27/2026 06:11,27-Apr-2026 06:26
635,11,24,2026-04-11 02:50,04/11/2026 02:50
636,39,57,06-Mar-2026 03:19,06-Mar-2026 03:27
637,27,82,20-Mar-2026 09:16,03/20/2026 09:18
638,14,49,11-Apr-2026 04:01,2026-04-11 04:23
639,26,1,07-Jan-2026 07:26,2026-01-07 07:23
640,20,1,24-Feb-2026 16:10,2026-02-24 16:18
641,18,71,04/04/2026 01:46,2026-04-04 01:46
642,30,46,2026-01-29 10:02,2026-01-29 10:32
643,17,39,01/17/2026 05:32,01/17/2026 05:34
644,21,62,2026-02-01 11:25,01-Feb-2026 11:55
645,7,77,2026-04-27 22:03,2026-04-27 22:33
646,4,43,05-Mar-2026 08:07,05-Mar-2026 08:07
647,15,84,20-Apr-2026 15:29,2026-04-20 15:44
648,34,6,02/28/2026 03:06,02/28/2026 03:03
649,10,7,13-Mar-2026 12:31,03/13/2026 01:01
650,15,56,02/22/2026 06:04,2026-02-22 18:12
651,37,7,2026-04-10 18:54,2026-04-10 18:51
652,9,18,03/29/2026 01:10,2026-03-29 13:40
653,40,68,2026-02-14 19:51,2026-02-14 20:06
654,37,12,01/21/2026 11:39,2026-01-21 11:47
655,23,77,2026-04-30 07:31,04/30/2026 07:39
656,29,80,2026-01-27 13:05,2026-01-27 13:07
657,24,20,2026-01-16 14:55,
658,40,19,2026-02-22 08:54,2026-02-22 08:54
659,31,3,2026-03-02 09:59,03/02/2026 10:01
660,17,71,03/29/2026 10:22,2026-03-29 22:22
661,34,6,2026-02-16 12:06,2026-02-16 12:36
662,30,84,2026-01-02 12:24,02-Jan-2026 12:32
663,2,38,2026-04-29 05:19,29-Apr-2026 05:16
664,7,41,30-Mar-2026 05:31,2026-03-30 05:31
665,30,72,2026-01-04 21:53,2026-01-04 21:58
666,26,21,2026-01-04 08:16,2026-01-04 08:21
667,33,36,01/12/2026 06:55,12-Jan-2026 06:55
668,18,29,2026-01-28 14:49,2026-01-28 14:49
669,25,67,22-Apr-2026 11:49,2026-04-22 12:04
670,10,55,26-Feb-2026 20:49,2026-02-26 20:46
671,9,75,04/09/2026 01:12,2026-04-09 13:12
672,34,18,20-Mar-2026 06:58,03/20/2026 06:58
673,37,21,2026-02-27 19:09,2026-02-27 19:09
674,10,4,28-Feb-2026 00:22,2026-02-28 00:37
675,18,20,2026-02-04 05:05,02/04/2026 05:35
676,39,73,2026-04-22 11:27,2026-04-22 11:27
677,31,18,02-Apr-2026 10:41,2026-04-02 10:49
678,25,63,2026-03-28 06:16,2026-03-28 06:16
679,1,35,2026-03-17 04:37,03/17/2026 04:39
680,5,23,21-Mar-2026 23:15,21-Mar-2026 23:23
681,16,55,03/15/2026 04:53,03/15/2026 05:08
682,26,79,04/15/2026 02:49,04/15/2026 02:49
683,29,59,08-Jan-2026 17:19,2026-01-08 17:16
684,3,72,03/12/2026 12:34,2026-03-12 12:34
685,29,51,02/25/2026 10:37,2026-02-25 10:37
686,40,7,05-Apr-2026 02:40,2026-04-05 03:02
687,33,15,02/02/2026 05:25,2026-02-02 17:22
688,27,42,2026-03-24 01:57,24-Mar-2026 01:59
689,6,33,02/28/2026 11:54,02/28/2026 11:54
690,8,12,01/21/2026 06:47,01/21/2026 06:47
691,25,66,22-Apr-2026 10:11,2026-04-22 10:26
692,11,43,13-Apr-2026 22:40,13-Apr-2026 22:40
693,12,7,2026-03-18 09:10,2026-03-18 09:32
694,12,16,24-Jan-2026 22:50,
695,17,2,2026-03-25 11:50,03/25/2026 11:50
696,32,31,02/09/2026 11:32,2026-02-09 11:47
697,39,77,2026-01-02 04:43,01/02/2026 05:13
698,14,7,2026-02-03 15:34,2026-02-03 15:34
699,3,86,16-Apr-2026 05:43,2026-04-16 05:43
700,27,23,01/30/2026 08:53,01/30/2026 09:23
701,36,23,03/24/2026 09:24,2026-03-24 21:24
702,20,42,09-Mar-2026 02:18,09-Mar-2026 02:33
703,5,38,2026-03-27 17:01,2026-03-27 17:06
704,27,68,02/08/2026 04:49,02/08/2026 04:49
705,34,12,03/30/2026 01:09,2026-03-30 01:14
706,21,34,04/06/2026 03:28,04/06/2026 03:28
707,32,67,2026-04-26 00:37,2026-04-26 01:07
708,19,25,2026-01-01 06:54,01/01/2026 06:54
709,14,79,2026-03-17 11:33,17-Mar-2026 11:30
710,14,2,2026-04-27 14:54,2026-04-27 14:54
711,33,71,02/28/2026 11:14,2026-02-28 23:22
712,37,79,06-Jan-2026 07:12,06-Jan-2026 07:20
713,31,61,01/07/2026 11:21,07-Jan-2026 11:43
714,35,43,03/26/2026 04:33,26-Mar-2026 04:33
715,20,73,02/27/2026 10:27,
716,37,88,03/02/2026 09:18,2026-03-02 09:26
717,10,36,2026-01-06 16:11,06-Jan-2026 16:08
718,37,78,2026-03-12 22:02,03/12/2026 10:07
719,21,5,2026-02-19 10:11,2026-02-19 10:13
720,20,28,2026-04-06 14:11,04/06/2026 02:11
721,6,57,2026-04-03 02:43,2026-04-03 02:40
722,22,62,2026-04-06 07:45,06-Apr-2026 07:45
723,34,87,2026-01-25 03:51,
724,25,67,2026-01-22 02:05,22-Jan-2026 02:35
725,22,60,2026-01-09 09:35,2026-01-09 09:40
726,20,82,2026-02-08 04:49,02/08/2026 04:54
727,29,86,2026-01-22 10:01,2026-01-22 10:01
728,40,72,2026-04-04 13:57,2026-04-04 13:54
729,10,37,2026-04-15 12:12,
730,40,44,2026-04-09 09:49,09-Apr-2026 10:11
731,4,14,2026-03-11 19:58,03/11/2026 07:58
732,38,81,03/23/2026 03:53,03/23/2026 03:55
733,35,11,03/26/2026 06:39,2026-03-26 19:01
734,20,88,04/28/2026 07:30,28-Apr-2026 07:32
735,10,79,16-Feb-2026 23:26,02/16/2026 11:34
736,21,59,2026-03-30 17:56,2026-03-30 18:04
737,11,37,03/05/2026 11:07,2026-03-05 11:07
738,7,42,04/12/2026 05:51,2026-04-12 05:48
739,38,53,02/13/2026 10:21,2026-02-13 10:43
740,22,27,2026-04-18 13:59,04/18/2026 02:29
741,35,89,2026-02-12 23:46,13-Feb-2026 00:16
742,8,76,2026-04-19 12:17,2026-04-19 12:39
743,26,9,2026-04-19 21:50,2026-04-19 22:05
744,4,12,09-Feb-2026 14:45,02/09/2026 02:45
745,10,58,2026-04-07 17:05,2026-04-07 17:27
746,21,39,04/14/2026 07:34,04/14/2026 07:49
747,23,12,2026-04-17 01:58,17-Apr-2026 02:13
748,19,8,09-Mar-2026 05:09,03/09/2026 05:09
749,23,15,21-Feb-2026 08:59,2026-02-21 09:29
750,21,49,2026-03-15 21:59,2026-03-15 21:59
751,13,72,12-Mar-2026 00:19,2026-03-12 00:34
752,9,18,2026-01-03 02:41,
753,32,85,21-Mar-2026 12:07,03/21/2026 12:07
754,27,59,21-Apr-2026 00:47,04/21/2026 01:09
755,36,58,2026-03-12 00:50,2026-03-12 01:20
756,32,31,2026-04-02 08:05,2026-04-02 08:35
757,3,73,03/29/2026 11:25,29-Mar-2026 23:47
758,6,19,06-Apr-2026 19:54,2026-04-06 19:59
759,6,67,2026-04-22 01:26,04/22/2026 01:26
760,35,75,02/26/2026 09:19,02/26/2026 09:16
761,31,59,04-Apr-2026 07:51,2026-04-04 07:59
762,19,38,2026-01-31 11:51,01/31/2026 11:56
763,37,34,01/12/2026 04:20,2026-01-12 04:50
764,19,80,2026-01-05 23:16,2026-01-05 23:13
765,18,33,01/25/2026 03:04,2026-01-25 03:09
766,8,78,01-Feb-2026 18:53,2026-02-01 19:15
767,12,34,2026-02-12 23:57,2026-02-12 23:57
768,6,19,19-Apr-2026 09:58,04/19/2026 10:20
769,27,50,02/13/2026 07:36,2026-02-13 07:36
770,23,7,2026-04-27 22:04,2026-04-27 22:04
771,26,61,2026-02-24 20:41,2026-02-24 20:38
772,25,61,2026-02-17 19:25,2026-02-17 19:25
773,29,49,27-Feb-2026 11:15,2026-02-27 11:15
774,35,82,06-Mar-2026 09:53,2026-03-06 09:58
775,18,13,02/16/2026 11:36,02/16/2026 11:38
776,38,25,2026-04-05 15:42,2026-04-05 15:42
777,1,87,02-Jan-2026 13:01,
778,7,68,01/19/2026 09:58,2026-01-19 22:03
779,3,4,2026-04-23 18:11,23-Apr-2026 18:13
780,8,16,16-Jan-2026 17:25,16-Jan-2026 17:55
781,12,15,2026-02-03 13:03,02/03/2026 01:03
782,18,55,2026-02-28 20:58,02/28/2026 09:03
783,25,50,02-Mar-2026 13:23,2026-03-02 13:28
784,5,63,02/06/2026 12:44,2026-02-06 13:06
785,35,56,02/09/2026 06:08,02/09/2026 06:30
786,7,5,2026-01-14 06:35,2026-01-14 06:57
787,32,20,04/29/2026 08:24,2026-04-29 20:39
788,22,51,2026-04-15 14:38,2026-04-15 15:00
789,26,9,2026-04-09 07:51,2026-04-09 08:13
790,35,46,03/02/2026 04:49,2026-03-02 16:49
791,22,11,03/25/2026 04:11,2026-03-25 16:13
792,3,50,2026-02-04 18:30,02/04/2026 06:30
793,23,63,16-Jan-2026 10:46,2026-01-16 10:48
794,13,4,2026-04-18 22:37,04/18/2026 10:34
795,32,69,23-Mar-2026 19:03,
796,22,8,03/03/2026 11:30,
797,8,28,04/30/2026 12:42,2026-04-30 00:39
798,38,30,2026-01-14 02:43,2026-01-14 02:43
799,40,6,02/14/2026 04:17,02/14/2026 04:17
800,20,13,03/25/2026 01:06,25-Mar-2026 01:06
801,7,15,04/01/2026 12:03,01-Apr-2026 12:03
802,28,44,2026-03-15 04:24,03/15/2026 04:54
803,21,28,01/09/2026 07:10,2026-01-09 07:10
804,27,22,03/09/2026 08:14,2026-03-09 08:44
805,7,81,2026-04-22 11:47,2026-04-22 12:09
806,1,23,01/17/2026 05:27,2026-01-17 05:32
807,31,89,2026-01-24 02:24,2026-01-24 02:21
808,16,23,04/22/2026 03:28,04/22/2026 03:50
809,6,81,2026-02-24 19:57,
810,16,25,22-Jan-2026 09:23,2026-01-22 09:53
811,35,65,2026-02-09 22:01,2026-02-09 22:03
812,13,15,01/28/2026 03:56,2026-01-28 04:18
813,11,86,2026-01-08 20:22,2026-01-08 20:24
814,22,79,2026-03-24 11:49,2026-03-24 11:46
815,2,63,2026-04-04 17:38,04/04/2026 06:00
816,21,54,02/06/2026 04:21,02/06/2026 04:23
817,21,30,2026-01-18 20:26,2026-01-18 20:28
818,15,10,03/27/2026 05:47,
819,28,19,09-Feb-2026 08:26,2026-02-09 08:41
820,30,25,2026-04-26 01:20,2026-04-26 01:28
821,37,8,2026-02-21 01:58,2026-02-21 02:20
822,22,29,02/23/2026 05:34,23-Feb-2026 18:04
823,37,71,2026-02-11 19:35,11-Feb-2026 19:57
824,14,76,28-Mar-2026 04:42,03/28/2026 04:57
825,16,32,2026-03-01 13:58,01-Mar-2026 14:28
826,37,1,18-Mar-2026 01:16,
827,31,65,2026-01-07 02:53,2026-01-07 02:53
828,16,11,04/12/2026 04:04,12-Apr-2026 16:19
829,9,46,2026-02-23 20:19,2026-02-23 20:19
830,20,21,25-Mar-2026 14:38,25-Mar-2026 14:38
831,30,18,2026-03-15 19:02,03/15/2026 07:24
832,1,81,2026-01-13 20:53,2026-01-13 20:50
833,28,35,04/22/2026 12:03,04/22/2026 12:03
834,22,8,04-Apr-2026 16:55,2026-04-04 16:55
835,24,60,2026-04-23 17:02,04/23/2026 04:59
836,36,27,26-Jan-2026 04:42,01/26/2026 04:42
837,38,90,02/08/2026 04:36,2026-02-08 04:44
838,18,65,2026-03-18 23:48,
839,23,58,03/30/2026 12:21,03/30/2026 12:43
840,35,38,03/24/2026 06:43,2026-03-24 06:43
841,30,12,2026-01-15 14:16,2026-01-15 14:16
842,18,15,2026-01-27 22:25,27-Jan-2026 22:22
843,2,38,17-Mar-2026 19:52,2026-03-17 19:52
844,27,57,2026-04-28 08:40,28-Apr-2026 08:40
845,15,67,2026-04-28 08:36,2026-04-28 08:44
846,34,71,2026-03-23 01:21,2026-03-23 01:26
847,17,30,2026-03-30 03:41,2026-03-30 03:41
848,19,59,01/31/2026 06:51,2026-01-31 06:48
849,12,89,2026-01-28 22:35,01/28/2026 10:43
850,29,34,2026-03-09 07:07,03/09/2026 07:07
851,23,19,2026-03-09 21:17,2026-03-09 21:14
852,2,52,04/01/2026 09:59,2026-04-01 22:07
853,35,65,03/02/2026 07:23,02-Mar-2026 07:28
854,37,86,01/27/2026 06:37,2026-01-27 18:59
855,8,62,2026-01-08 07:06,2026-01-08 07:11
856,40,29,2026-03-23 04:29,03/23/2026 04:59
857,38,68,02/10/2026 10:33,2026-02-10 10:35
858,35,58,16-Jan-2026 21:45,2026-01-16 22:07
859,39,66,11-Jan-2026 04:52,01/11/2026 04:52
860,28,48,2026-03-12 06:57,2026-03-12 07:05
861,29,72,2026-01-16 22:43,16-Jan-2026 22:58
862,19,21,03/19/2026 03:45,03/19/2026 04:15
863,10,27,2026-02-25 04:50,2026-02-25 04:58
864,38,49,2026-01-17 02:26,2026-01-17 02:31
865,36,60,04/14/2026 09:15,14-Apr-2026 09:15
866,19,71,2026-03-31 07:24,2026-03-31 07:54
867,36,60,2026-02-10 20:56,
868,17,39,27-Apr-2026 14:37,2026-04-27 14:42
869,32,89,2026-04-28 09:06,2026-04-28 09:11
870,5,77,03/07/2026 08:33,03/07/2026 08:38
871,31,89,2026-01-22 18:28,22-Jan-2026 18:28
872,11,75,2026-01-11 15:38,2026-01-11 15:38
873,4,35,2026-03-07 17:56,2026-03-07 18:04
874,19,68,27-Apr-2026 07:35,04/27/2026 07:35
875,39,22,2026-04-09 23:30,2026-04-09 23:35
876,24,13,04/08/2026 06:55,2026-04-08 06:55
877,19,48,2026-03-30 06:33,2026-03-30 06:33
878,10,65,10-Feb-2026 06:03,02/10/2026 06:00
879,34,69,04/11/2026 07:50,2026-04-11 08:05
880,5,15,24-Jan-2026 21:21,01/24/2026 09:26
881,9,57,04/19/2026 07:10,04/19/2026 07:10
882,2,16,2026-02-10 11:29,2026-02-10 11:31
883,14,17,2026-01-15 07:25,2026-01-15 07:25
884,31,56,2026-01-08 17:45,
885,33,76,2026-01-11 18:56,2026-01-11 18:56
886,1,13,23-Jan-2026 12:51,2026-01-23 12:53
887,23,4,2026-01-17 12:37,17-Jan-2026 12:42
888,23,46,30-Jan-2026 05:29,2026-01-30 05:59
889,37,9,19-Jan-2026 00:59,2026-01-19 00:56
890,13,37,01-Feb-2026 06:29,01-Feb-2026 06:29
891,33,61,03/08/2026 05:06,2026-03-08 17:06
892,23,49,2026-03-19 04:53,03/19/2026 04:53
893,21,16,2026-03-26 19:33,03/26/2026 07:41
894,36,6,2026-01-15 23:20,2026-01-15 23:25
895,20,88,2026-03-22 19:40,2026-03-22 19:55
896,5,61,2026-03-08 21:22,03/08/2026 09:44
897,26,57,04/06/2026 03:32,2026-04-06 03:32
898,38,14,2026-01-31 17:09,2026-01-31 17:17
899,26,16,12-Feb-2026 09:25,02/12/2026 09:30
900,38,76,02/19/2026 04:38,2026-02-19 16:53
901,39,52,03/30/2026 04:57,2026-03-30 05:19
902,17,63,2026-04-01 12:37,2026-04-01 12:37
903,4,9,04/01/2026 04:23,04/01/2026 04:38
904,21,20,02/25/2026 02:44,02/25/2026 02:44
905,34,64,2026-03-26 20:04,03/26/2026 08:26
906,35,44,04/09/2026 09:36,09-Apr-2026 09:36
907,8,50,2026-03-23 22:35,2026-03-23 22:57
908,12,72,25-Feb-2026 04:01,2026-02-25 04:16
909,25,63,01/20/2026 09:53,01/20/2026 09:50
910,37,61,03/28/2026 03:17,2026-03-28 15:17
911,32,76,03/10/2026 06:37,2026-03-10 18:42
912,2,76,2026-01-09 05:07,2026-01-09 05:37
913,22,49,2026-01-18 17:19,2026-01-18 17:34
914,16,32,02/12/2026 05:04,12-Feb-2026 17:04
915,8,44,2026-01-31 21:46,01/31/2026 10:08
916,28,73,04-Apr-2026 17:01,04/04/2026 05:23
917,21,49,2026-04-14 19:54,2026-04-14 20:16
918,14,44,04/01/2026 10:15,2026-04-01 10:23
919,20,47,2026-03-21 08:52,21-Mar-2026 08:52
920,35,28,2026-02-22 07:28,2026-02-22 07:58
921,15,80,01/17/2026 05:46,2026-01-17 18:16
922,5,73,2026-04-07 16:15,04/07/2026 04:15
923,20,65,2026-02-24 14:19,2026-02-24 14:21
924,17,80,2026-04-04 19:40,04-Apr-2026 19:40
925,34,24,2026-04-16 00:16,2026-04-16 00:38
926,35,79,20-Mar-2026 22:58,03/20/2026 10:58
927,24,60,2026-01-27 21:30,27-Jan-2026 21:35
928,27,41,01/12/2026 05:29,12-Jan-2026 17:34
929,11,33,2026-04-20 10:49,2026-04-20 10:49
930,16,40,2026-03-26 11:56,03/26/2026 12:11
931,3,26,2026-01-30 00:14,
932,18,85,2026-04-11 06:04,04/11/2026 06:26
933,4,11,02/27/2026 03:28,27-Feb-2026 03:43
934,6,51,2026-01-26 14:07,26-Jan-2026 14:04
935,34,86,16-Apr-2026 15:53,2026-04-16 15:58
936,6,31,2026-04-20 04:39,20-Apr-2026 04:47
937,25,31,2026-03-18 23:32,18-Mar-2026 23:34
938,29,53,16-Feb-2026 07:04,
939,35,48,2026-01-21 13:32,21-Jan-2026 13:34
940,10,47,03/28/2026 12:16,03/28/2026 12:16
941,39,5,01/10/2026 10:52,2026-01-10 22:54
942,25,40,27-Apr-2026 07:36,04/27/2026 07:36
943,16,57,2026-03-12 17:15,2026-03-12 17:20
944,16,39,08-Feb-2026 07:11,02/08/2026 07:33
945,27,5,19-Feb-2026 21:17,2026-02-19 21:39
946,27,43,18-Mar-2026 21:20,03/18/2026 09:20
947,33,9,2026-03-06 01:17,03/06/2026 01:14
948,30,89,01/05/2026 11:29,01/05/2026 11:29
949,9,1,2026-03-14 22:31,2026-03-14 23:01
950,11,32,04/05/2026 12:02,05-Apr-2026 00:02
951,27,41,2026-03-24 04:35,2026-03-24 04:40
952,38,42,2026-02-21 07:11,2026-02-21 07:11
953,25,74,2026-02-10 20:47,
954,36,83,04/22/2026 09:52,2026-04-22 10:14
955,11,7,03/15/2026 12:08,2026-03-15 00:08
956,24,22,2026-04-14 06:19,04/14/2026 06:34
957,30,87,2026-03-31 22:58,31-Mar-2026 23:00
958,18,37,2026-03-31 23:03,03/31/2026 11:05
959,19,87,2026-02-04 11:20,2026-02-04 11:20
960,17,31,2026-04-23 10:41,04/23/2026 11:11
961,30,11,2026-01-02 21:05,01/02/2026 09:20
962,25,55,2026-04-19 17:11,2026-04-19 17:11
963,16,61,06-Mar-2026 11:58,03/06/2026 12:28
964,3,1,02/16/2026 04:14,02/16/2026 04:29
965,9,72,01/08/2026 11:40,2026-01-08 11:37
966,22,60,2026-01-25 00:21,2026-01-25 00:36
967,8,41,09-Jan-2026 00:56,01/09/2026 01:01
968,28,37,02/17/2026 10:00,02/17/2026 10:05
969,28,22,02/27/2026 10:37,02/27/2026 10:37
970,29,7,2026-02-04 09:24,2026-02-04 09:24
971,11,60,2026-03-21 10:47,2026-03-21 11:09
972,23,72,2026-03-30 07:52,2026-03-30 07:52
973,6,27,2026-02-21 17:19,21-Feb-2026 17:16
974,37,85,2026-04-17 14:51,04/17/2026 02:51
975,37,24,17-Mar-2026 19:21,03/17/2026 07:43
976,22,4,02/21/2026 06:02,2026-02-21 18:17
977,7,42,2026-01-28 23:51,2026-01-29 00:13
978,18,77,2026-04-30 18:52,30-Apr-2026 19:22
979,21,73,2026-01-24 13:00,
980,19,42,01/11/2026 02:38,2026-01-11 03:08
981,26,33,2026-02-02 09:44,2026-02-02 09:59
982,14,21,03/12/2026 05:23,2026-03-12 17:23
983,32,56,26-Feb-2026 10:51,02/26/2026 10:59
984,24,66,2026-02-06 09:15,2026-02-06 09:37
985,39,55,01/17/2026 10:11,2026-01-17 10:41
986,28,12,01/08/2026 08:40,01/08/2026 08:42
987,10,64,04/06/2026 11:42,2026-04-06 23:47
988,6,62,2026-02-24 16:26,24-Feb-2026 16:31
989,34,55,02/23/2026 06:58,02/23/2026 06:58
990,33,55,2026-03-17 04:30,17-Mar-2026 05:00
991,23,33,2026-04-17 14:23,04/17/2026 02:23
992,30,23,03-Feb-2026 04:04,
993,27,39,02/27/2026 03:39,02/27/2026 04:01
994,17,44,2026-02-04 01:51,
995,39,34,2026-01-20 08:33,
996,26,15,2026-01-03 10:07,03-Jan-2026 10:22
997,39,63,02/25/2026 02:57,02/25/2026 03:05
998,26,39,2026-01-16 22:53,
999,8,3,04-Feb-2026 06:21,02/04/2026 06:21
1000,28,81,2026-04-09 01:06,2026-04-09 01:28
1001,28,3,2026-01-22 04:48,22-Jan-2026 05:10
1002,31,3,03/23/2026 07:57,23-Mar-2026 20:27
1003,26,7,2026-03-02 18:36,02-Mar-2026 18:51
1004,32,75,04/19/2026 11:15,2026-04-19 11:15
1005,32,66,04/18/2026 02:17,2026-04-18 14:39
1006,4,68,2026-01-04 11:05,2026-01-04 11:05
1007,27,61,2026-01-22 06:55,2026-01-22 07:03
1008,28,3,2026-01-30 08:52,2026-01-30 09:00
1009,33,29,17-Apr-2026 23:31,18-Apr-2026 00:01
1010,30,17,02/23/2026 09:51,23-Feb-2026 10:06
1011,24,61,01/30/2026 11:54,01/30/2026 11:54
1012,9,23,2026-02-06 07:33,06-Feb-2026 07:48
1013,32,39,2026-02-12 17:30,
1014,2,46,2026-02-17 11:29,2026-02-17 11:26
1015,5,44,2026-03-20 09:24,2026-03-20 09:21
1016,17,44,03/06/2026 04:04,2026-03-06 16:01
1017,10,89,04/04/2026 07:45,04-Apr-2026 19:45
1018,29,59,21-Jan-2026 04:39,01/21/2026 05:09
1019,7,72,01/08/2026 03:22,08-Jan-2026 15:22
1020,24,21,02/23/2026 04:18,02/23/2026 04:40
1021,7,20,2026-04-28 19:11,28-Apr-2026 19:11
1022,29,54,2026-01-02 04:46,2026-01-02 04:54
1023,11,11,2026-02-18 10:14,02/18/2026 10:22
1024,16,20,2026-04-07 10:04,2026-04-07 10:19
1025,27,59,04/04/2026 11:07,2026-04-04 23:07
1026,1,67,2026-01-13 16:00,2026-01-13 16:00
1027,26,5,2026-04-27 18:36,27-Apr-2026 18:33
1028,27,52,11-Apr-2026 18:45,11-Apr-2026 18:53
1029,1,36,04/07/2026 01:57,2026-04-07 02:12
1030,14,70,04/24/2026 03:52,24-Apr-2026 16:00
1031,26,26,2026-02-24 21:24,02/24/2026 09:39
1032,9,67,2026-04-09 10:44,2026-04-09 10:41
1033,22,82,2026-01-30 03:10,01/30/2026 03:07
1034,16,39,18-Mar-2026 23:00,18-Mar-2026 23:00
1035,17,81,2026-04-03 09:17,
1036,8,58,02/24/2026 05:48,
1037,22,31,04/16/2026 09:01,16-Apr-2026 20:58
1038,15,45,2026-02-24 11:13,02/24/2026 11:43
1039,25,67,2026-02-15 01:55,15-Feb-2026 01:57
1040,24,59,2026-01-18 20:06,2026-01-18 20:21
1041,4,55,2026-01-24 16:15,01/24/2026 04:23
1042,26,76,04/12/2026 06:10,04/12/2026 06:15
1043,28,57,03/31/2026 02:50,2026-03-31 02:50
1044,9,63,2026-03-25 07:46,2026-03-25 07:43
1045,14,59,2026-03-28 04:07,2026-03-28 04:04
1046,8,78,2026-03-16 09:17,2026-03-16 09:22
1047,10,16,2026-03-09 14:57,2026-03-09 15:02
1048,10,19,2026-04-18 08:06,18-Apr-2026 08:11
1049,14,24,2026-03-30 23:34,30-Mar-2026 23:34
1050,27,62,2026-04-15 07:44,04/15/2026 07:52
1051,31,78,01/25/2026 04:15,01/25/2026 04:37
1052,29,20,2026-03-01 04:53,2026-03-01 05:23
1053,15,51,03/03/2026 05:06,03/03/2026 05:28
1054,6,22,01/05/2026 12:22,01/05/2026 12:27
1055,8,83,2026-04-12 19:50,04/12/2026 07:47
1056,4,73,2026-04-05 23:34,2026-04-05 23:34
1057,35,24,2026-01-04 10:53,2026-01-04 11:23
1058,35,78,2026-02-28 07:59,
1059,2,44,2026-03-21 13:21,
1060,34,41,2026-03-11 13:01,03/11/2026 01:01
1061,19,19,2026-02-03 06:05,03-Feb-2026 06:10
1062,11,8,22-Apr-2026 20:41,2026-04-22 20:41
1063,7,41,2026-01-26 22:25,26-Jan-2026 22:40
1064,8,7,2026-02-06 20:59,2026-02-06 21:01
1065,33,50,2026-01-21 22:47,2026-01-21 22:44
1066,31,4,03/16/2026 04:22,2026-03-16 04:22
1067,38,87,2026-01-19 11:30,2026-01-19 11:30
1068,27,58,16-Jan-2026 06:36,2026-01-16 06:36
1069,11,32,08-Apr-2026 20:31,2026-04-08 20:28
1070,1,60,2026-04-24 00:00,2026-04-24 00:00
1071,31,35,2026-04-19 20:07,19-Apr-2026 20:15
1072,14,75,2026-04-03 21:39,04/03/2026 09:36
1073,20,12,03/13/2026 11:06,13-Mar-2026 23:03
1074,28,27,04/22/2026 03:04,04/22/2026 03:12
1075,29,35,02/14/2026 06:28,2026-02-14 18:30
1076,39,43,03-Jan-2026 21:21,01/03/2026 09:21
1077,1,2,2026-02-01 14:11,02/01/2026 02:33
1078,35,11,04/29/2026 03:56,04/29/2026 04:18
1079,23,49,2026-04-20 11:10,2026-04-20 11:10
1080,24,25,2026-03-22 22:23,03/22/2026 10:28
1081,23,25,17-Jan-2026 09:04,2026-01-17 09:06
1082,32,47,2026-01-07 16:45,2026-01-07 17:15
1083,13,82,2026-03-14 02:31,2026-03-14 02:28
1084,36,25,04/13/2026 11:36,2026-04-13 23:36
1085,9,9,2026-01-24 04:45,24-Jan-2026 04:47
1086,18,25,05-Jan-2026 05:00,01/05/2026 04:57
1087,36,59,01-Jan-2026 08:32,01-Jan-2026 08:32
1088,21,56,2026-03-16 01:40,2026-03-16 02:02
1089,34,6,2026-02-10 21:03,2026-02-10 21:00
1090,1,51,2026-02-05 10:15,05-Feb-2026 10:15
1091,15,89,19-Mar-2026 03:41,2026-03-19 03:43
1092,20,9,04/24/2026 11:00,
1093,28,4,04/18/2026 08:48,2026-04-18 20:53
1094,31,31,04-Mar-2026 00:59,03/04/2026 12:56
1095,5,77,2026-04-23 18:55,04/23/2026 07:17
1096,6,8,2026-01-07 01:40,01/07/2026 01:40
1097,4,57,2026-01-10 23:22,2026-01-10 23:22
1098,4,72,2026-01-10 12:04,01/10/2026 12:04
1099,27,30,04/20/2026 03:35,2026-04-20 03:57
1100,28,80,2026-04-23 17:27,2026-04-23 17:27
1101,22,76,2026-02-05 00:57,
1102,5,76,05-Feb-2026 05:54,2026-02-05 05:51
1103,27,62,2026-04-24 00:32,2026-04-24 00:32
1104,20,75,03/21/2026 08:14,2026-03-21 08:22
1105,35,19,2026-01-27 20:02,2026-01-27 20:07
1106,1,67,04/17/2026 06:11,04/17/2026 06:13
1107,36,7,2026-03-18 20:00,03/18/2026 08:02
1108,22,25,03/28/2026 02:28,03/28/2026 02:58
1109,38,73,03/03/2026 02:31,2026-03-03 02:31
1110,3,64,09-Feb-2026 22:35,2026-02-09 22:37
1111,14,31,03/29/2026 12:24,29-Mar-2026 12:32
1112,25,27,2026-03-14 20:59,2026-03-14 21:07
1113,23,4,2026-04-11 23:29,04/11/2026 11:31
1114,24,6,2026-01-06 09:41,06-Jan-2026 09:43
1115,12,44,2026-04-11 22:40,11-Apr-2026 22:40
1116,7,3,2026-01-25 23:37,2026-01-25 23:37
1117,14,40,2026-03-25 01:11,25-Mar-2026 01:11
1118,40,56,2026-01-12 21:38,01/12/2026 09:38
1119,13,69,03/10/2026 08:21,10-Mar-2026 20:36
1120,16,6,04/23/2026 03:28,04/23/2026 03:33
1121,21,32,01/10/2026 04:41,10-Jan-2026 16:41
1122,38,63,02/08/2026 02:10,2026-02-08 02:40
1123,33,50,04/28/2026 10:21,2026-04-28 10:18
1124,21,48,04/06/2026 03:50,2026-04-06 16:12
1125,38,52,27-Apr-2026 03:55,2026-04-27 03:55
1126,13,58,2026-02-12 16:02,02/12/2026 04:17
1127,24,33,2026-04-11 05:23,2026-04-11 05:28
1128,23,30,2026-04-17 07:22,2026-04-17 07:30
1129,30,56,2026-03-16 10:44,2026-03-16 10:49
1130,12,57,2026-02-12 13:26,
1131,6,38,04/02/2026 08:14,02-Apr-2026 08:19
1132,7,16,2026-01-13 23:43,2026-01-13 23:51
1133,22,33,02/25/2026 02:35,2026-02-25 02:40
1134,39,18,09-Apr-2026 20:57,
1135,20,37,03/05/2026 02:27,05-Mar-2026 02:42
1136,1,61,04/30/2026 01:46,30-Apr-2026 01:46
1137,15,30,2026-02-08 04:57,02/08/2026 04:54
1138,30,44,2026-01-16 15:11,2026-01-16 15:26
1139,29,72,2026-01-06 11:31,2026-01-06 11:31
1140,1,64,30-Apr-2026 22:33,2026-04-30 22:48
1141,26,89,2026-04-08 20:49,04/08/2026 09:19
1142,9,20,03/02/2026 02:53,03/02/2026 03:23
1143,26,49,07-Feb-2026 04:11,
1144,25,25,2026-03-28 10:20,03/28/2026 10:42
1145,20,12,2026-02-01 04:57,01-Feb-2026 04:57
1146,39,63,2026-01-05 21:15,
1147,25,37,2026-02-07 11:33,2026-02-07 11:33
1148,24,67,2026-01-03 00:15,2026-01-03 00:30
1149,8,17,2026-04-08 15:47,08-Apr-2026 16:02
1150,14,17,2026-02-07 10:36,2026-02-07 10:58
1151,37,40,2026-04-17 22:47,2026-04-17 23:09
1152,1,19,2026-03-23 03:25,03/23/2026 03:27
1153,37,63,2026-03-25 18:39,
1154,6,37,28-Apr-2026 15:43,2026-04-28 15:48
1155,12,54,2026-02-15 08:29,2026-02-15 08:44
1156,12,90,2026-04-14 12:19,2026-04-14 12:19
1157,11,36,04/25/2026 08:08,04/25/2026 08:08
1158,14,64,16-Mar-2026 20:54,2026-03-16 21:02
1159,7,65,2026-03-01 08:22,03/01/2026 08:24
1160,30,4,01/14/2026 07:47,2026-01-14 08:09
1161,26,25,2026-03-14 05:05,2026-03-14 05:05
1162,30,63,2026-03-25 23:41,03/25/2026 11:43
1163,29,18,27-Mar-2026 16:54,27-Mar-2026 16:54
1164,39,13,2026-02-02 06:21,2026-02-02 06:36
1165,1,87,2026-02-19 17:51,02/19/2026 05:53
1166,35,28,03/22/2026 11:22,03/22/2026 11:19
1167,7,50,2026-02-26 03:05,02/26/2026 03:05
1168,13,32,10-Mar-2026 04:50,2026-03-10 04:50
1169,1,44,02/04/2026 11:31,
1170,7,86,01/31/2026 01:29,
1171,33,14,2026-03-01 13:18,2026-03-01 13:48
1172,35,51,2026-03-19 21:26,2026-03-19 21:34
1173,1,52,2026-04-30 01:20,2026-04-30 01:42
1174,18,84,2026-04-24 13:54,
1175,14,53,02/24/2026 09:25,02/24/2026 09:25
1176,37,22,15-Feb-2026 20:44,02/15/2026 08:59
1177,9,43,02/01/2026 10:01,01-Feb-2026 22:09
1178,31,9,2026-03-03 00:05,2026-03-03 00:27
1179,15,65,04/17/2026 10:41,
1180,2,79,2026-01-23 14:00,01/23/2026 02:02
1181,4,18,2026-03-10 04:19,2026-03-10 04:34
1182,3,31,19-Apr-2026 21:01,2026-04-19 21:09
1183,21,83,01/08/2026 05:02,01/08/2026 05:07
1184,15,43,2026-03-04 09:24,04-Mar-2026 09:26
1185,15,78,03/11/2026 10:44,2026-03-11 10:44
1186,32,9,2026-02-05 00:53,2026-02-05 00:55
1187,12,76,10-Apr-2026 21:56,04/10/2026 09:58
1188,28,60,2026-02-26 16:48,2026-02-26 17:03
1189,16,39,02/21/2026 10:43,2026-02-21 22:45
1190,31,11,2026-03-07 11:02,2026-03-07 11:24
1191,40,56,29-Jan-2026 09:02,01/29/2026 09:02
1192,28,11,02/24/2026 03:43,2026-02-24 15:43
1193,30,40,2026-03-24 13:49,2026-03-24 14:11
1194,9,61,2026-02-05 15:05,05-Feb-2026 15:05
1195,24,63,15-Mar-2026 15:31,2026-03-15 15:39
1196,20,83,2026-04-18 02:21,2026-04-18 02:21
1197,37,21,02/05/2026 08:35,02/05/2026 08:43
1198,32,82,03/09/2026 12:36,03/09/2026 12:51
1199,16,62,07-Jan-2026 06:45,01/07/2026 06:45
1200,10,34,2026-04-21 05:11,2026-04-21 05:16
1201,38,85,2026-01-30 09:17,2026-01-30 09:32
1202,38,11,05-Apr-2026 09:31,05-Apr-2026 09:31
1203,17,89,02/25/2026 12:25,02/25/2026 12:40
1204,27,12,01/20/2026 09:25,20-Jan-2026 21:33
1205,18,27,03/14/2026 10:45,
1206,11,63,2026-01-01 06:53,01/01/2026 07:08
1207,19,56,2026-02-01 01:30,2026-02-01 01:30
1208,12,65,2026-01-21 01:38,2026-01-21 01:38
1209,12,25,17-Feb-2026 05:07,02/17/2026 05:29
1210,40,14,2026-04-26 20:37,2026-04-26 20:52
1211,5,44,01/06/2026 09:36,2026-01-06 09:36
1212,18,1,04/17/2026 12:44,
1213,14,67,2026-01-02 07:43,02-Jan-2026 07:48
1214,31,44,2026-04-21 00:32,21-Apr-2026 00:40
1215,16,47,2026-03-14 12:56,
1216,23,43,2026-01-19 05:40,01/19/2026 05:55
1217,9,4,2026-04-20 13:46,2026-04-20 13:48
1218,40,88,30-Apr-2026 22:40,2026-04-30 22:42
1219,21,3,2026-04-26 09:00,
1220,21,87,2026-03-22 21:12,03/22/2026 09:42
1221,23,55,28-Mar-2026 16:12,03/28/2026 04:12
1222,19,78,02/05/2026 12:18,02/05/2026 12:48
1223,33,5,2026-01-24 06:38,24-Jan-2026 06:35
1224,30,22,23-Mar-2026 05:51,2026-03-23 05:48
1225,14,22,2026-01-17 06:44,2026-01-17 06:44
1226,21,50,2026-02-21 00:54,21-Feb-2026 01:16
1227,8,86,25-Jan-2026 17:07,2026-01-25 17:29
1228,22,29,04/15/2026 08:27,2026-04-15 20:35
1229,25,84,04/27/2026 09:23,27-Apr-2026 21:38
1230,15,34,2026-01-22 01:27,01/22/2026 01:35
1231,13,15,2026-04-15 06:46,04/15/2026 07:01
1232,1,40,01/12/2026 06:22,12-Jan-2026 06:37
1233,21,47,01/23/2026 11:50,2026-01-23 23:52
1234,1,69,2026-03-25 20:24,25-Mar-2026 20:29
1235,32,88,2026-03-24 23:21,03/24/2026 11:21
1236,20,65,2026-01-23 11:25,2026-01-23 11:55
1237,14,64,02/23/2026 01:33,2026-02-23 01:41
1238,14,29,10-Jan-2026 13:39,01/10/2026 02:01
1239,20,85,29-Jan-2026 23:31,2026-01-29 23:39
1240,31,45,2026-03-13 05:53,2026-03-13 05:58
1241,13,90,2026-04-10 18:17,10-Apr-2026 18:47
1242,4,39,03/25/2026 06:59,03/25/2026 07:21
1243,19,19,2026-02-08 04:28,2026-02-08 04:28
1244,37,14,2026-01-27 20:53,27-Jan-2026 20:53
1245,7,46,2026-03-28 06:23,
1246,33,84,03/03/2026 02:52,2026-03-03 15:07
1247,8,31,2026-03-14 04:58,03/14/2026 04:58
1248,25,89,2026-04-30 21:06,2026-04-30 21:21
1249,29,48,2026-01-03 02:41,01/03/2026 03:03
1250,33,29,01/05/2026 04:36,2026-01-05 04:58
1251,7,76,2026-02-02 23:13,2026-02-02 23:28
1252,9,13,2026-03-01 04:56,2026-03-01 04:53
1253,2,51,12-Apr-2026 05:27,2026-04-12 05:24
1254,34,75,04/09/2026 02:50,04/09/2026 02:50
1255,14,85,2026-01-22 08:36,2026-01-22 08:36
1256,29,41,2026-01-23 09:35,2026-01-23 09:35
1257,17,5,16-Jan-2026 09:40,16-Jan-2026 09:48
1258,11,55,2026-04-30 19:32,30-Apr-2026 19:29
1259,19,85,2026-04-08 05:31,04/08/2026 05:39
1260,23,78,04/08/2026 11:28,2026-04-08 23:28
1261,13,19,24-Feb-2026 13:26,02/24/2026 01:26
1262,14,76,2026-03-07 08:46,2026-03-07 09:01
1263,17,34,03/11/2026 12:01,2026-03-11 12:23
1264,17,87,19-Mar-2026 10:21,2026-03-19 10:23
1265,18,82,2026-04-28 12:32,04/28/2026 12:29
1266,27,20,27-Feb-2026 14:11,27-Feb-2026 14:11
1267,16,10,2026-02-19 04:11,2026-02-19 04:08
1268,22,82,2026-01-17 04:44,2026-01-17 04:49
1269,15,36,2026-01-02 19:05,2026-01-02 19:07
1270,7,16,02/01/2026 11:46,02-Feb-2026 00:16
1271,32,13,2026-04-07 07:03,04/07/2026 07:08
1272,39,13,2026-01-09 17:33,2026-01-09 17:48
1273,35,71,19-Apr-2026 05:55,2026-04-19 06:25
1274,1,88,04/04/2026 11:48,2026-04-04 11:48
1275,18,7,27-Apr-2026 08:40,04/27/2026 08:42
1276,27,59,2026-02-03 07:59,02/03/2026 08:21
1277,18,55,05-Apr-2026 18:30,2026-04-05 18:32
1278,6,40,03/16/2026 12:05,2026-03-16 00:05
1279,16,12,01/31/2026 01:23,01/31/2026 01:28
1280,32,2,03/19/2026 04:24,2026-03-19 04:24
1281,33,88,04/07/2026 10:07,2026-04-07 22:37
1282,1,55,04/08/2026 06:30,04/08/2026 06:27
1283,3,78,23-Mar-2026 16:11,23-Mar-2026 16:08
1284,12,10,08-Mar-2026 19:40,2026-03-08 19:40
1285,25,22,09-Mar-2026 22:54,09-Mar-2026 22:56
1286,8,38,2026-02-24 11:07,02/24/2026 11:07
1287,37,51,09-Feb-2026 14:06,09-Feb-2026 14:03
1288,3,60,23-Apr-2026 10:59,
1289,1,79,2026-03-25 19:19,2026-03-25 19:19
1290,12,52,2026-03-06 12:58,2026-03-06 13:00
1291,33,20,2026-03-16 18:27,03/16/2026 06:27
1292,17,29,2026-03-27 16:30,27-Mar-2026 16:45
1293,35,35,20-Jan-2026 18:53,2026-01-20 19:15
1294,23,56,2026-01-02 01:23,2026-01-02 01:25
1295,19,6,2026-01-25 08:03,2026-01-25 08:03
1296,13,62,2026-02-18 09:17,02/18/2026 09:39
1297,9,42,03/14/2026 07:05,2026-03-14 19:20
1298,7,3,2026-01-23 23:02,2026-01-23 23:04
1299,22,55,04/19/2026 04:42,2026-04-19 16:47
1300,6,55,02/15/2026 02:25,2026-02-15 02:25
1301,8,34,02/15/2026 12:42,02/15/2026 01:04
1302,7,90,04/02/2026 10:43,04/02/2026 11:13
1303,10,30,2026-01-22 22:18,
1304,13,19,2026-03-19 14:32,2026-03-19 14:32
1305,34,40,26-Apr-2026 06:58,2026-04-26 07:13
1306,33,55,2026-04-28 05:07,2026-04-28 05:15
1307,23,54,2026-02-14 23:01,
1308,3,1,01/10/2026 11:45,2026-01-10 11:50
1309,39,13,2026-03-20 10:39,2026-03-20 10:47
1310,8,13,01/03/2026 11:41,2026-01-03 11:41
1311,24,76,04/07/2026 06:38,2026-04-07 06:43
1312,25,12,2026-01-20 08:43,2026-01-20 08:43
1313,13,25,23-Mar-2026 03:35,
1314,35,80,2026-03-04 10:08,03/04/2026 10:10
1315,10,6,2026-01-24 06:30,24-Jan-2026 06:35
1316,36,45,2026-03-08 15:07,2026-03-08 15:22
1317,27,68,04/02/2026 05:26,04/02/2026 05:31
1318,9,38,09-Jan-2026 06:33,
1319,13,51,04/01/2026 02:48,2026-04-01 02:48
1320,33,50,04/13/2026 09:35,2026-04-13 09:40
1321,1,21,2026-04-15 02:39,2026-04-15 02:36
1322,34,34,25-Feb-2026 05:37,02/25/2026 05:42
1323,11,29,01/09/2026 07:17,09-Jan-2026 07:17
1324,18,18,19-Feb-2026 05:32,
1325,16,27,2026-04-08 07:40,08-Apr-2026 08:10
1326,21,11,2026-04-10 23:49,2026-04-11 00:19
1327,4,81,02-Jan-2026 21:28,2026-01-02 21:33
1328,2,69,30-Apr-2026 15:51,2026-04-30 16:21
1329,25,84,16-Feb-2026 20:21,2026-02-16 20:18
1330,29,29,2026-03-01 00:43,2026-03-01 00:58
1331,15,56,2026-03-09 02:36,2026-03-09 02:58
1332,12,23,02/04/2026 09:08,02/04/2026 09:08
1333,2,40,30-Jan-2026 15:48,2026-01-30 16:18
1334,10,10,2026-03-19 14:56,2026-03-19 15:11
1335,34,18,01/03/2026 03:30,2026-01-03 03:30
1336,1,83,2026-01-08 23:06,2026-01-08 23:11
1337,39,2,02-Jan-2026 17:03,02-Jan-2026 17:11
1338,6,26,2026-01-26 08:18,26-Jan-2026 08:40
1339,20,43,2026-03-29 04:22,
1340,18,81,2026-04-09 23:04,04/09/2026 11:04
1341,7,66,2026-03-17 14:24,2026-03-17 14:24
1342,25,19,03/06/2026 07:38,03/06/2026 07:53
1343,8,63,31-Jan-2026 20:48,2026-01-31 20:53
1344,40,43,2026-01-22 13:04,22-Jan-2026 13:04
1345,39,20,2026-02-02 09:59,02/02/2026 09:59
1346,10,86,02/24/2026 09:33,2026-02-24 21:33
1347,32,85,09-Mar-2026 04:40,03/09/2026 04:40
1348,10,84,2026-01-27 16:27,27-Jan-2026 16:49
1349,8,74,19-Mar-2026 19:34,2026-03-19 19:34
1350,9,24,2026-03-12 02:10,03/12/2026 02:32
1351,27,78,2026-04-26 21:21,2026-04-26 21:23
1352,36,64,04/09/2026 01:49,2026-04-09 01:51
1353,38,54,04/06/2026 10:15,04/06/2026 10:17
1354,16,47,2026-01-01 12:31,01/01/2026 12:39
1355,9,15,11-Jan-2026 20:17,2026-01-11 20:17
1356,10,71,2026-03-18 15:42,03/18/2026 03:42
1357,8,90,2026-01-27 01:06,
1358,28,48,01/10/2026 08:17,2026-01-10 20:17
1359,39,21,2026-01-06 11:53,2026-01-06 11:55
1360,37,54,01/28/2026 06:07,01/28/2026 06:07
1361,20,61,03/16/2026 09:58,2026-03-16 21:58
1362,10,8,2026-04-27 22:55,2026-04-27 22:52
1363,26,55,03/24/2026 04:51,03/24/2026 05:21
1364,15,55,2026-01-29 13:04,29-Jan-2026 13:19
1365,9,28,03/14/2026 09:23,14-Mar-2026 21:23
1366,36,78,15-Jan-2026 01:19,01/15/2026 01:27
1367,26,49,2026-01-31 00:07,2026-01-31 00:22
1368,7,14,2026-01-15 03:57,2026-01-15 04:05
1369,19,21,2026-04-09 14:08,04/09/2026 02:08
1370,20,25,2026-04-11 10:22,2026-04-11 10:24
1371,37,73,01/09/2026 04:03,2026-01-09 04:03
1372,6,40,02-Jan-2026 13:02,01/02/2026 01:17
1373,21,51,06-Mar-2026 18:40,2026-03-06 18:40
1374,33,13,02-Apr-2026 10:02,04/02/2026 10:32
1375,31,76,2026-01-07 19:26,2026-01-07 19:48
1376,6,30,09-Feb-2026 06:10,09-Feb-2026 06:10
1377,33,67,04/21/2026 07:37,2026-04-21 19:45
1378,9,44,2026-02-22 22:42,2026-02-22 22:57
1379,25,31,08-Feb-2026 00:21,02/08/2026 12:21
1380,32,13,2026-01-03 17:16,03-Jan-2026 17:13
1381,6,64,2026-01-18 03:11,2026-01-18 03:16
1382,18,74,2026-03-08 03:24,
1383,30,34,28-Mar-2026 03:42,03/28/2026 04:04
1384,9,16,2026-04-14 12:50,2026-04-14 12:55
1385,40,88,2026-01-24 11:32,24-Jan-2026 12:02
1386,24,11,03/17/2026 05:16,03/17/2026 05:16
1387,4,32,2026-04-13 02:10,2026-04-13 02:15
1388,37,52,2026-01-14 06:50,2026-01-14 06:50
1389,30,83,08-Apr-2026 09:57,2026-04-08 09:57
1390,7,51,2026-03-20 20:18,2026-03-20 20:26
1391,39,63,02/08/2026 05:01,2026-02-08 17:06
1392,35,20,2026-03-27 13:19,2026-03-27 13:49
1393,39,49,12-Jan-2026 08:37,12-Jan-2026 08:52
1394,14,7,08-Feb-2026 12:01,2026-02-08 12:16
1395,12,11,2026-01-26 19:15,26-Jan-2026 19:20
1396,29,54,2026-04-06 12:47,06-Apr-2026 12:47
1397,6,55,04-Mar-2026 06:18,2026-03-04 06:20
1398,27,62,03/28/2026 01:29,2026-03-28 13:44
1399,37,50,01/02/2026 07:23,2026-01-02 19:25
1400,38,79,2026-01-27 07:50,2026-01-27 07:58
1401,30,19,01-Apr-2026 22:06,2026-04-01 22:21
1402,1,58,01/23/2026 09:16,2026-01-23 21:46
1403,14,25,03/18/2026 11:46,2026-03-18 12:16
1404,23,27,04-Feb-2026 19:11,2026-02-04 19:11
1405,24,3,24-Feb-2026 23:12,02/24/2026 11:12
1406,30,53,2026-03-16 17:00,03/16/2026 05:15
1407,22,15,2026-02-02 00:08,02/02/2026 12:05
1408,35,56,2026-03-11 11:04,03/11/2026 11:19
1409,40,13,16-Jan-2026 22:49,01/16/2026 10:49
1410,27,14,04/01/2026 08:49,2026-04-01 08:46
1411,29,65,16-Apr-2026 19:26,2026-04-16 19:41
1412,30,71,2026-03-11 08:57,2026-03-11 08:57
1413,30,53,04/28/2026 09:26,28-Apr-2026 09:26
1414,15,65,2026-02-21 15:05,21-Feb-2026 15:10
1415,27,87,2026-02-13 23:22,2026-02-13 23:22
1416,10,48,05-Apr-2026 11:23,2026-04-05 11:31
1417,37,56,02/14/2026 12:34,02/14/2026 01:04
1418,4,74,2026-03-20 02:46,2026-03-20 02:46
1419,21,67,2026-01-29 20:15,01/29/2026 08:15
1420,37,51,25-Apr-2026 04:47,25-Apr-2026 04:47
1421,14,12,2026-01-17 23:28,
1422,38,20,01/06/2026 01:32,01/06/2026 01:32
1423,2,17,03/24/2026 02:16,2026-03-24 14:16
1424,15,39,02/05/2026 06:51,02/05/2026 07:06
1425,4,36,16-Jan-2026 02:28,16-Jan-2026 02:58
1426,8,59,2026-04-19 11:30,19-Apr-2026 11:35
1427,6,10,31-Mar-2026 23:23,2026-03-31 23:25
1428,32,3,2026-03-17 07:40,2026-03-17 07:40
1429,27,49,02/27/2026 02:04,2026-02-27 02:04
1430,1,23,04/14/2026 06:32,14-Apr-2026 06:32
1431,23,62,04/22/2026 06:37,
1432,34,33,2026-01-23 03:15,
1433,2,67,04/04/2026 03:50,2026-04-04 03:58
1434,14,4,2026-03-01 15:02,2026-03-01 15:02
1435,31,26,2026-01-17 17:49,2026-01-17 17:54
1436,32,56,04-Apr-2026 07:49,2026-04-04 07:54
1437,18,51,01/19/2026 05:33,2026-01-19 17:38
1438,14,63,20-Mar-2026 21:51,20-Mar-2026 21:56
1439,40,14,2026-04-21 13:18,2026-04-21 13:26
1440,5,58,31-Jan-2026 10:43,01/31/2026 10:48
1441,19,78,28-Apr-2026 10:28,2026-04-28 10:43
1442,12,42,03/20/2026 04:01,2026-03-20 04:01
1443,24,48,01/27/2026 09:41,01/27/2026 09:49
1444,22,28,03/26/2026 05:15,03/26/2026 05:17
1445,25,37,2026-04-20 13:18,2026-04-20 13:15
1446,39,86,01/14/2026 02:54,2026-01-14 15:09
1447,21,26,2026-02-05 21:14,05-Feb-2026 21:14
1448,27,16,2026-01-23 14:10,2026-01-23 14:40
1449,37,3,2026-02-21 21:20,21-Feb-2026 21:50
1450,30,37,24-Jan-2026 20:36,24-Jan-2026 20:33
1451,3,44,2026-04-28 09:04,04/28/2026 09:19
1452,18,41,2026-03-04 22:55,2026-03-04 23:03
1453,4,51,02/24/2026 07:55,24-Feb-2026 07:55
1454,40,14,2026-01-06 07:57,2026-01-06 07:57
1455,21,89,2026-03-21 07:31,21-Mar-2026 07:39
1456,35,1,2026-01-10 13:20,2026-01-10 13:20
1457,20,10,2026-02-18 00:14,2026-02-18 00:29
1458,11,18,2026-04-17 05:08,04/17/2026 05:08
1459,27,82,03/23/2026 08:00,03/23/2026 08:02
1460,32,36,02/28/2026 02:27,2026-02-28 14:27
1461,19,11,03/06/2026 06:19,03/06/2026 06:21
1462,5,64,2026-01-11 23:18,11-Jan-2026 23:40
1463,13,63,2026-01-20 00:43,01/20/2026 12:40
1464,21,40,03/24/2026 03:39,24-Mar-2026 15:39
1465,15,47,12-Mar-2026 04:36,2026-03-12 04:33
1466,26,25,2026-01-13 11:53,13-Jan-2026 11:58
1467,37,83,2026-01-19 13:55,2026-01-19 13:55
1468,30,24,2026-02-18 13:28,2026-02-18 13:50
1469,8,71,2026-01-16 07:17,01/16/2026 07:32
1470,33,43,2026-01-10 16:14,01/10/2026 04:14
1471,28,25,2026-02-23 12:31,02/23/2026 12:36
1472,32,67,2026-03-20 22:16,
1473,16,15,2026-02-09 23:21,2026-02-09 23:51
1474,5,69,2026-01-19 09:24,2026-01-19 09:39
1475,7,29,2026-02-18 20:04,2026-02-18 20:06
1476,19,77,02/22/2026 10:11,22-Feb-2026 10:08
1477,40,62,25-Feb-2026 13:58,2026-02-25 13:58
1478,5,22,2026-02-04 02:31,02/04/2026 02:31
1479,28,43,2026-01-04 18:59,2026-01-04 18:59
1480,1,77,06-Mar-2026 02:32,06-Mar-2026 02:54
1481,31,15,09-Jan-2026 05:22,09-Jan-2026 05:27
1482,34,65,01/31/2026 10:57,2026-01-31 10:57
1483,22,58,03/31/2026 07:44,03/31/2026 07:49
1484,17,47,2026-03-25 12:18,25-Mar-2026 12:26
1485,39,62,2026-01-21 12:39,2026-01-21 12:39
1486,27,29,2026-01-26 18:48,
1487,37,90,2026-03-20 09:50,20-Mar-2026 09:52
1488,25,82,20-Jan-2026 15:33,20-Jan-2026 15:30
1489,29,68,2026-02-01 20:22,2026-02-01 20:30
1490,27,36,2026-02-26 07:27,26-Feb-2026 07:35
1491,8,56,03/24/2026 08:02,2026-03-24 20:10
1492,1,64,2026-01-27 18:49,01/27/2026 06:54
1493,11,39,2026-03-30 14:58,2026-03-30 14:58
1494,14,37,2026-04-18 23:10,2026-04-18 23:10
1495,1,7,2026-02-15 18:31,02/15/2026 06:28
1496,36,20,01/16/2026 03:45,2026-01-16 15:47
1497,6,38,2026-02-09 20:12,09-Feb-2026 20:14
1498,25,55,14-Mar-2026 15:45,14-Mar-2026 15:50
1499,39,40,02/01/2026 01:10,01-Feb-2026 13:18
1500,9,88,2026-02-06 07:39,2026-02-06 07:41
1501,6,39,14-Apr-2026 03:47,2026-04-14 03:47
1502,28,13,01/26/2026 05:35,26-Jan-2026 05:32
1503,23,60,2026-03-06 11:29,2026-03-06 11:44
1504,36,4,2026-03-18 15:01,03/18/2026 03:06
1505,38,66,2026-03-09 22:08,09-Mar-2026 22:38
1506,4,51,2026-01-23 22:13,
1507,34,59,2026-01-10 21:26,2026-01-10 21:26
1508,7,38,2026-04-13 22:27,2026-04-13 22:27
1509,38,87,04/03/2026 11:48,
1510,14,67,01/27/2026 05:48,2026-01-27 05:48
1511,10,39,2026-04-25 08:49,25-Apr-2026 08:49
1512,40,89,2026-02-06 12:52,
1513,39,16,2026-04-05 15:08,2026-04-05 15:30
1514,33,57,2026-03-13 03:03,2026-03-13 03:18
1515,12,31,2026-04-10 12:39,10-Apr-2026 13:01
1516,40,16,2026-03-20 16:58,
1517,10,85,2026-02-13 19:33,2026-02-13 19:30
1518,31,38,02/22/2026 04:37,2026-02-22 16:59
1519,18,51,03/12/2026 05:40,12-Mar-2026 05:55
1520,10,4,2026-02-21 14:17,02/21/2026 02:17
1521,3,83,29-Apr-2026 09:44,29-Apr-2026 09:44
1522,23,18,27-Mar-2026 04:19,27-Mar-2026 04:19
1523,23,65,2026-04-02 14:32,2026-04-02 14:29
1524,5,23,2026-04-30 09:45,2026-04-30 10:15
1525,9,36,2026-04-30 20:47,2026-04-30 21:09
1526,31,78,2026-04-30 23:05,04/30/2026 11:02
1527,34,34,01/24/2026 01:27,2026-01-24 13:57
1528,40,52,2026-01-13 07:13,2026-01-13 07:13
1529,7,64,2026-03-28 17:28,2026-03-28 17:30
1530,12,50,18-Mar-2026 11:15,
1531,17,15,07-Jan-2026 19:28,
1532,24,78,25-Apr-2026 22:09,2026-04-25 22:17
1533,29,49,25-Jan-2026 06:01,2026-01-25 06:03
1534,32,57,2026-02-22 01:56,22-Feb-2026 02:11
1535,13,12,2026-04-16 23:16,2026-04-16 23:16
1536,9,1,03/07/2026 10:56,2026-03-07 10:56
1537,34,64,04-Feb-2026 14:43,02/04/2026 03:05
1538,23,80,12-Apr-2026 16:59,2026-04-12 17:21
1539,25,10,2026-04-14 14:39,2026-04-14 14:44
1540,32,30,01/10/2026 08:54,10-Jan-2026 08:56
1541,19,33,03/13/2026 01:47,
1542,11,37,01/14/2026 02:42,14-Jan-2026 14:39
1543,33,40,03/14/2026 04:13,03/14/2026 04:13
1544,17,84,2026-01-06 10:58,2026-01-06 11:00
1545,4,18,02/07/2026 04:18,2026-02-07 04:18
1546,5,73,04/22/2026 01:08,2026-04-22 01:08
1547,5,54,04/19/2026 09:20,2026-04-19 21:17
1548,9,35,2026-01-08 14:22,01/08/2026 02:24
1549,28,62,02/25/2026 05:39,2026-02-25 05:41
1550,4,4,02/05/2026 05:05,02/05/2026 05:05
1551,4,50,03/10/2026 04:08,03/10/2026 04:23
1552,8,57,22-Jan-2026 11:31,2026-01-22 11:39
1553,22,56,2026-01-11 13:04,2026-01-11 13:04
1554,35,73,09-Jan-2026 08:00,
1555,16,8,2026-01-14 22:43,2026-01-14 22:48
1556,23,78,30-Apr-2026 06:39,04/30/2026 06:39
1557,31,85,01/23/2026 06:40,
1558,35,27,04/01/2026 02:22,2026-04-01 02:24
1559,20,47,2026-04-11 09:07,11-Apr-2026 09:04
1560,21,90,04/09/2026 01:29,
1561,27,80,2026-03-30 12:16,30-Mar-2026 12:16
1562,34,30,02/25/2026 12:17,02/25/2026 12:25
1563,10,5,02/12/2026 07:11,12-Feb-2026 19:33
1564,2,64,2026-01-07 03:28,07-Jan-2026 03:33
1565,6,8,20-Feb-2026 19:22,20-Feb-2026 19:22
1566,25,57,2026-01-09 02:03,01/09/2026 02:18
1567,20,5,04/09/2026 02:03,04/09/2026 02:33
1568,22,34,2026-04-18 13:56,
1569,40,56,03/19/2026 07:59,19-Mar-2026 19:59
1570,36,50,22-Feb-2026 07:45,2026-02-22 08:07
1571,37,67,2026-02-17 08:23,2026-02-17 08:25
1572,1,36,2026-02-19 22:50,2026-02-19 22:47
1573,37,51,01/08/2026 12:40,01/08/2026 12:45
1574,39,2,2026-01-23 15:06,23-Jan-2026 15:11
1575,29,60,2026-01-04 03:26,2026-01-04 03:34
1576,36,28,2026-03-16 09:14,16-Mar-2026 09:19
1577,36,41,2026-01-12 15:48,2026-01-12 15:53
1578,32,17,02/11/2026 09:36,02/11/2026 10:06
1579,15,15,2026-04-30 03:59,04/30/2026 04:21
1580,3,71,2026-02-11 11:56,11-Feb-2026 12:01
1581,2,87,03/06/2026 07:44,
1582,16,45,2026-01-20 20:56,2026-01-20 20:53
1583,14,42,2026-04-14 19:57,2026-04-14 20:12
1584,28,37,2026-01-27 01:07,2026-01-27 01:15
1585,27,84,2026-03-10 05:09,2026-03-10 05:39
1586,24,6,22-Feb-2026 22:50,2026-02-22 22:50
1587,14,41,04/03/2026 11:42,04/04/2026 12:12
1588,14,49,2026-04-17 01:47,04/17/2026 02:02
1589,6,10,02/10/2026 09:12,02/10/2026 09:09
1590,35,16,04/07/2026 01:48,04/07/2026 01:45
1591,21,35,05-Feb-2026 12:04,2026-02-05 12:06
1592,24,30,2026-03-24 23:30,2026-03-24 23:32
1593,27,47,2026-01-15 12:10,01/15/2026 12:18
1594,39,30,03/23/2026 05:34,23-Mar-2026 17:34
1595,16,53,04/17/2026 10:50,2026-04-17 10:55
1596,8,11,2026-03-16 08:46,2026-03-16 09:16
1597,13,24,2026-03-24 15:51,03/24/2026 03:56
1598,31,13,24-Jan-2026 00:14,01/24/2026 12:14
1599,5,17,04-Apr-2026 17:37,2026-04-04 17:52
1600,26,90,2026-04-12 09:18,12-Apr-2026 09:26
1601,22,76,04/21/2026 07:42,2026-04-21 19:42
1602,23,58,03/16/2026 10:24,2026-03-16 10:39
1603,31,90,01/25/2026 12:06,25-Jan-2026 12:36
1604,33,11,28-Jan-2026 17:13,01/28/2026 05:21
1605,30,49,2026-02-28 08:00,2026-02-28 08:30
1606,7,30,2026-02-24 03:08,
1607,34,68,04/16/2026 01:18,2026-04-16 13:23
1608,21,23,2026-01-27 01:38,2026-01-27 01:40
1609,18,74,2026-04-23 01:03,2026-04-23 01:03
1610,18,63,2026-03-21 21:39,21-Mar-2026 21:44
1611,7,30,2026-02-20 17:20,02/20/2026 05:17
1612,2,77,08-Jan-2026 05:38,2026-01-08 05:40
1613,2,48,2026-02-06 23:32,02/06/2026 11:47
1614,34,17,2026-03-24 14:53,2026-03-24 14:53
1615,28,64,2026-02-17 21:18,02/17/2026 09:23
1616,8,46,01/15/2026 09:26,2026-01-15 09:26
1617,33,43,2026-02-20 06:20,02/20/2026 06:20
1618,21,5,2026-03-20 21:27,2026-03-20 21:24
1619,36,85,2026-04-24 23:23,2026-04-24 23:23
1620,38,49,02/10/2026 02:06,2026-02-10 02:06
1621,12,64,2026-02-21 10:41,21-Feb-2026 10:41
1622,14,1,2026-03-21 01:34,03/21/2026 01:36
1623,3,54,02/17/2026 09:23,02/17/2026 09:25
1624,31,68,30-Apr-2026 14:13,30-Apr-2026 14:15
1625,32,63,2026-04-25 16:37,2026-04-25 16:59
1626,15,15,2026-02-22 07:06,02/22/2026 07:08
1627,8,23,26-Mar-2026 14:27,03/26/2026 02:35
1628,9,62,03/31/2026 01:14,2026-03-31 01:14
1629,33,28,2026-03-16 10:58,03/16/2026 11:03
1630,27,51,2026-03-22 10:54,2026-03-22 10:54
1631,15,44,26-Apr-2026 19:53,2026-04-26 20:08
1632,11,69,02/07/2026 12:54,02/07/2026 01:24
1633,9,78,2026-04-09 06:16,2026-04-09 06:31
1634,22,46,2026-04-11 15:37,
1635,14,47,2026-04-08 11:30,2026-04-08 11:27
1636,15,38,30-Jan-2026 09:11,01/30/2026 09:13
1637,16,2,07-Jan-2026 13:36,2026-01-07 13:33
1638,26,63,2026-01-08 16:44,01/08/2026 04:46
1639,16,5,02/19/2026 02:23,02/19/2026 02:38
1640,9,35,2026-01-16 11:00,2026-01-16 11:15
1641,35,78,2026-01-28 15:25,2026-01-28 15:40
1642,39,40,2026-02-28 22:23,2026-02-28 22:28
1643,13,13,18-Feb-2026 02:36,2026-02-18 02:51
1644,6,29,03/15/2026 11:17,03/15/2026 11:14
1645,25,3,04/01/2026 11:34,04/01/2026 11:31
1646,29,29,16-Apr-2026 04:47,2026-04-16 04:49
1647,31,73,01/20/2026 08:00,2026-01-20 20:00
1648,11,27,03/31/2026 04:01,03/31/2026 04:16
1649,31,67,04/14/2026 03:41,
1650,32,33,2026-03-16 23:26,2026-03-16 23:26
1651,37,77,16-Mar-2026 00:10,03/16/2026 12:12
1652,32,70,2026-04-01 23:43,2026-04-01 23:51
1653,31,66,11-Apr-2026 23:59,11-Apr-2026 23:59
1654,28,90,2026-01-15 02:37,01/15/2026 02:37
1655,8,22,2026-02-05 22:18,05-Feb-2026 22:18
1656,32,22,24-Apr-2026 23:45,2026-04-24 23:42
1657,1,38,2026-01-22 09:43,01/22/2026 09:48
1658,40,48,04/13/2026 03:19,04/13/2026 03:16
1659,40,48,04/05/2026 01:12,05-Apr-2026 13:14
1660,9,22,04/06/2026 11:02,2026-04-06 11:10
1661,10,61,13-Jan-2026 04:56,
1662,13,26,01/18/2026 02:01,01/18/2026 02:01
1663,39,21,2026-01-13 03:43,2026-01-13 03:45
1664,1,25,2026-02-19 23:39,02/19/2026 11:54
1665,20,48,04/24/2026 04:29,04/24/2026 04:26
1666,13,10,2026-04-18 21:16,2026-04-18 21:21
1667,37,14,01/24/2026 01:34,2026-01-24 01:49
1668,38,78,20-Feb-2026 11:16,02/20/2026 11:46
1669,31,27,2026-01-31 14:26,2026-01-31 14:28
1670,40,19,2026-01-27 02:13,2026-01-27 02:21
1671,4,18,04-Apr-2026 03:40,2026-04-04 04:02
1672,33,16,02/13/2026 07:57,02/13/2026 08:12
1673,23,40,2026-04-06 00:35,
1674,39,28,31-Jan-2026 05:46,31-Jan-2026 05:46
1675,36,57,03/31/2026 05:15,03/31/2026 05:15
1676,28,84,2026-03-05 09:13,03/05/2026 09:35
1677,23,55,02/08/2026 10:01,2026-02-08 22:03
1678,12,2,2026-02-05 15:37,02/05/2026 03:37
1679,22,13,09-Mar-2026 03:36,03/09/2026 03:36
1680,3,83,02/20/2026 01:16,2026-02-20 01:21
1681,4,74,06-Jan-2026 12:56,01/06/2026 01:26
1682,32,23,03/28/2026 04:31,28-Mar-2026 04:28
1683,3,48,01/06/2026 05:59,06-Jan-2026 05:59
1684,9,11,18-Mar-2026 09:08,03/18/2026 09:30
1685,4,41,18-Jan-2026 17:52,01/18/2026 05:54
1686,2,43,27-Feb-2026 14:43,02/27/2026 03:13
1687,24,67,03-Jan-2026 13:54,2026-01-03 13:54
1688,33,19,2026-02-18 12:57,02/18/2026 01:02
1689,33,53,02/01/2026 11:42,2026-02-01 11:42
1690,36,45,2026-01-22 10:18,01/22/2026 10:18
1691,30,12,22-Jan-2026 03:57,2026-01-22 03:57
1692,38,81,01/04/2026 03:51,01/04/2026 03:53
1693,30,11,2026-02-14 21:59,02/14/2026 10:01
1694,9,40,2026-01-10 17:01,2026-01-10 17:06
1695,21,53,11-Feb-2026 03:14,2026-02-11 03:16
1696,19,34,2026-03-22 00:38,2026-03-22 01:08
1697,34,58,04/25/2026 08:59,2026-04-25 21:29
1698,35,73,08-Feb-2026 08:23,2026-02-08 08:28
1699,33,71,2026-02-18 23:03,2026-02-18 23:08
1700,17,5,01/21/2026 11:44,2026-01-22 00:06
1701,38,42,03/09/2026 06:31,2026-03-09 18:31
1702,7,81,07-Mar-2026 07:59,
1703,27,61,2026-03-02 22:22,02-Mar-2026 22:22
1704,20,21,03/26/2026 11:39,27-Mar-2026 00:01
1705,30,76,04/15/2026 08:25,15-Apr-2026 20:47
1706,17,48,2026-04-20 09:33,2026-04-20 09:38
1707,15,65,2026-01-20 15:13,2026-01-20 15:43
1708,2,21,2026-04-04 05:51,04-Apr-2026 06:21
1709,34,26,04/14/2026 09:34,04/14/2026 09:42
1710,4,12,02/26/2026 07:14,2026-02-26 07:22
1711,11,59,01/01/2026 03:41,2026-01-01 03:41
1712,6,24,12-Feb-2026 23:54,2026-02-12 23:56
1713,36,48,2026-01-01 21:36,01/01/2026 09:58
1714,26,90,08-Feb-2026 16:23,02/08/2026 04:45
1715,7,50,2026-01-24 09:26,01/24/2026 09:41
1716,19,87,03/19/2026 07:04,2026-03-19 07:12
1717,38,4,10-Feb-2026 08:35,2026-02-10 08:37
1718,22,65,01/01/2026 06:57,01/01/2026 06:57
1719,9,64,2026-02-04 05:15,2026-02-04 05:15
1720,12,55,2026-01-28 10:37,2026-01-28 10:59
1721,27,23,2026-01-30 18:31,2026-01-30 18:31
1722,6,45,01/19/2026 11:02,2026-01-19 11:02
1723,9,74,2026-04-03 06:59,04/03/2026 07:21
1724,26,55,2026-01-10 22:09,01/10/2026 10:09
1725,29,65,03/09/2026 08:53,09-Mar-2026 20:50
1726,8,23,03/19/2026 04:46,2026-03-19 04:46
1727,22,76,2026-02-16 22:30,2026-02-16 22:52
1728,30,37,2026-01-08 06:04,2026-01-08 06:12
1729,39,88,2026-03-09 05:28,03/09/2026 05:33
1730,2,70,2026-02-18 15:34,2026-02-18 15:34
1731,20,82,01/07/2026 11:36,01/07/2026 11:36
1732,26,32,2026-02-01 21:36,02/01/2026 09:36
1733,28,36,04-Mar-2026 21:00,04-Mar-2026 21:02
1734,34,73,2026-03-25 10:51,2026-03-25 10:51
1735,7,49,04-Apr-2026 07:43,
1736,20,55,2026-03-14 22:51,03/14/2026 10:56
1737,6,56,01/22/2026 04:40,01/22/2026 04:45
1738,35,32,2026-01-09 21:20,2026-01-09 21:35
1739,12,36,04/02/2026 07:21,04/02/2026 07:21
1740,18,1,2026-03-16 03:00,2026-03-16 03:00
1741,30,77,2026-04-26 13:43,04/26/2026 01:43
1742,15,9,2026-04-22 07:11,04/22/2026 07:33
1743,39,43,2026-04-09 13:39,2026-04-09 13:39
1744,21,45,2026-03-22 21:32,2026-03-22 21:54
1745,11,87,2026-03-13 00:12,
1746,37,11,2026-04-25 22:33,2026-04-25 22:33
1747,34,48,2026-02-25 08:20,2026-02-25 08:42
1748,40,75,01/31/2026 08:28,31-Jan-2026 08:43
1749,2,37,04/12/2026 07:07,12-Apr-2026 07:22
1750,9,49,21-Apr-2026 12:33,2026-04-21 12:48
1751,8,74,2026-02-22 16:11,02/22/2026 04:26
1752,23,28,18-Mar-2026 03:03,03/18/2026 03:11
1753,21,65,04/08/2026 12:11,2026-04-08 12:26
1754,30,37,2026-03-23 19:42,2026-03-23 19:57
1755,35,43,03/26/2026 11:20,2026-03-26 11:20
1756,27,54,2026-03-16 16:36,
1757,15,18,04/21/2026 11:50,04/22/2026 12:20
1758,27,3,03/01/2026 04:02,03/01/2026 04:24
1759,24,3,20-Apr-2026 11:18,04/20/2026 11:15
1760,13,21,2026-03-25 08:01,2026-03-25 08:01
1761,13,42,2026-01-25 03:33,01/25/2026 03:35
1762,30,32,2026-04-20 19:38,20-Apr-2026 19:38
1763,33,83,21-Jan-2026 05:39,2026-01-21 05:39
1764,5,1,01/06/2026 09:13,06-Jan-2026 21:10
1765,25,10,17-Mar-2026 22:17,2026-03-17 22:14
1766,39,83,04/08/2026 05:49,2026-04-08 05:49
1767,26,6,2026-03-08 03:36,2026-03-08 03:58
1768,8,14,27-Jan-2026 13:48,01/27/2026 02:18
1769,8,22,2026-03-08 17:06,03/08/2026 05:08
1770,14,34,2026-01-18 16:20,18-Jan-2026 16:42
1771,32,32,2026-02-17 07:57,02/17/2026 08:05
1772,17,73,02/20/2026 02:47,02/20/2026 02:47
1773,2,29,03/09/2026 12:16,09-Mar-2026 12:21
1774,11,73,2026-04-26 09:31,2026-04-26 09:36
1775,9,19,2026-04-21 13:59,2026-04-21 14:01
1776,14,75,2026-02-25 03:38,
1777,24,66,2026-04-05 02:00,05-Apr-2026 02:00
1778,10,76,2026-04-02 05:19,04/02/2026 05:41
1779,34,62,2026-02-01 22:16,2026-02-01 22:16
1780,20,27,2026-02-10 20:01,02/10/2026 08:01
1781,23,64,03/25/2026 02:48,25-Mar-2026 14:48
1782,34,30,2026-02-06 20:52,
1783,7,43,2026-04-03 08:56,03-Apr-2026 08:53
1784,35,11,2026-01-11 04:33,2026-01-11 04:35
1785,12,89,29-Apr-2026 11:25,2026-04-29 11:47
1786,39,35,2026-04-11 11:37,11-Apr-2026 11:37
1787,9,67,2026-02-25 02:46,02/25/2026 03:16
1788,31,60,01/18/2026 09:20,01/18/2026 09:28
1789,5,26,2026-03-29 01:43,2026-03-29 01:45
1790,38,28,2026-04-19 21:59,2026-04-19 22:29
1791,8,57,2026-04-27 23:40,04/28/2026 12:10
1792,1,33,03/16/2026 02:56,2026-03-16 02:56
1793,31,66,21-Feb-2026 15:44,2026-02-21 15:41
1794,18,87,04/13/2026 04:12,13-Apr-2026 04:12
1795,12,63,2026-01-02 04:28,2026-01-02 04:50
1796,12,9,03/20/2026 03:30,2026-03-20 15:52
1797,35,24,02/05/2026 05:49,2026-02-05 05:51
1798,20,41,2026-04-07 13:21,2026-04-07 13:51
1799,10,42,2026-01-29 11:16,29-Jan-2026 11:16
1800,40,85,2026-01-29 14:31,01/29/2026 02:53
1801,27,35,11-Feb-2026 15:18,2026-02-11 15:23
1802,20,43,06-Mar-2026 10:21,2026-03-06 10:26
1803,26,54,01/02/2026 12:47,2026-01-02 01:02
1804,9,59,2026-02-19 22:01,02/19/2026 10:03
1805,17,38,2026-03-09 23:44,2026-03-09 23:59
1806,36,26,02/09/2026 03:15,2026-02-09 03:20
1807,16,21,03/01/2026 06:03,2026-03-01 06:33
1808,3,85,03/13/2026 12:12,2026-03-13 00:34
1809,39,76,2026-03-10 06:28,
1810,22,36,2026-04-08 22:06,2026-04-08 22:06
1811,5,42,17-Mar-2026 07:49,2026-03-17 08:19
1812,13,72,2026-01-17 00:30,01/17/2026 12:27
1813,17,72,07-Apr-2026 16:05,04/07/2026 04:05
1814,5,90,27-Feb-2026 03:43,02/27/2026 04:05
1815,14,24,2026-02-28 11:38,2026-02-28 11:46
1816,17,33,04/20/2026 09:14,
1817,8,83,2026-03-16 18:43,16-Mar-2026 18:43
1818,4,66,2026-03-09 23:44,09-Mar-2026 23:44
1819,21,69,2026-03-31 13:37,03/31/2026 01:37
1820,37,12,04/12/2026 03:12,12-Apr-2026 15:09
1821,6,74,03/27/2026 06:40,03/27/2026 06:40
1822,28,36,2026-03-26 18:44,03/26/2026 06:44
1823,5,24,04/28/2026 10:27,28-Apr-2026 22:42
1824,26,74,2026-02-23 11:41,2026-02-23 11:41
1825,21,55,2026-01-28 09:31,01/28/2026 09:39
1826,13,74,06-Mar-2026 13:28,2026-03-06 13:58
1827,10,27,2026-02-26 03:46,
1828,39,6,01/24/2026 04:17,24-Jan-2026 04:25
1829,15,85,2026-02-08 00:17,2026-02-08 00:22
1830,14,46,2026-01-05 23:15,2026-01-05 23:37
1831,25,4,22-Mar-2026 19:39,2026-03-22 19:41
1832,29,57,2026-03-14 16:02,14-Mar-2026 16:32
1833,6,23,03-Apr-2026 05:49,2026-04-03 05:49
1834,14,16,03/31/2026 12:56,2026-03-31 01:04
1835,14,12,2026-04-03 06:43,03-Apr-2026 06:43
1836,2,1,11-Mar-2026 04:22,2026-03-11 04:22
1837,20,9,21-Mar-2026 00:49,21-Mar-2026 00:51
1838,6,84,28-Apr-2026 03:51,28-Apr-2026 03:51
1839,18,83,2026-02-28 20:23,02/28/2026 08:23
1840,9,67,2026-01-29 08:31,2026-01-29 08:31
1841,14,85,2026-02-23 08:30,2026-02-23 08:30
1842,12,67,01/28/2026 01:23,2026-01-28 13:23
1843,8,21,2026-01-06 10:59,06-Jan-2026 11:07
1844,17,80,2026-02-28 10:47,
1845,2,61,01/07/2026 05:31,2026-01-07 05:46
1846,25,77,2026-04-06 14:39,06-Apr-2026 14:47
1847,6,54,2026-01-13 01:46,13-Jan-2026 02:01
1848,35,57,25-Jan-2026 11:13,2026-01-25 11:13
1849,31,33,2026-01-24 08:06,01/24/2026 08:36
1850,7,62,03/31/2026 05:05,2026-03-31 17:07
1851,33,17,2026-01-26 23:00,01/26/2026 11:00
1852,19,79,2026-01-20 03:44,2026-01-20 03:49
1853,30,86,04/18/2026 01:10,04/18/2026 01:15
1854,9,42,2026-03-18 19:50,03/18/2026 07:50
1855,25,81,01/09/2026 05:47,2026-01-09 17:47
1856,3,31,2026-01-30 11:17,
1857,31,62,2026-03-04 14:31,2026-03-04 15:01
1858,14,59,2026-04-24 02:33,04/24/2026 02:38
1859,33,44,03-Mar-2026 09:29,03-Mar-2026 09:37
1860,32,71,03/25/2026 01:40,03/25/2026 01:48
1861,17,9,2026-03-08 12:33,
1862,35,17,2026-01-18 05:14,2026-01-18 05:14
1863,19,17,2026-03-05 06:47,05-Mar-2026 06:47
1864,33,24,14-Mar-2026 08:57,2026-03-14 08:54
1865,15,3,02/06/2026 04:02,02/06/2026 04:32
1866,37,68,2026-04-06 13:57,2026-04-06 13:54
1867,34,22,2026-03-10 04:05,2026-03-10 04:35
1868,10,70,2026-04-21 23:40,21-Apr-2026 23:40
1869,26,38,12-Mar-2026 22:56,2026-03-12 23:18
1870,9,39,2026-01-01 01:32,2026-01-01 01:37
1871,40,77,2026-01-13 03:55,2026-01-13 03:55
1872,11,32,03/13/2026 05:20,03/13/2026 05:35
1873,16,45,2026-01-13 20:09,13-Jan-2026 20:09
1874,8,75,2026-01-28 15:25,01/28/2026 03:30
1875,1,82,01/22/2026 08:27,2026-01-22 08:57
1876,29,39,01/23/2026 05:32,2026-01-23 17:32
1877,22,35,2026-01-08 11:00,01/08/2026 11:00
1878,28,75,31-Jan-2026 15:59,01/31/2026 04:21
1879,15,67,2026-01-19 18:13,19-Jan-2026 18:43
1880,16,86,01-Apr-2026 00:38,2026-04-01 00:53
1881,7,36,20-Feb-2026 05:16,2026-02-20 05:24
1882,17,46,2026-01-16 03:02,2026-01-16 03:24
1883,32,29,2026-04-18 14:29,04/18/2026 02:51
1884,37,49,04/21/2026 10:23,2026-04-21 10:38
1885,7,76,27-Apr-2026 23:54,27-Apr-2026 23:54
1886,16,47,04/16/2026 02:35,16-Apr-2026 14:50
1887,3,45,04/28/2026 07:10,28-Apr-2026 19:40
1888,3,52,04/25/2026 08:17,2026-04-25 08:17
1889,12,4,25-Apr-2026 18:47,25-Apr-2026 19:02
1890,30,33,07-Mar-2026 06:41,2026-03-07 06:43
1891,4,42,03/25/2026 09:55,2026-03-25 09:55
1892,36,83,02/28/2026 02:19,28-Feb-2026 14:19
1893,6,43,03/06/2026 01:03,2026-03-06 01:05
1894,20,13,01/17/2026 11:06,01/17/2026 11:28
1895,25,26,18-Feb-2026 04:24,18-Feb-2026 04:32
1896,24,21,2026-01-31 16:22,2026-01-31 16:52
1897,33,90,04/27/2026 10:17,2026-04-27 22:14
1898,40,90,2026-01-14 19:45,14-Jan-2026 20:15
1899,26,34,01/27/2026 12:51,2026-01-27 13:06
1900,25,14,02/23/2026 12:07,23-Feb-2026 12:15
1901,29,6,02/14/2026 06:22,2026-02-14 18:27
1902,15,89,2026-02-09 20:43,2026-02-09 20:45
1903,19,32,04-Jan-2026 18:45,2026-01-04 19:07
1904,36,73,2026-02-04 23:54,2026-02-05 00:24
1905,37,50,02/17/2026 02:28,2026-02-17 14:33
1906,24,31,02/28/2026 06:46,
1907,9,42,02/14/2026 10:42,14-Feb-2026 22:42
1908,33,61,2026-04-08 11:01,2026-04-08 11:31
1909,23,90,28-Apr-2026 09:53,2026-04-28 09:55
1910,37,7,03/25/2026 06:48,2026-03-25 19:03
1911,11,3,2026-04-12 22:29,2026-04-12 22:37
1912,10,9,2026-03-06 12:27,2026-03-06 12:57
1913,2,77,2026-03-31 08:22,31-Mar-2026 08:22
1914,14,85,2026-03-24 07:18,2026-03-24 07:23
1915,37,66,2026-03-16 02:49,2026-03-16 03:19
1916,1,79,01/10/2026 03:26,01/10/2026 03:26
1917,5,79,01/12/2026 01:59,2026-01-12 14:01
1918,39,23,2026-02-02 23:50,2026-02-02 23:50
1919,7,52,04/15/2026 11:51,2026-04-15 12:06
1920,31,18,2026-03-04 11:52,03/04/2026 11:52
1921,17,64,2026-01-17 12:25,2026-01-17 12:27
1922,6,44,03/24/2026 05:37,24-Mar-2026 05:37
1923,4,72,01/11/2026 06:24,11-Jan-2026 18:24
1924,34,2,2026-01-01 20:21,01/01/2026 08:51
1925,5,23,02/04/2026 07:29,2026-02-04 07:26
1926,23,13,01/29/2026 03:46,01/29/2026 04:08
1927,12,65,28-Jan-2026 02:20,2026-01-28 02:50
1928,35,16,26-Feb-2026 17:41,02/26/2026 05:41
1929,11,13,2026-04-01 14:16,01-Apr-2026 14:46
1930,30,85,10-Apr-2026 18:09,04/10/2026 06:09
1931,5,44,2026-02-14 19:45,2026-02-14 20:07
1932,26,6,2026-03-07 05:31,07-Mar-2026 05:53
1933,38,13,2026-04-05 15:13,04/05/2026 03:10
1934,35,67,03/13/2026 06:13,2026-03-13 18:18
1935,29,26,23-Feb-2026 07:57,2026-02-23 08:12
1936,32,4,2026-03-31 10:15,2026-03-31 10:45
1937,32,37,01/11/2026 12:48,
1938,6,40,04/17/2026 10:41,04/17/2026 10:41
1939,4,69,2026-01-06 02:10,2026-01-06 02:12
1940,35,7,03/20/2026 11:19,03/20/2026 11:19
1941,3,28,2026-01-18 23:00,01/18/2026 11:02
1942,5,27,2026-04-01 03:53,2026-04-01 03:53
1943,25,27,22-Jan-2026 04:15,
1944,16,85,02-Mar-2026 05:04,2026-03-02 05:06
1945,26,6,2026-01-29 09:15,29-Jan-2026 09:20
1946,28,88,04/14/2026 08:43,2026-04-14 20:48
1947,18,53,2026-01-02 20:41,02-Jan-2026 20:46
1948,13,63,02/16/2026 03:13,2026-02-16 03:28
1949,29,17,2026-02-10 14:11,10-Feb-2026 14:11
1950,32,9,02/03/2026 09:06,03-Feb-2026 09:11
1951,26,37,2026-04-08 14:57,2026-04-08 15:02
1952,8,51,06-Feb-2026 19:06,2026-02-06 19:28
1953,34,5,2026-03-27 08:54,27-Mar-2026 08:54
1954,12,11,2026-01-13 06:28,01/13/2026 06:50
1955,29,77,01/08/2026 11:21,01/08/2026 11:23
1956,21,6,2026-04-14 13:07,14-Apr-2026 13:12
1957,23,60,06-Feb-2026 12:39,
1958,25,20,02/23/2026 02:55,2026-02-23 02:57
1959,29,4,2026-03-22 04:42,2026-03-22 04:39
1960,11,19,10-Apr-2026 14:25,
1961,5,53,04/05/2026 07:22,04/05/2026 07:22
1962,21,48,2026-01-07 23:54,2026-01-07 23:56
1963,1,73,11-Jan-2026 15:13,11-Jan-2026 15:13
1964,3,73,2026-04-10 07:41,10-Apr-2026 08:03
1965,25,37,2026-04-23 03:33,04/23/2026 03:35
1966,40,33,04-Mar-2026 19:58,04-Mar-2026 20:20
1967,10,59,08-Apr-2026 15:48,04/08/2026 03:53
1968,12,50,16-Feb-2026 19:46,2026-02-16 19:46
1969,20,19,2026-01-08 17:55,08-Jan-2026 17:52
1970,26,17,2026-04-25 01:13,25-Apr-2026 01:28
1971,30,58,22-Mar-2026 19:23,2026-03-22 19:31
1972,26,18,2026-04-07 11:19,04/07/2026 11:21
1973,40,47,03/26/2026 08:31,2026-03-26 08:46
1974,20,28,2026-03-13 12:17,2026-03-13 12:39
1975,40,53,2026-01-10 06:19,01/10/2026 06:19
1976,34,56,02-Feb-2026 19:48,
1977,14,50,04/14/2026 06:58,04/14/2026 07:28
1978,26,74,2026-02-06 00:14,06-Feb-2026 00:16
1979,9,63,02/27/2026 01:33,02/27/2026 01:30
1980,3,87,01/18/2026 04:04,18-Jan-2026 16:04
1981,4,43,2026-01-17 08:59,01/17/2026 09:01
1982,14,40,2026-01-13 00:27,13-Jan-2026 00:57
1983,29,61,03/03/2026 03:27,03-Mar-2026 15:27
1984,11,20,2026-01-30 17:16,2026-01-30 17:46
1985,36,71,2026-04-25 10:45,25-Apr-2026 10:47
1986,10,57,01/18/2026 04:06,2026-01-18 16:21
1987,31,22,01/04/2026 03:10,04-Jan-2026 15:18
1988,38,74,2026-02-03 02:26,
1989,32,86,2026-04-14 04:18,14-Apr-2026 04:18
1990,5,23,01/25/2026 01:34,2026-01-25 13:34
1991,13,82,2026-02-28 09:09,2026-02-28 09:09
1992,32,3,24-Apr-2026 04:57,2026-04-24 04:57
1993,17,25,2026-04-04 11:10,2026-04-04 11:10
1994,11,7,2026-04-29 05:17,29-Apr-2026 05:39
1995,22,6,02/19/2026 04:02,02/19/2026 04:24
1996,22,71,2026-01-06 17:04,2026-01-06 17:34
1997,37,3,2026-02-25 02:33,2026-02-25 02:48
1998,18,90,2026-03-10 07:01,2026-03-10 07:16
1999,22,17,03/05/2026 12:44,2026-03-05 01:06
2000,6,58,16-Jan-2026 10:28,16-Jan-2026 10:25
2001,2,17,2026-01-20 11:42,2026-01-20 11:42
2002,16,12,2026-01-14 17:28,
2003,22,80,2026-01-13 19:30,01/13/2026 07:52
2004,22,86,01/20/2026 06:23,
2005,9,26,2026-01-15 18:34,2026-01-15 18:34
2006,15,27,01/10/2026 02:26,2026-01-10 02:23
2007,13,64,04/21/2026 05:17,21-Apr-2026 05:47
2008,4,57,02/03/2026 03:57,
2009,13,34,27-Jan-2026 04:40,01/27/2026 04:42
2010,5,25,04-Feb-2026 01:13,2026-02-04 01:15
2011,38,38,2026-04-20 12:13,2026-04-20 12:15
2012,23,31,2026-04-07 14:00,2026-04-07 14:05
2013,11,9,2026-01-12 05:13,01/12/2026 05:13
2014,28,11,2026-03-23 04:18,2026-03-23 04:18
2015,24,90,04/21/2026 05:29,
2016,17,41,2026-03-24 01:31,2026-03-24 01:39
2017,32,41,10-Apr-2026 09:08,2026-04-10 09:38
2018,23,53,26-Mar-2026 15:22,2026-03-26 15:37
2019,30,58,2026-01-28 19:05,28-Jan-2026 19:20
2020,9,41,11-Mar-2026 10:36,2026-03-11 10:51
2021,28,85,2026-02-01 10:53,2026-02-01 10:55
2022,26,61,2026-01-28 06:55,2026-01-28 07:17
2023,20,71,2026-02-20 13:09,2026-02-20 13:31
2024,11,63,2026-01-11 21:05,01/11/2026 09:13
2025,39,38,2026-01-26 18:07,2026-01-26 18:09
2026,1,40,2026-04-25 23:06,2026-04-25 23:36
2027,8,77,01/24/2026 01:28,24-Jan-2026 13:36
2028,9,48,13-Apr-2026 21:57,
2029,29,48,2026-03-17 21:54,17-Mar-2026 21:56
2030,21,82,03/28/2026 04:29,03/28/2026 04:59
2031,13,17,02/28/2026 02:06,02/28/2026 02:08
2032,40,31,2026-02-15 08:19,2026-02-15 08:19
2033,7,50,01/28/2026 12:10,2026-01-28 00:32
2034,18,9,2026-03-23 19:49,03/23/2026 07:54
2035,24,8,2026-03-28 05:49,2026-03-28 05:57
2036,40,62,2026-04-13 06:52,2026-04-13 07:00
2037,21,78,2026-04-08 15:10,08-Apr-2026 15:12
2038,39,78,2026-01-22 21:52,
2039,13,68,2026-04-02 18:34,04/02/2026 06:49
2040,1,39,2026-02-17 12:16,02/17/2026 12:16
2041,27,11,2026-03-09 02:34,2026-03-09 02:34
2042,25,72,01/29/2026 01:50,29-Jan-2026 13:50
2043,30,36,02/06/2026 12:07,02/06/2026 12:07
2044,21,3,2026-01-23 13:23,2026-01-23 13:45
2045,21,49,2026-04-11 03:32,2026-04-11 03:40
2046,21,79,01/07/2026 06:52,2026-01-07 07:22
2047,33,8,2026-01-25 00:08,2026-01-25 00:08
2048,34,21,2026-02-12 18:47,2026-02-12 18:55
2049,27,44,2026-01-13 15:59,2026-01-13 15:56
2050,26,89,01/29/2026 05:08,2026-01-29 05:10
2051,8,34,2026-02-11 09:30,2026-02-11 09:27
2052,15,62,2026-01-08 17:13,08-Jan-2026 17:13
2053,9,65,2026-02-28 03:44,2026-02-28 03:59
2054,19,64,01/05/2026 06:43,2026-01-05 06:40
2055,13,76,2026-01-07 13:18,2026-01-07 13:18
2056,6,75,03/09/2026 12:19,2026-03-09 00:34
2057,35,1,04/25/2026 06:22,2026-04-25 06:19
2058,25,21,02/06/2026 04:44,2026-02-06 16:46
2059,17,51,01/22/2026 04:39,01/22/2026 05:01
2060,33,52,2026-02-07 05:52,
2061,7,27,02/06/2026 10:26,06-Feb-2026 10:31
2062,14,76,2026-02-25 05:26,
2063,15,73,2026-02-15 22:27,
2064,1,28,02-Feb-2026 22:26,02/02/2026 10:41
2065,30,51,04/20/2026 01:21,04/20/2026 01:43
2066,19,86,2026-02-15 05:47,15-Feb-2026 05:47
2067,40,7,03-Jan-2026 00:59,2026-01-03 01:04
2068,37,21,2026-01-18 16:48,18-Jan-2026 16:50
2069,24,10,2026-02-20 23:14,
2070,3,16,2026-02-24 23:40,2026-02-24 23:42
2071,2,61,2026-02-01 18:45,2026-02-01 18:47
2072,38,89,2026-04-12 11:30,
2073,37,62,01/12/2026 12:29,2026-01-12 12:29
2074,25,4,2026-01-07 18:21,2026-01-07 18:36
2075,1,74,01/09/2026 12:23,01/09/2026 12:28
2076,31,26,2026-02-18 15:47,2026-02-18 15:49
2077,29,1,2026-04-29 08:41,04/29/2026 08:56
2078,32,30,2026-01-09 14:37,2026-01-09 14:45
2079,31,70,2026-01-30 20:04,01/30/2026 08:01
2080,21,82,2026-03-05 03:08,2026-03-05 03:16
2081,23,38,27-Jan-2026 21:01,01/27/2026 09:23
2082,27,47,2026-03-20 14:10,2026-03-20 14:10
2083,23,83,2026-03-26 22:24,26-Mar-2026 22:24
2084,22,65,2026-04-24 18:56,24-Apr-2026 18:56
2085,37,18,07-Feb-2026 11:12,07-Feb-2026 11:27
2086,33,70,01/08/2026 03:24,08-Jan-2026 15:29
2087,11,30,2026-03-02 23:11,03/02/2026 11:19
2088,26,67,30-Apr-2026 14:00,04/30/2026 02:08
2089,7,29,04/27/2026 02:15,04/27/2026 02:17
2090,33,14,2026-04-01 03:34,
2091,20,31,2026-03-15 22:21,15-Mar-2026 22:21
2092,13,4,2026-01-03 22:51,03-Jan-2026 22:51
2093,5,9,2026-02-16 03:16,02/16/2026 03:24
2094,1,90,2026-04-19 18:46,2026-04-19 18:48
2095,40,76,03/29/2026 02:20,29-Mar-2026 02:42
2096,32,41,2026-03-05 23:42,03/05/2026 11:57
2097,7,55,04/17/2026 09:11,17-Apr-2026 21:33
2098,25,5,03/30/2026 05:41,03/30/2026 05:46
2099,6,32,25-Apr-2026 22:11,2026-04-25 22:19
2100,31,5,2026-02-28 18:39,2026-02-28 19:01
2101,27,13,01/02/2026 08:58,02-Jan-2026 20:58
2102,29,9,2026-04-02 09:35,2026-04-02 10:05
2103,35,84,2026-01-09 20:50,2026-01-09 20:47
2104,29,38,2026-01-30 15:02,2026-01-30 15:17
2105,10,10,2026-02-06 05:58,02/06/2026 06:13
2106,12,49,2026-01-08 23:41,09-Jan-2026 00:11
2107,15,57,2026-01-22 03:12,01/22/2026 03:42
2108,29,64,03/08/2026 06:01,08-Mar-2026 17:58
2109,24,82,2026-04-09 22:31,2026-04-09 22:36
2110,28,9,2026-01-12 20:45,2026-01-12 20:53
2111,33,32,2026-01-26 00:51,2026-01-26 01:21
2112,13,58,2026-04-10 09:09,10-Apr-2026 09:09
2113,12,75,2026-03-17 05:32,
2114,13,19,2026-02-24 16:13,2026-02-24 16:13
2115,33,2,01/21/2026 12:37,2026-01-21 12:34
2116,9,41,14-Feb-2026 08:38,02/14/2026 08:40
2117,31,62,2026-02-08 23:30,08-Feb-2026 23:27
2118,5,19,24-Jan-2026 02:40,2026-01-24 02:40
2119,5,73,2026-01-30 23:43,30-Jan-2026 23:51
2120,17,53,01/11/2026 08:42,
2121,21,51,2026-01-06 00:52,2026-01-06 01:00
2122,39,29,2026-01-24 04:17,24-Jan-2026 04:14
2123,11,31,04/20/2026 12:58,2026-04-20 00:58
2124,2,54,01/13/2026 01:49,01/13/2026 01:49
2125,3,48,2026-02-20 11:55,2026-02-20 12:03
2126,35,78,01-Mar-2026 13:04,03/01/2026 01:26
2127,25,89,04/18/2026 07:49,04/18/2026 08:19
2128,37,18,2026-03-27 10:31,03/27/2026 10:39
2129,40,81,2026-01-12 10:57,12-Jan-2026 11:02
2130,39,66,2026-02-11 11:27,02/11/2026 11:29
2131,23,40,04-Feb-2026 22:11,2026-02-04 22:26
2132,39,55,2026-04-30 23:42,30-Apr-2026 23:42
2133,19,25,03/07/2026 07:21,03/07/2026 07:23
2134,38,67,2026-02-01 13:39,02/01/2026 01:44
2135,14,77,26-Apr-2026 07:33,2026-04-26 07:55
2136,26,62,19-Feb-2026 06:52,2026-02-19 07:00
2137,39,10,2026-02-15 23:20,15-Feb-2026 23:17
2138,1,9,04-Feb-2026 09:26,2026-02-04 09:48
2139,36,75,02/20/2026 10:37,2026-02-20 10:42
2140,28,81,03/31/2026 02:55,2026-03-31 03:10
2141,9,24,2026-01-23 09:01,2026-01-23 09:01
2142,5,36,01/20/2026 01:30,20-Jan-2026 13:30
2143,28,27,08-Jan-2026 06:29,2026-01-08 06:29
2144,40,36,2026-02-21 17:38,02/21/2026 06:08
2145,18,71,06-Mar-2026 08:41,03/06/2026 08:38
2146,15,22,2026-03-11 18:32,2026-03-11 18:32
2147,40,35,2026-03-30 12:29,2026-03-30 12:44
2148,30,79,31-Jan-2026 03:42,2026-01-31 03:47
2149,16,86,2026-02-26 03:49,2026-02-26 04:04
2150,15,13,2026-01-15 22:15,01/15/2026 10:15
2151,25,79,2026-03-11 04:57,11-Mar-2026 04:59
2152,32,56,2026-04-06 09:06,
2153,33,79,12-Mar-2026 14:45,2026-03-12 14:53
2154,5,77,2026-03-10 18:02,2026-03-10 18:04
2155,26,36,02/15/2026 06:52,02/15/2026 07:07
2156,31,4,2026-04-13 13:08,04/13/2026 01:30
2157,2,50,2026-04-15 01:36,2026-04-15 01:58
2158,29,55,2026-01-17 06:51,2026-01-17 06:56
2159,17,62,2026-01-29 18:44,01/29/2026 06:41
2160,13,5,2026-03-11 10:33,03/11/2026 10:33
2161,11,12,04/23/2026 12:56,
2162,6,68,2026-02-16 10:44,2026-02-16 10:59
2163,12,30,2026-03-16 12:58,16-Mar-2026 13:00
2164,40,7,04/15/2026 05:46,2026-04-15 05:46
2165,31,55,2026-01-31 13:40,01/31/2026 01:42
2166,5,9,2026-01-19 11:30,2026-01-19 11:27
2167,30,71,03/09/2026 03:52,2026-03-09 03:52
2168,1,42,02/01/2026 06:34,02/01/2026 06:34
2169,4,51,2026-01-25 13:36,2026-01-25 13:36
2170,39,48,04/15/2026 11:15,2026-04-15 11:37
2171,8,32,01/30/2026 12:10,30-Jan-2026 12:10
2172,9,1,2026-02-22 06:48,02/22/2026 07:03
2173,26,68,26-Mar-2026 22:41,03/26/2026 10:49
2174,37,52,02/15/2026 06:30,15-Feb-2026 18:27
2175,9,5,2026-02-07 15:55,2026-02-07 16:00
2176,27,49,2026-03-10 10:31,
2177,32,26,2026-01-03 22:05,2026-01-03 22:05
2178,38,18,04/29/2026 03:50,2026-04-29 03:50
2179,15,57,2026-02-16 01:01,2026-02-16 01:23
2180,14,60,2026-01-24 17:47,
2181,10,82,2026-01-19 10:31,
2182,30,50,29-Apr-2026 22:53,
2183,19,46,04/04/2026 07:24,
2184,31,9,2026-03-06 04:01,2026-03-06 03:58
2185,7,19,2026-04-13 05:37,
2186,14,81,2026-04-05 20:40,04/05/2026 08:48
2187,30,45,2026-04-24 04:33,04/24/2026 04:30
2188,29,63,03/20/2026 09:35,
2189,36,73,2026-04-03 02:31,2026-04-03 02:46
2190,29,82,2026-02-18 15:00,2026-02-18 15:02
2191,25,36,2026-03-13 19:09,
2192,1,18,2026-02-05 09:45,2026-02-05 09:45
2193,37,33,2026-02-08 08:11,
2194,3,34,03/29/2026 08:47,29-Mar-2026 20:47
2195,32,15,01/15/2026 01:23,01/15/2026 01:31
2196,24,61,02/16/2026 11:35,02/16/2026 11:43
2197,21,68,01/29/2026 07:49,01/29/2026 08:19
2198,18,77,2026-02-14 15:43,
2199,31,35,01-Mar-2026 17:43,2026-03-01 17:58
2200,38,39,2026-02-16 21:39,16-Feb-2026 21:41
2201,15,32,26-Mar-2026 12:45,03/26/2026 12:42
2202,27,52,03/18/2026 07:54,2026-03-18 07:56
2203,31,85,01/13/2026 01:45,2026-01-13 01:45
2204,28,20,2026-03-17 09:46,
2205,24,16,2026-02-26 01:42,26-Feb-2026 02:04
2206,26,76,2026-02-08 23:06,2026-02-08 23:11
2207,11,44,01/29/2026 11:31,2026-01-29 23:31
2208,6,2,01/28/2026 07:33,28-Jan-2026 07:33
2209,10,7,2026-01-01 09:07,
2210,19,47,03/07/2026 12:51,07-Mar-2026 00:51
2211,22,13,08-Jan-2026 02:08,01/08/2026 02:08
2212,13,22,13-Mar-2026 03:42,03/13/2026 03:47
2213,40,68,14-Jan-2026 01:11,2026-01-14 01:11
2214,17,21,04/28/2026 03:20,04/28/2026 03:42
2215,19,5,13-Mar-2026 14:45,13-Mar-2026 15:07
2216,23,66,2026-02-25 18:40,2026-02-25 18:55
2217,16,40,2026-03-01 10:58,2026-03-01 10:58
2218,4,76,2026-01-22 10:19,2026-01-22 10:19
2219,5,37,03/02/2026 01:42,2026-03-02 14:04
2220,8,83,04/11/2026 12:15,11-Apr-2026 12:17
2221,3,47,2026-01-29 11:53,2026-01-29 11:53
2222,17,50,03-Feb-2026 23:06,02/03/2026 11:21
2223,21,58,25-Jan-2026 04:39,01/25/2026 04:54
2224,37,90,2026-02-03 11:44,2026-02-03 11:49
2225,32,43,2026-01-27 23:21,01/27/2026 11:18
2226,18,26,2026-02-02 20:40,02/02/2026 08:48
2227,40,48,2026-03-03 09:09,2026-03-03 09:06
2228,10,43,30-Apr-2026 21:45,04/30/2026 09:50
2229,34,76,22-Apr-2026 11:53,2026-04-22 11:53
2230,38,71,02/22/2026 07:52,2026-02-22 19:52
2231,2,53,04/18/2026 06:46,18-Apr-2026 07:08
2232,27,60,04/21/2026 07:42,2026-04-21 20:12
2233,17,39,29-Apr-2026 16:52,2026-04-29 17:22
2234,17,1,2026-04-07 14:51,2026-04-07 15:13
2235,1,56,09-Jan-2026 16:40,01/09/2026 04:45
2236,35,54,01/03/2026 11:24,01/03/2026 11:29
2237,4,64,2026-04-16 14:49,04/16/2026 02:54
2238,16,50,04/13/2026 01:58,2026-04-13 02:00
2239,28,11,03/01/2026 08:26,2026-03-01 20:26
2240,17,22,2026-04-30 16:28,30-Apr-2026 16:28
2241,14,21,2026-03-07 19:06,07-Mar-2026 19:11
2242,36,82,2026-01-13 11:40,13-Jan-2026 11:40
2243,1,31,01/13/2026 12:16,13-Jan-2026 00:21
2244,8,58,2026-03-03 10:41,2026-03-03 10:38
2245,8,62,2026-04-22 20:12,2026-04-22 20:12
2246,25,25,10-Apr-2026 06:28,10-Apr-2026 06:58
2247,6,9,2026-01-30 13:03,2026-01-30 13:00
2248,23,4,03-Mar-2026 22:16,2026-03-03 22:31
2249,33,52,2026-02-08 15:48,02/08/2026 04:10
2250,5,30,30-Apr-2026 14:35,04/30/2026 02:32
2251,25,42,2026-04-27 23:14,2026-04-27 23:14
2252,1,74,2026-03-06 16:51,03/06/2026 04:59
2253,27,1,27-Feb-2026 08:59,02/27/2026 08:59
2254,36,15,2026-04-18 22:21,04/18/2026 10:18
2255,22,16,24-Apr-2026 18:25,2026-04-24 18:33
2256,35,55,2026-02-23 10:06,02/23/2026 10:11
2257,9,90,17-Feb-2026 00:26,2026-02-17 00:31
2258,27,10,2026-04-07 15:48,2026-04-07 15:53
2259,2,37,2026-03-01 15:58,01-Mar-2026 15:58
2260,39,77,2026-01-19 05:26,01/19/2026 05:31
2261,21,16,02/03/2026 05:52,2026-02-03 05:52
2262,18,40,04/11/2026 03:53,11-Apr-2026 03:53
2263,36,74,2026-04-10 09:47,2026-04-10 09:52
2264,26,6,26-Feb-2026 18:40,2026-02-26 18:48
2265,4,18,2026-01-13 12:21,2026-01-13 12:21
2266,31,6,27-Mar-2026 10:04,2026-03-27 10:04
2267,38,72,2026-02-15 01:40,02/15/2026 02:10
2268,7,81,2026-01-04 01:35,2026-01-04 01:35
2269,33,31,2026-03-16 06:11,03/16/2026 06:16
2270,13,64,2026-04-10 16:20,04/10/2026 04:50
2271,13,68,2026-02-23 06:51,2026-02-23 07:21
2272,38,37,2026-02-19 00:51,02/19/2026 12:51
2273,17,83,2026-04-21 04:24,04/21/2026 04:39
2274,17,89,01/24/2026 08:04,2026-01-24 08:34
2275,16,17,2026-01-08 07:39,01/08/2026 07:39
2276,26,18,2026-02-09 17:02,02/09/2026 05:02
2277,8,90,2026-01-03 12:07,2026-01-03 12:29
2278,8,48,01-Mar-2026 04:26,03/01/2026 04:23
2279,29,85,06-Feb-2026 16:34,2026-02-06 16:49
2280,16,63,31-Mar-2026 00:05,2026-03-31 00:10
2281,30,21,01/12/2026 04:16,01/12/2026 04:38
2282,14,53,21-Jan-2026 02:25,2026-01-21 02:30
2283,1,61,2026-04-07 09:49,04/07/2026 09:54
2284,29,26,20-Feb-2026 04:10,2026-02-20 04:15
2285,15,57,2026-01-25 07:12,2026-01-25 07:34
2286,36,66,27-Apr-2026 20:27,04/27/2026 08:35
2287,7,35,04/30/2026 08:07,2026-04-30 20:22
2288,37,14,13-Feb-2026 21:55,02/13/2026 09:57
2289,36,79,04/15/2026 01:39,04/15/2026 01:39
2290,34,1,28-Jan-2026 03:24,2026-01-28 03:21
2291,22,1,2026-03-29 13:36,03/29/2026 01:41
2292,28,33,02/19/2026 12:07,02/19/2026 12:37
2293,23,13,2026-03-11 03:54,2026-03-11 03:56
2294,22,46,03/27/2026 07:30,2026-03-27 19:52
2295,36,3,2026-01-14 21:13,2026-01-14 21:15
2296,3,27,2026-03-27 00:42,2026-03-27 00:42
2297,36,57,2026-01-25 16:58,2026-01-25 17:06
2298,17,2,2026-04-17 22:49,17-Apr-2026 23:19
2299,14,12,04-Mar-2026 01:02,04-Mar-2026 01:02
2300,39,69,25-Apr-2026 12:36,04/25/2026 12:58
2301,35,22,04/30/2026 03:46,30-Apr-2026 16:08
2302,14,53,2026-03-02 05:02,02-Mar-2026 05:04
2303,18,1,03/19/2026 06:03,03/19/2026 06:25
2304,11,4,18-Jan-2026 18:01,2026-01-18 18:06
2305,11,30,01/09/2026 05:30,2026-01-09 05:32
2306,19,59,01/12/2026 03:42,2026-01-12 03:42
2307,14,47,04/25/2026 03:58,2026-04-25 04:13
2308,5,21,2026-03-28 05:45,03/28/2026 05:45
2309,27,14,01/16/2026 10:36,2026-01-16 10:36
2310,28,30,2026-01-31 06:05,31-Jan-2026 06:02
2311,34,76,17-Apr-2026 14:36,17-Apr-2026 14:36
2312,39,69,2026-04-14 06:32,04/14/2026 06:32
2313,29,36,2026-02-27 11:26,2026-02-27 11:26
2314,19,49,2026-04-08 11:24,2026-04-08 11:54
2315,9,7,02/11/2026 07:44,02/11/2026 07:44
2316,26,84,04/16/2026 04:57,04/16/2026 04:57
2317,35,30,2026-01-24 00:22,
2318,39,70,2026-01-14 12:03,01/14/2026 12:11
2319,6,34,2026-02-17 12:56,2026-02-17 12:56
2320,32,27,26-Jan-2026 10:24,01/26/2026 10:24
2321,40,57,2026-01-14 00:06,01/14/2026 12:06
2322,21,59,01/30/2026 11:17,2026-01-30 23:25
2323,1,4,05-Jan-2026 09:45,2026-01-05 09:45
2324,38,11,01/16/2026 01:01,2026-01-16 01:01
2325,35,83,2026-03-09 15:16,2026-03-09 15:46
2326,10,46,2026-02-26 22:50,02/26/2026 10:47
2327,19,34,2026-01-29 23:52,01/30/2026 12:22
2328,35,62,2026-02-22 06:43,2026-02-22 06:43
2329,19,65,04/24/2026 04:03,2026-04-24 04:25
2330,28,60,2026-01-05 18:41,
2331,17,32,2026-03-10 19:03,03/10/2026 07:11
2332,18,68,2026-01-28 07:10,2026-01-28 07:12
2333,18,66,11-Feb-2026 11:28,2026-02-11 11:28
2334,11,74,03/10/2026 07:49,03/10/2026 07:49
2335,4,53,2026-02-07 20:24,02/07/2026 08:54
2336,40,46,01/04/2026 02:14,2026-01-04 02:11
2337,5,8,18-Feb-2026 18:04,2026-02-18 18:19
2338,34,16,12-Apr-2026 04:17,04/12/2026 04:22
2339,17,83,02/02/2026 07:16,02/02/2026 07:18
2340,25,25,04/07/2026 04:16,2026-04-07 04:18
2341,5,19,03/14/2026 07:59,03/14/2026 07:59
2342,20,53,2026-02-24 04:10,02/24/2026 04:25
2343,9,48,2026-04-07 04:16,2026-04-07 04:21
2344,3,50,23-Feb-2026 02:07,2026-02-23 02:07
2345,24,38,2026-01-08 16:53,2026-01-08 17:01
2346,12,38,04-Feb-2026 21:25,02/04/2026 09:25
2347,31,49,2026-02-26 00:29,02/26/2026 12:34
2348,34,65,01/05/2026 02:16,2026-01-05 02:24
2349,33,67,02-Feb-2026 11:40,2026-02-02 11:40
2350,4,87,2026-03-03 21:10,03-Mar-2026 21:10
2351,19,31,07-Feb-2026 06:05,2026-02-07 06:13
2352,34,33,2026-04-17 21:10,04/17/2026 09:25
2353,10,14,2026-01-17 09:28,2026-01-17 09:25
2354,8,70,01/09/2026 07:09,2026-01-09 19:39
2355,13,64,2026-02-09 11:08,2026-02-09 11:10
2356,27,5,14-Jan-2026 23:43,01/15/2026 12:13
2357,32,42,2026-03-12 21:03,03/12/2026 09:18
2358,34,2,02-Jan-2026 22:37,02-Jan-2026 22:37
2359,2,76,2026-01-20 10:22,2026-01-20 10:19
2360,39,68,2026-01-03 09:19,01/03/2026 09:41
2361,32,34,21-Feb-2026 15:16,21-Feb-2026 15:31
2362,40,88,2026-02-08 21:40,2026-02-08 21:48
2363,4,10,02/26/2026 03:46,02/26/2026 03:43
2364,37,37,01/20/2026 07:35,01/20/2026 07:50
2365,22,4,2026-04-17 18:42,2026-04-17 18:44
2366,11,28,04/21/2026 10:08,2026-04-21 10:10
2367,22,44,2026-03-18 03:26,03/18/2026 03:26
2368,19,17,04/05/2026 02:31,05-Apr-2026 14:31
2369,2,44,2026-02-13 06:18,13-Feb-2026 06:33
2370,3,67,2026-01-18 11:21,18-Jan-2026 11:21
2371,13,8,05-Apr-2026 17:02,05-Apr-2026 17:17
2372,6,4,2026-03-12 07:42,12-Mar-2026 07:50
2373,14,13,02/01/2026 10:48,2026-02-01 22:56
2374,28,66,2026-04-11 04:15,04/11/2026 04:37
2375,32,55,04/13/2026 04:40,13-Apr-2026 04:42
2376,17,38,2026-01-08 08:15,2026-01-08 08:12
2377,34,58,2026-02-05 07:54,02/05/2026 07:51
2378,34,18,2026-03-16 04:12,03/16/2026 04:20
2379,8,7,01/19/2026 03:43,01/19/2026 03:43
2380,4,65,09-Mar-2026 00:52,09-Mar-2026 00:52
2381,19,74,03-Feb-2026 02:12,03-Feb-2026 02:34
2382,38,22,03/15/2026 08:06,15-Mar-2026 08:36
2383,27,80,15-Apr-2026 06:13,15-Apr-2026 06:18
2384,39,77,2026-03-25 01:10,03/25/2026 01:10
2385,24,75,03/11/2026 10:09,2026-03-11 22:09
2386,7,38,01/04/2026 08:56,01/04/2026 09:26
2387,13,23,2026-02-04 15:45,2026-02-04 15:47
2388,10,56,03/15/2026 02:01,2026-03-15 14:01
2389,2,72,2026-03-28 02:28,03/28/2026 02:50
2390,2,83,2026-03-22 11:04,22-Mar-2026 11:01
2391,15,67,2026-04-21 10:50,21-Apr-2026 11:20
2392,16,67,01/26/2026 05:12,26-Jan-2026 05:12
2393,19,1,04-Mar-2026 17:56,04-Mar-2026 17:56
2394,37,79,2026-03-21 00:49,2026-03-21 00:49
2395,23,70,2026-01-27 16:33,2026-01-27 16:30
2396,25,45,03/16/2026 01:52,2026-03-16 01:54
2397,31,55,01/18/2026 09:16,01/18/2026 09:16
2398,34,41,2026-04-15 00:57,2026-04-15 00:57
2399,13,35,03/14/2026 01:49,14-Mar-2026 13:54
2400,18,81,08-Jan-2026 09:13,2026-01-08 09:13
2401,15,1,01/02/2026 04:27,2026-01-02 04:57
2402,25,9,2026-01-11 00:57,01/11/2026 01:12
2403,5,11,05-Feb-2026 04:41,2026-02-05 04:41
2404,5,49,2026-04-07 02:02,2026-04-07 02:02
2405,39,10,2026-02-28 12:11,28-Feb-2026 12:11
2406,34,26,17-Apr-2026 00:49,2026-04-17 00:49
2407,24,29,2026-04-27 01:17,
2408,32,57,03/22/2026 02:09,03/22/2026 02:09
2409,29,18,03/15/2026 09:41,03/15/2026 09:41
2410,23,3,04/12/2026 02:51,04/12/2026 03:13
2411,31,50,09-Jan-2026 16:22,2026-01-09 16:52
2412,17,3,14-Mar-2026 07:44,2026-03-14 07:49
2413,13,26,2026-02-06 21:27,06-Feb-2026 21:27
2414,21,46,2026-02-01 04:11,2026-02-01 04:26
2415,35,11,2026-03-26 12:21,03/26/2026 12:21
2416,6,78,2026-01-30 17:49,2026-01-30 18:04
2417,33,86,2026-02-27 20:17,27-Feb-2026 20:47
2418,25,16,2026-02-04 15:48,
2419,35,38,2026-02-25 21:43,
2420,11,75,2026-02-28 19:18,02/28/2026 07:23
2421,7,56,2026-02-20 03:12,
2422,29,27,15-Feb-2026 12:49,2026-02-15 12:46
2423,10,60,04/01/2026 11:02,2026-04-01 23:02
2424,11,82,17-Jan-2026 19:07,01/17/2026 07:37
2425,12,14,2026-04-25 08:56,2026-04-25 09:11
2426,35,44,03/31/2026 10:32,2026-03-31 10:54
2427,28,30,2026-04-09 04:29,2026-04-09 04:26
2428,21,53,2026-01-06 07:23,06-Jan-2026 07:45
2429,2,64,04/18/2026 03:40,04/18/2026 03:55
2430,8,59,03/29/2026 01:49,2026-03-29 02:11
2431,26,67,27-Jan-2026 16:15,
2432,1,49,2026-04-09 10:00,2026-04-09 10:00
2433,23,42,2026-01-29 23:37,2026-01-29 23:45
2434,22,70,23-Mar-2026 10:12,03/23/2026 10:27
2435,5,67,04/29/2026 01:34,2026-04-29 14:04
2436,37,51,03/25/2026 03:27,03/25/2026 03:24
2437,18,31,03/20/2026 06:31,20-Mar-2026 06:28
2438,11,17,07-Jan-2026 21:05,01/07/2026 09:35
2439,15,85,2026-04-09 17:16,04/09/2026 05:21
2440,19,83,2026-01-24 15:55,01/24/2026 04:25
2441,5,83,2026-01-16 07:03,01/16/2026 07:00
2442,3,89,2026-04-30 05:00,2026-04-30 05:00
2443,35,52,2026-03-23 11:30,2026-03-23 11:30
2444,40,58,2026-02-20 01:03,
2445,40,9,04/25/2026 06:58,04/25/2026 07:28
2446,25,70,28-Jan-2026 06:59,01/28/2026 07:14
2447,10,17,02/28/2026 06:36,02/28/2026 06:36
2448,35,41,2026-04-06 11:04,2026-04-06 11:06
2449,18,4,03/07/2026 02:25,2026-03-07 14:55
2450,30,73,2026-01-07 23:24,07-Jan-2026 23:29
2451,12,44,2026-03-10 04:20,2026-03-10 04:17
2452,38,51,2026-02-05 16:48,2026-02-05 17:18
2453,16,82,01/25/2026 05:30,01/25/2026 05:35
2454,15,25,10-Apr-2026 10:18,2026-04-10 10:18
2455,11,34,01/15/2026 11:48,01/15/2026 11:48
2456,22,62,02-Feb-2026 09:15,02-Feb-2026 09:15
2457,11,52,2026-04-18 05:55,04/18/2026 06:03
2458,24,14,10-Feb-2026 16:43,02/10/2026 04:43
2459,26,48,2026-03-08 14:13,2026-03-08 14:10
2460,25,72,2026-03-01 01:13,03/01/2026 01:35
2461,19,34,2026-02-10 19:34,2026-02-10 20:04
2462,33,74,14-Jan-2026 13:32,01/14/2026 01:54
2463,11,7,02/06/2026 06:05,2026-02-06 06:35
2464,3,12,2026-03-08 07:19,2026-03-08 07:27
2465,7,42,2026-03-01 16:01,2026-03-01 16:01
2466,14,54,03/28/2026 03:02,2026-03-28 15:02
2467,28,58,2026-02-27 18:23,27-Feb-2026 18:28
2468,10,90,28-Apr-2026 02:40,2026-04-28 02:40
2469,23,23,2026-03-25 03:03,03/25/2026 03:03
2470,34,61,2026-04-13 05:10,04/13/2026 05:10
2471,1,35,2026-03-07 17:10,03/07/2026 05:07
2472,23,52,30-Jan-2026 15:14,30-Jan-2026 15:11
2473,28,54,11-Jan-2026 15:01,01/11/2026 03:31
2474,29,69,2026-03-22 12:00,2026-03-22 12:00
2475,22,66,03-Mar-2026 09:37,03/03/2026 09:42
2476,22,76,18-Mar-2026 19:35,03/18/2026 07:43
2477,40,37,02/02/2026 08:42,02-Feb-2026 09:12
2478,6,89,19-Mar-2026 22:25,
2479,1,6,2026-01-08 19:19,01/08/2026 07:21
2480,15,10,2026-02-13 00:56,02/13/2026 12:56
2481,21,9,2026-02-07 22:16,02/07/2026 10:16
2482,28,72,02/03/2026 03:49,03-Feb-2026 03:54
2483,34,79,2026-03-11 17:38,2026-03-11 18:00
2484,15,55,23-Mar-2026 17:43,03/23/2026 05:48
2485,10,1,2026-01-24 14:49,24-Jan-2026 14:49
2486,19,27,01/13/2026 04:03,01/13/2026 04:03
2487,7,18,04-Feb-2026 15:58,2026-02-04 16:28
2488,1,81,02/25/2026 11:59,
2489,1,12,2026-04-05 14:07,2026-04-05 14:07
2490,36,60,2026-03-04 19:21,2026-03-04 19:43
2491,6,86,2026-03-25 00:24,2026-03-25 00:32
2492,21,34,03/08/2026 02:47,2026-03-08 02:47
2493,37,5,2026-03-01 05:50,2026-03-01 06:12
2494,36,31,2026-01-19 14:44,01/19/2026 02:44
2495,8,83,2026-03-27 08:05,2026-03-27 08:07
2496,14,73,04/30/2026 07:28,2026-04-30 07:28
2497,12,20,15-Apr-2026 23:24,04/15/2026 11:26
2498,11,13,03/19/2026 06:01,2026-03-19 18:31
2499,20,31,04/11/2026 04:41,2026-04-11 16:41
2500,24,90,02/14/2026 12:19,2026-02-14 12:16
2501,36,40,2026-02-18 13:34,02/18/2026 01:56
2502,32,29,30-Jan-2026 09:52,01/30/2026 09:52
2503,17,33,16-Apr-2026 03:36,04/16/2026 04:06
2504,8,24,03/23/2026 08:12,2026-03-23 08:42
2505,12,74,2026-02-01 17:39,2026-02-01 17:47
2506,39,60,06-Apr-2026 22:29,2026-04-06 22:31
2507,21,18,16-Apr-2026 12:13,2026-04-16 12:10
2508,10,4,2026-01-18 22:35,01/18/2026 10:35
2509,12,5,2026-01-09 02:16,09-Jan-2026 02:46
2510,30,67,04/02/2026 03:39,04/02/2026 03:47
2511,24,86,2026-04-04 15:09,2026-04-04 15:06
2512,4,6,2026-02-06 18:31,06-Feb-2026 18:33
2513,6,74,2026-04-15 11:11,15-Apr-2026 11:19
2514,11,27,14-Apr-2026 20:37,04/14/2026 08:37
2515,37,22,04/17/2026 08:06,2026-04-17 20:06
2516,31,36,30-Apr-2026 00:17,04/30/2026 12:17
2517,13,1,2026-04-15 22:58,04/15/2026 11:00
2518,32,12,21-Apr-2026 19:26,04/21/2026 07:26
2519,10,15,2026-02-07 17:28,2026-02-07 17:50
2520,9,7,01/21/2026 11:10,2026-01-21 23:10
2521,25,52,2026-01-20 00:35,01/20/2026 12:35
2522,3,58,01/25/2026 06:08,01/25/2026 06:05
2523,16,26,04/24/2026 09:48,04/24/2026 09:53
2524,28,49,2026-03-03 09:44,
2525,12,59,29-Apr-2026 10:37,2026-04-29 10:34
2526,19,23,2026-01-19 06:54,
2527,36,88,03/13/2026 08:50,13-Mar-2026 20:58
2528,37,86,01-Mar-2026 11:06,2026-03-01 11:11
2529,2,76,02/05/2026 06:05,02/05/2026 06:13
2530,5,84,01-Jan-2026 05:24,01/01/2026 05:54
2531,9,89,2026-04-17 05:10,
2532,7,30,2026-03-24 14:23,24-Mar-2026 14:38
2533,36,42,2026-04-09 05:43,2026-04-09 05:43
2534,2,34,14-Jan-2026 15:27,2026-01-14 15:27
2535,31,7,2026-03-18 21:45,2026-03-18 22:07
2536,32,36,2026-01-11 23:29,01/11/2026 11:51
2537,6,56,19-Mar-2026 14:05,
2538,15,17,24-Jan-2026 00:36,2026-01-24 00:36
2539,17,21,04/26/2026 12:05,2026-04-26 00:10
2540,4,16,01/04/2026 01:39,04-Jan-2026 01:54
2541,37,82,2026-03-24 04:31,03/24/2026 04:36
2542,24,57,04/18/2026 10:17,2026-04-18 10:25
2543,12,32,2026-02-15 17:51,2026-02-15 17:56
2544,1,15,01/09/2026 12:46,2026-01-09 00:43
2545,14,4,03/17/2026 02:33,2026-03-17 02:48
2546,6,63,2026-01-30 11:14,
2547,1,67,18-Jan-2026 17:40,2026-01-18 18:02
2548,38,4,20-Jan-2026 16:39,2026-01-20 17:01
2549,33,6,2026-03-16 09:08,03/16/2026 09:30
2550,22,11,09-Jan-2026 16:50,09-Jan-2026 16:47
2551,32,39,06-Feb-2026 07:36,2026-02-06 07:38
2552,37,56,2026-02-03 01:58,2026-02-03 02:06
2553,28,77,2026-02-16 04:41,2026-02-16 04:38
2554,13,86,02/06/2026 11:24,06-Feb-2026 11:46
2555,28,51,21-Mar-2026 12:26,
2556,38,9,2026-04-06 12:04,2026-04-06 12:26
2557,4,35,2026-03-15 08:39,03/15/2026 08:47
2558,2,9,2026-01-22 04:54,2026-01-22 05:16
2559,17,5,01/04/2026 01:50,01/04/2026 01:52
2560,36,9,04/13/2026 11:26,04/13/2026 11:31
2561,21,32,2026-01-12 23:23,01/12/2026 11:28
2562,33,5,2026-04-18 08:12,18-Apr-2026 08:34
2563,26,78,07-Apr-2026 08:03,2026-04-07 08:03
2564,38,57,22-Jan-2026 21:30,01/22/2026 09:27
2565,7,53,11-Mar-2026 13:00,2026-03-11 13:22
2566,4,63,03/29/2026 08:40,03/29/2026 08:40
2567,28,24,02/08/2026 09:35,02/08/2026 10:05
2568,38,73,21-Jan-2026 17:48,2026-01-21 17:48
2569,17,22,20-Mar-2026 10:08,2026-03-20 10:08
2570,30,7,2026-04-04 20:33,2026-04-04 20:33
2571,27,8,01/29/2026 07:52,2026-01-29 19:57
2572,35,11,2026-02-12 19:39,02/12/2026 08:09
2573,39,65,2026-04-17 10:38,2026-04-17 10:38
2574,29,3,04/08/2026 08:22,08-Apr-2026 20:27
2575,33,4,13-Jan-2026 20:29,2026-01-13 20:34
2576,9,21,2026-01-22 21:20,01/22/2026 09:28
2577,15,74,22-Mar-2026 03:56,03/22/2026 03:56
2578,4,4,02/17/2026 05:46,2026-02-17 05:54
2579,6,24,2026-02-04 09:22,2026-02-04 09:52
2580,6,21,04-Apr-2026 00:08,2026-04-04 00:38
2581,11,77,03/19/2026 02:11,03/19/2026 02:33
2582,26,75,03/28/2026 08:38,
2583,3,76,2026-03-06 13:27,03/06/2026 01:27
2584,28,15,2026-03-06 13:18,03/06/2026 01:15
2585,12,63,02/21/2026 05:19,02/21/2026 05:16
2586,22,49,2026-03-06 10:50,03/06/2026 11:20
2587,26,24,02/23/2026 07:28,02/23/2026 07:43
2588,19,79,2026-03-10 12:08,10-Mar-2026 12:13
2589,28,4,2026-02-18 08:37,2026-02-18 08:37
2590,10,72,2026-03-03 12:49,03/03/2026 12:57
2591,16,81,2026-03-16 00:35,03/16/2026 12:35
2592,37,29,02/18/2026 09:48,2026-02-18 09:45
2593,3,56,26-Jan-2026 00:34,26-Jan-2026 00:34
2594,34,57,04/20/2026 01:55,20-Apr-2026 14:25
2595,6,39,2026-01-14 10:40,14-Jan-2026 11:10
2596,16,46,04/20/2026 04:05,04/20/2026 04:07
2597,7,30,2026-02-08 20:06,2026-02-08 20:06
2598,16,6,2026-02-16 07:58,2026-02-16 08:13
2599,2,22,07-Mar-2026 14:14,2026-03-07 14:19
2600,17,16,2026-04-23 04:34,23-Apr-2026 04:34
2601,19,36,01/06/2026 03:26,2026-01-06 03:26
2602,31,9,2026-04-04 21:30,04/04/2026 09:27
2603,35,81,01/08/2026 02:45,08-Jan-2026 14:45
2604,30,71,2026-01-27 11:31,
2605,18,53,05-Apr-2026 02:41,05-Apr-2026 02:43
2606,40,24,03/13/2026 07:40,2026-03-13 19:37
2607,35,80,02/15/2026 07:47,02/15/2026 08:17
2608,20,65,03/11/2026 09:19,2026-03-11 09:19
2609,38,34,27-Feb-2026 01:56,
2610,8,79,01/25/2026 12:48,25-Jan-2026 12:48
2611,31,47,02/14/2026 08:31,2026-02-14 20:31
2612,5,61,2026-01-15 07:26,15-Jan-2026 07:28
2613,35,72,2026-03-13 21:16,13-Mar-2026 21:31
2614,9,13,04/04/2026 04:37,2026-04-04 17:07
2615,32,1,2026-01-09 22:44,2026-01-09 23:14
2616,9,39,07-Apr-2026 13:08,2026-04-07 13:08
2617,25,49,02/19/2026 09:00,02/19/2026 08:57
2618,28,64,2026-03-16 17:19,2026-03-16 17:24
2619,20,41,19-Mar-2026 02:41,2026-03-19 03:03
2620,2,74,03/24/2026 12:47,24-Mar-2026 00:55
2621,13,65,2026-04-21 19:03,2026-04-21 19:11
2622,26,49,24-Jan-2026 19:30,2026-01-24 19:45
2623,19,7,2026-01-20 17:36,2026-01-20 18:06
2624,4,2,2026-03-19 11:01,2026-03-19 11:01
2625,12,58,19-Mar-2026 22:45,2026-03-19 23:07
2626,9,41,2026-04-22 15:25,
2627,6,23,02/21/2026 03:24,21-Feb-2026 03:32
2628,33,33,04/08/2026 02:29,2026-04-08 02:29
2629,35,2,2026-01-20 17:22,2026-01-20 17:37
2630,32,72,2026-01-24 06:35,
2631,37,77,2026-03-07 05:43,07-Mar-2026 05:43
2632,18,58,25-Jan-2026 13:25,25-Jan-2026 13:30
2633,28,10,01/27/2026 07:27,2026-01-27 19:27
2634,17,30,2026-03-29 03:34,03/29/2026 04:04
2635,35,7,03/25/2026 11:01,2026-03-25 23:01
2636,17,66,2026-02-01 19:50,02/01/2026 07:47
2637,15,65,01-Mar-2026 00:53,2026-03-01 00:58
2638,28,33,02/25/2026 02:45,2026-02-25 15:07
2639,10,26,2026-01-14 23:07,14-Jan-2026 23:07
2640,29,37,04/08/2026 07:21,04/08/2026 07:43
2641,40,11,2026-03-24 01:21,2026-03-24 01:23
2642,19,83,04/27/2026 06:49,2026-04-27 18:49
2643,36,69,03/11/2026 02:05,2026-03-11 02:27
2644,1,84,2026-04-09 19:58,04/09/2026 08:28
2645,16,6,2026-02-16 09:48,2026-02-16 09:48
2646,15,42,04/10/2026 06:32,10-Apr-2026 07:02
2647,22,30,2026-02-25 15:06,02/25/2026 03:06
2648,26,57,03/28/2026 07:40,28-Mar-2026 07:40
2649,23,23,2026-02-20 18:19,2026-02-20 18:27
2650,28,7,2026-04-07 19:11,04/07/2026 07:19
2651,31,78,2026-04-23 18:48,2026-04-23 18:45
2652,21,31,04/28/2026 04:08,28-Apr-2026 04:30
2653,33,85,16-Feb-2026 12:06,02/16/2026 12:36
2654,28,76,04/07/2026 01:31,2026-04-07 02:01
2655,21,62,04/16/2026 08:42,2026-04-16 08:42
2656,29,88,2026-01-26 00:52,26-Jan-2026 00:52
2657,39,70,03/11/2026 10:05,11-Mar-2026 10:05
2658,36,84,02/11/2026 05:05,2026-02-11 05:07
2659,7,20,21-Jan-2026 12:31,2026-01-21 12:53
2660,11,73,08-Feb-2026 05:53,08-Feb-2026 05:50
2661,37,72,2026-02-08 14:38,2026-02-08 14:38
2662,15,23,2026-01-01 09:13,2026-01-01 09:28
2663,25,15,09-Jan-2026 05:57,01/09/2026 06:27
2664,36,87,03/29/2026 12:51,2026-03-29 12:48
2665,19,25,2026-03-09 20:13,09-Mar-2026 20:13
2666,16,71,22-Feb-2026 16:14,02/22/2026 04:14
2667,4,62,2026-02-20 07:27,02/20/2026 07:24
2668,13,41,2026-02-26 07:29,26-Feb-2026 07:37
2669,7,5,2026-01-01 15:56,2026-01-01 15:56
2670,26,24,2026-01-01 15:19,01-Jan-2026 15:27
2671,38,49,21-Mar-2026 15:37,2026-03-21 15:37
2672,25,55,2026-02-18 21:50,
2673,26,48,24-Feb-2026 10:44,24-Feb-2026 10:46
2674,1,58,2026-04-09 14:31,2026-04-09 15:01
2675,40,61,01/08/2026 03:18,
2676,36,25,2026-03-20 06:14,2026-03-20 06:11
2677,35,73,04/13/2026 06:46,2026-04-13 19:16
2678,1,68,02/12/2026 02:42,12-Feb-2026 14:39
2679,37,16,03/28/2026 12:17,03/28/2026 12:39
2680,5,47,2026-01-06 13:50,2026-01-06 13:50
2681,5,73,24-Mar-2026 17:36,
2682,39,31,2026-01-24 00:42,24-Jan-2026 00:57
2683,23,59,04/25/2026 09:08,2026-04-25 21:08
2684,20,11,11-Apr-2026 17:23,2026-04-11 17:53
2685,9,10,2026-03-25 22:04,2026-03-25 22:04
2686,30,38,01/17/2026 10:08,2026-01-17 10:13
2687,12,10,01/18/2026 01:55,2026-01-18 13:52
2688,6,78,2026-04-18 19:27,2026-04-18 19:32
2689,10,78,2026-03-28 22:21,2026-03-28 22:43
2690,17,47,18-Feb-2026 11:55,2026-02-18 11:52
2691,19,48,30-Mar-2026 11:49,
2692,28,65,2026-01-24 00:19,24-Jan-2026 00:19
2693,24,64,01/01/2026 12:15,
2694,4,9,2026-04-26 01:46,2026-04-26 01:54
2695,4,59,2026-02-01 06:04,01-Feb-2026 06:26
2696,33,21,04/12/2026 10:38,2026-04-12 22:43
2697,6,63,04/05/2026 04:39,2026-04-05 16:36
2698,17,58,2026-02-13 18:11,2026-02-13 18:11
2699,35,48,2026-01-02 03:17,
2700,23,72,04/27/2026 06:40,2026-04-27 18:40
2701,24,1,2026-04-22 02:57,22-Apr-2026 02:57
2702,6,41,2026-02-03 20:20,02/03/2026 08:20
2703,15,57,10-Jan-2026 16:36,2026-01-10 16:36
2704,5,56,2026-04-19 01:41,
2705,31,33,2026-04-29 23:49,04/29/2026 11:54
2706,21,90,2026-02-23 08:17,02/23/2026 08:47
2707,27,76,04/12/2026 02:17,2026-04-12 02:32
2708,39,33,20-Feb-2026 19:05,20-Feb-2026 19:20
2709,6,80,04-Apr-2026 16:37,04-Apr-2026 16:39
2710,35,11,08-Feb-2026 19:33,2026-02-08 19:33
2711,22,6,2026-01-28 23:39,2026-01-29 00:09
2712,12,9,27-Mar-2026 05:54,2026-03-27 06:02
2713,34,31,03-Mar-2026 10:06,2026-03-03 10:03
2714,18,70,2026-03-21 06:23,03/21/2026 06:25
2715,15,33,24-Feb-2026 12:51,2026-02-24 12:48
2716,12,41,2026-02-11 11:29,2026-02-11 11:34
2717,9,70,2026-01-09 15:14,
2718,29,36,2026-01-10 02:58,2026-01-10 03:06
2719,24,51,2026-01-30 00:40,01/30/2026 12:40
2720,35,43,2026-03-01 01:59,03/01/2026 02:04
2721,39,14,2026-02-12 12:29,2026-02-12 12:29
2722,33,50,01/18/2026 05:59,2026-01-18 05:59
2723,19,57,2026-03-12 19:51,03/12/2026 07:51
2724,26,80,09-Mar-2026 12:42,03/09/2026 12:47
2725,6,88,02-Feb-2026 05:52,2026-02-02 05:52
2726,21,73,07-Mar-2026 01:15,
2727,11,54,2026-01-10 05:50,10-Jan-2026 05:52
2728,12,45,04/30/2026 04:19,04/30/2026 04:41
2729,40,44,2026-01-06 19:46,
2730,32,13,03/22/2026 03:14,03/22/2026 03:36
2731,4,46,04/18/2026 09:15,04/18/2026 09:17
2732,5,7,02-Jan-2026 18:28,2026-01-02 18:58
2733,20,2,02/07/2026 12:04,2026-02-07 00:04
2734,9,5,2026-02-09 01:13,2026-02-09 01:18
2735,35,39,04/25/2026 02:47,25-Apr-2026 02:49
2736,22,79,23-Apr-2026 05:57,2026-04-23 06:05
2737,16,48,2026-04-14 05:37,
2738,25,10,2026-01-07 01:18,07-Jan-2026 01:48
2739,1,83,2026-01-04 11:58,2026-01-04 11:55
2740,35,50,2026-03-21 23:02,
2741,16,62,2026-04-02 04:42,04/02/2026 04:44
2742,37,37,02/25/2026 08:14,25-Feb-2026 20:22
2743,2,1,2026-03-13 11:25,2026-03-13 11:25
2744,1,28,01/30/2026 06:01,2026-01-30 06:01
2745,25,41,2026-02-16 10:33,2026-02-16 10:38
2746,35,33,02/03/2026 10:54,02/03/2026 11:24
2747,10,29,2026-02-10 06:58,2026-02-10 06:58
2748,3,74,01/08/2026 06:02,2026-01-08 06:02
2749,1,82,04/09/2026 11:43,2026-04-09 11:48
2750,10,15,2026-01-17 02:09,01/17/2026 02:09
2751,1,37,02-Mar-2026 21:30,2026-03-02 21:52
2752,37,72,2026-04-09 20:32,2026-04-09 20:32
2753,38,76,2026-03-19 02:17,19-Mar-2026 02:19
2754,16,54,02/02/2026 02:51,2026-02-02 14:51
2755,23,67,2026-02-03 22:59,03-Feb-2026 23:21
2756,39,17,01-Jan-2026 04:47,01-Jan-2026 04:55
2757,15,71,2026-01-02 02:44,2026-01-02 02:44
2758,39,85,2026-02-01 02:44,02/01/2026 02:41
2759,34,74,03/30/2026 11:44,2026-03-31 00:14
2760,7,15,2026-04-02 14:13,04/02/2026 02:21
2761,6,76,02/26/2026 11:17,2026-02-26 23:39
2762,7,49,04/12/2026 05:15,12-Apr-2026 05:23
2763,31,69,20-Apr-2026 22:21,
2764,25,78,01/29/2026 03:20,29-Jan-2026 03:20
2765,18,43,26-Feb-2026 14:44,2026-02-26 14:41
2766,31,21,2026-01-01 05:19,2026-01-01 05:49
2767,9,81,2026-02-11 14:56,2026-02-11 14:56
2768,18,36,30-Mar-2026 16:56,30-Mar-2026 16:56
2769,34,15,2026-01-13 00:31,01/13/2026 12:39
2770,13,90,01/02/2026 08:35,2026-01-02 20:35
2771,14,7,20-Feb-2026 10:13,20-Feb-2026 10:15
2772,9,57,2026-04-01 15:54,2026-04-01 15:54
2773,13,6,01/24/2026 06:47,2026-01-24 18:47
2774,26,26,01/01/2026 12:36,01/01/2026 12:44
2775,39,30,2026-03-22 02:15,2026-03-22 02:45
2776,35,29,01/25/2026 12:48,25-Jan-2026 00:48
2777,6,54,2026-01-14 11:25,2026-01-14 11:55
2778,11,75,2026-04-07 15:28,2026-04-07 15:28
2779,35,36,01/13/2026 04:12,01/13/2026 04:12
2780,13,16,2026-03-18 10:07,2026-03-18 10:15
2781,24,54,2026-03-13 14:09,2026-03-13 14:09
2782,26,20,01/16/2026 07:29,2026-01-16 07:37
2783,20,75,02/22/2026 05:39,02/22/2026 05:44
2784,29,56,13-Mar-2026 06:33,03/13/2026 07:03
2785,15,73,2026-03-17 21:10,2026-03-17 21:40
2786,30,25,24-Jan-2026 13:41,24-Jan-2026 13:56
2787,8,12,23-Feb-2026 19:08,02/23/2026 07:23
2788,22,84,04/11/2026 11:58,2026-04-11 23:58
2789,33,66,26-Apr-2026 19:44,
2790,32,77,2026-04-23 10:46,2026-04-23 11:01
2791,16,40,01/16/2026 09:46,2026-01-16 10:01
2792,13,72,03-Mar-2026 16:23,03-Mar-2026 16:28
2793,12,47,2026-01-11 11:40,2026-01-11 11:42
2794,13,5,2026-02-13 20:26,13-Feb-2026 20:34
2795,34,64,2026-03-15 20:23,2026-03-15 20:28
2796,30,50,04/13/2026 02:54,2026-04-13 15:16
2797,18,82,03-Mar-2026 01:50,2026-03-03 01:52
2798,37,61,2026-02-19 07:22,02/19/2026 07:52
2799,25,9,2026-03-20 10:39,2026-03-20 10:39
2800,19,48,01/05/2026 12:40,2026-01-05 01:10
2801,40,40,2026-04-03 11:41,04/03/2026 11:56
2802,21,48,2026-04-15 19:20,2026-04-15 19:42
2803,16,2,24-Mar-2026 12:03,2026-03-24 12:05
2804,38,16,2026-02-18 08:50,2026-02-18 08:55
2805,17,84,04/10/2026 02:47,10-Apr-2026 02:47
2806,8,39,27-Feb-2026 15:50,2026-02-27 15:50
2807,27,29,04/30/2026 05:54,2026-04-30 17:54
2808,8,64,07-Apr-2026 15:13,07-Apr-2026 15:13
2809,6,48,2026-04-10 22:32,2026-04-10 22:29
2810,11,27,08-Mar-2026 00:52,2026-03-08 00:52
2811,33,59,2026-02-17 06:54,2026-02-17 07:16
2812,32,25,28-Apr-2026 00:30,04/28/2026 12:30
2813,27,44,2026-01-27 20:49,2026-01-27 21:11
2814,28,52,2026-02-28 23:12,2026-02-28 23:12
2815,4,83,09-Jan-2026 11:46,09-Jan-2026 11:54
2816,29,69,2026-01-12 10:44,01/12/2026 10:52
2817,3,5,05-Jan-2026 14:36,01/05/2026 02:36
2818,5,40,2026-02-03 21:59,2026-02-03 22:01
2819,2,78,2026-02-24 19:37,02/24/2026 07:37
2820,14,51,07-Apr-2026 07:36,07-Apr-2026 07:58
2821,3,26,2026-01-23 03:22,01/23/2026 03:30
2822,34,51,02-Feb-2026 01:00,
2823,12,74,25-Apr-2026 21:36,2026-04-25 21:44
2824,24,79,06-Mar-2026 02:59,06-Mar-2026 03:01
2825,10,22,01/28/2026 10:45,2026-01-28 11:07
2826,40,25,04/06/2026 01:34,2026-04-06 01:39
2827,31,89,02/10/2026 10:11,2026-02-10 10:13
2828,6,65,05-Mar-2026 17:12,05-Mar-2026 17:12
2829,36,59,01/09/2026 07:03,01/09/2026 07:25
2830,8,65,29-Jan-2026 20:02,2026-01-29 20:02
2831,32,16,2026-01-29 09:26,2026-01-29 09:23
2832,36,87,04/12/2026 11:38,12-Apr-2026 23:38
2833,32,86,2026-04-25 17:40,04/25/2026 05:45
2834,17,52,2026-03-29 02:29,2026-03-29 02:34
2835,14,28,2026-01-28 19:26,2026-01-28 19:23
2836,7,78,2026-02-23 03:55,23-Feb-2026 03:52
2837,37,20,25-Apr-2026 22:20,2026-04-25 22:28
2838,25,24,23-Apr-2026 11:47,04/23/2026 11:55
2839,25,32,04/26/2026 04:14,2026-04-26 16:16
2840,8,69,2026-01-11 02:08,2026-01-11 02:30
2841,16,1,03/30/2026 09:28,30-Mar-2026 09:25
2842,8,84,2026-04-13 06:02,
2843,5,29,2026-03-12 03:41,03/12/2026 03:38
2844,26,30,14-Apr-2026 22:20,2026-04-14 22:28
2845,21,36,2026-03-28 16:18,2026-03-28 16:48
2846,12,81,2026-01-13 06:00,2026-01-13 06:05
2847,37,87,2026-03-04 07:11,04-Mar-2026 07:41
2848,6,74,03/10/2026 10:39,2026-03-10 10:47
2849,32,46,2026-02-03 15:40,2026-02-03 15:40
2850,11,56,01/29/2026 07:36,
2851,32,13,01/25/2026 05:59,2026-01-25 18:04
2852,13,74,02/14/2026 08:31,2026-02-14 09:01
2853,35,73,2026-04-28 19:56,
2854,34,61,2026-02-09 06:03,2026-02-09 06:25
2855,39,24,2026-01-25 00:04,2026-01-25 00:04
2856,22,90,15-Apr-2026 23:58,04/16/2026 12:20
2857,27,46,13-Feb-2026 04:28,13-Feb-2026 04:58
2858,20,26,01/21/2026 11:42,2026-01-21 23:57
2859,13,4,04/04/2026 07:07,2026-04-04 07:15
2860,8,19,2026-01-09 07:34,09-Jan-2026 07:42
2861,23,63,2026-03-10 20:06,03/10/2026 08:28
2862,19,62,01/02/2026 06:05,
2863,27,72,2026-03-26 12:24,2026-03-26 12:39
2864,20,74,03/23/2026 12:34,2026-03-23 12:34
2865,13,50,2026-03-05 06:30,05-Mar-2026 06:35
2866,3,3,2026-03-16 00:55,2026-03-16 00:57
2867,3,76,12-Mar-2026 06:59,2026-03-12 07:29
2868,30,57,2026-01-15 09:29,2026-01-15 09:37
2869,25,29,2026-02-28 10:53,2026-02-28 11:23
2870,1,23,2026-03-08 23:50,2026-03-08 23:50
2871,14,55,2026-02-24 13:27,
2872,21,79,22-Feb-2026 18:56,22-Feb-2026 18:53
2873,22,79,2026-03-13 15:06,2026-03-13 15:21
2874,22,34,02/23/2026 04:27,02/23/2026 04:32
2875,20,79,2026-01-23 02:01,2026-01-23 02:31
2876,39,32,2026-02-17 01:18,02/17/2026 01:20
2877,18,53,2026-02-18 00:32,2026-02-18 00:29
2878,15,7,2026-04-19 00:15,04/19/2026 12:45
2879,14,74,04/08/2026 01:29,08-Apr-2026 01:59
2880,18,13,2026-02-15 08:40,2026-02-15 09:10
2881,4,89,2026-02-01 13:19,2026-02-01 13:19
2882,20,67,2026-03-05 07:19,2026-03-05 07:34
2883,31,75,25-Jan-2026 00:19,2026-01-25 00:21
2884,20,36,2026-04-14 03:53,2026-04-14 03:53
2885,40,29,2026-04-14 03:23,
2886,23,14,01/25/2026 07:46,2026-01-25 20:08
2887,26,46,04/07/2026 06:12,04/07/2026 06:20
2888,31,1,12-Apr-2026 02:28,12-Apr-2026 02:28
2889,40,28,2026-01-13 12:31,2026-01-13 12:36
2890,21,51,2026-03-12 14:42,
2891,35,71,2026-03-09 12:51,2026-03-09 12:51
2892,27,21,2026-01-25 17:01,2026-01-25 17:06
2893,12,34,2026-03-16 00:21,2026-03-16 00:26
2894,29,75,03/17/2026 04:09,03/17/2026 04:24
2895,35,4,01/06/2026 10:44,01/06/2026 10:52
2896,10,73,2026-02-21 01:52,2026-02-21 01:52
2897,6,83,2026-03-30 17:01,2026-03-30 17:23
2898,3,39,07-Feb-2026 20:03,
2899,15,69,08-Mar-2026 17:45,03/08/2026 05:42
2900,18,55,2026-03-13 03:37,03/13/2026 03:45
2901,11,26,2026-02-06 14:21,02/06/2026 02:51
2902,1,18,2026-01-03 22:57,2026-01-03 22:57
2903,1,30,2026-01-04 23:58,2026-01-05 00:20
2904,8,86,03/19/2026 08:58,2026-03-19 20:58
2905,28,19,03/29/2026 02:06,2026-03-29 02:14
2906,4,23,02/20/2026 02:34,20-Feb-2026 14:34
2907,12,30,04/16/2026 09:34,2026-04-16 21:56
2908,2,28,02/19/2026 07:22,2026-02-19 07:22
2909,35,38,2026-03-25 11:00,25-Mar-2026 11:30
2910,2,12,03/24/2026 04:30,2026-03-24 16:30
2911,24,8,21-Mar-2026 23:32,03/21/2026 11:37
2912,35,60,19-Jan-2026 11:51,2026-01-19 12:13
2913,17,53,01/20/2026 06:33,20-Jan-2026 06:33
2914,4,50,03/07/2026 11:49,2026-03-07 12:11
2915,31,81,2026-01-28 00:05,2026-01-28 00:05
2916,21,77,08-Jan-2026 07:12,2026-01-08 07:20
2917,35,37,16-Feb-2026 08:53,16-Feb-2026 08:53
2918,32,32,2026-04-25 04:16,04/25/2026 04:16
2919,7,17,2026-01-16 09:20,
2920,34,59,2026-04-04 11:34,2026-04-04 11:31
2921,40,7,2026-01-14 11:01,
2922,32,38,01/07/2026 01:31,2026-01-07 14:01
2923,7,76,04/23/2026 06:18,04/23/2026 06:18
2924,8,64,2026-01-19 13:44,19-Jan-2026 14:06
2925,17,32,02/10/2026 02:33,2026-02-10 02:33
2926,19,20,2026-01-27 06:38,01/27/2026 06:46
2927,17,76,2026-04-28 14:37,04/28/2026 02:39
2928,1,89,09-Apr-2026 05:27,2026-04-09 05:32
2929,29,3,02/25/2026 11:23,02/25/2026 11:20
2930,22,2,2026-02-19 07:51,19-Feb-2026 07:51
2931,40,88,03/10/2026 05:25,03/10/2026 05:25
2932,21,25,2026-03-23 14:11,2026-03-23 14:11
2933,14,21,04/19/2026 07:32,2026-04-19 19:37
2934,32,61,02/28/2026 01:19,02/28/2026 01:27
2935,2,54,15-Jan-2026 15:56,2026-01-15 15:56
2936,39,18,01/06/2026 01:21,2026-01-06 01:21
2937,19,15,2026-01-13 23:40,2026-01-13 23:55
2938,10,76,2026-02-27 20:15,2026-02-27 20:45
2939,28,32,03/26/2026 08:04,2026-03-26 08:19
2940,40,38,2026-02-02 17:55,02/02/2026 06:03
2941,40,66,01/05/2026 10:15,2026-01-05 22:15
2942,7,29,04/30/2026 04:26,2026-04-30 04:26
2943,35,29,2026-01-29 14:05,29-Jan-2026 14:05
2944,7,23,2026-01-14 21:13,01/14/2026 09:13
2945,35,20,03/21/2026 06:28,2026-03-21 06:43
2946,1,14,2026-04-17 02:30,04/17/2026 02:27
2947,25,40,02/25/2026 03:09,2026-02-25 15:09
2948,25,23,14-Apr-2026 18:26,2026-04-14 18:48
2949,34,62,14-Feb-2026 12:27,02/14/2026 12:42
2950,19,52,02/26/2026 01:52,02/26/2026 02:07
2951,14,38,2026-04-30 21:02,30-Apr-2026 21:17
2952,12,10,2026-02-05 04:34,2026-02-05 04:34
2953,11,79,02/16/2026 01:05,2026-02-16 01:05
2954,32,66,04/14/2026 11:10,2026-04-14 11:10
2955,40,58,28-Jan-2026 22:19,01/28/2026 10:49
2956,40,36,04/15/2026 05:49,04/15/2026 05:49
2957,13,15,2026-04-11 01:01,2026-04-11 01:16
2958,2,89,01/31/2026 02:24,
2959,23,26,01/30/2026 08:42,2026-01-30 08:57
2960,7,1,02/28/2026 01:48,2026-02-28 13:48
2961,34,31,04/11/2026 02:15,04/11/2026 02:12
2962,27,79,02/01/2026 02:44,2026-02-01 03:14
2963,29,51,04/08/2026 05:00,04/08/2026 05:22
2964,16,30,02-Feb-2026 06:40,02-Feb-2026 06:42
2965,33,79,03/12/2026 03:40,2026-03-12 03:42
2966,31,53,01/16/2026 03:57,16-Jan-2026 03:54
2967,26,23,2026-03-14 09:21,2026-03-14 09:18
2968,7,1,2026-01-14 12:59,2026-01-14 12:59
2969,15,78,2026-01-28 17:38,01/28/2026 05:35
2970,15,45,2026-02-04 00:17,02/04/2026 12:17
2971,21,90,2026-01-04 14:26,2026-01-04 14:48
2972,3,55,04/25/2026 12:47,2026-04-25 12:47
2973,35,67,19-Jan-2026 06:52,01/19/2026 06:54
2974,40,17,03/27/2026 12:44,2026-03-27 00:44
2975,33,89,2026-01-21 03:31,21-Jan-2026 04:01
2976,16,70,2026-02-24 09:57,24-Feb-2026 09:57
2977,10,90,2026-03-13 03:23,03/13/2026 03:38
2978,11,79,03/06/2026 10:13,2026-03-06 10:21
2979,20,79,04/03/2026 08:07,2026-04-03 08:07
2980,15,78,02/19/2026 04:00,02/19/2026 04:00
2981,20,18,16-Apr-2026 11:08,
2982,18,81,2026-03-28 12:05,03/28/2026 12:20
2983,20,9,03/21/2026 05:05,03/21/2026 05:05
2984,36,77,2026-03-25 05:54,03/25/2026 05:59
2985,40,74,2026-02-21 17:48,
2986,33,25,21-Apr-2026 17:32,2026-04-21 17:32
2987,16,37,03/25/2026 10:29,2026-03-25 10:31
2988,38,69,2026-04-08 01:39,04/08/2026 02:09
2989,17,38,2026-02-27 12:47,27-Feb-2026 12:44
2990,1,42,2026-02-01 02:40,2026-02-01 02:40
2991,9,59,2026-01-08 02:45,08-Jan-2026 03:15
2992,2,70,2026-02-02 14:40,02/02/2026 02:48
2993,15,1,12-Apr-2026 06:25,12-Apr-2026 06:27
2994,3,43,2026-03-29 19:55,2026-03-29 19:52
2995,39,61,17-Feb-2026 16:18,02/17/2026 04:18
2996,27,31,2026-01-03 15:39,03-Jan-2026 15:47
2997,4,1,2026-02-08 17:58,02/08/2026 06:13
2998,26,14,18-Apr-2026 19:14,04/18/2026 07:22
2999,2,46,2026-03-12 12:35,2026-03-12 13:05
3000,29,70,2026-02-23 13:20,02/23/2026 01:17
3001,2,84,01/22/2026 12:55,2026-01-22 12:55
3002,14,55,09-Mar-2026 18:52,2026-03-09 18:54
3003,19,39,2026-02-15 21:17,2026-02-15 21:17
3004,18,86,04-Mar-2026 10:20,04-Mar-2026 10:35
3005,24,22,24-Feb-2026 18:34,2026-02-24 18:34
3006,23,79,2026-04-19 17:53,19-Apr-2026 18:01
3007,12,24,2026-02-02 21:55,
3008,16,28,04/26/2026 03:14,2026-04-26 15:14
3009,20,62,2026-03-12 18:40,2026-03-12 18:48
3010,15,77,2026-03-21 13:36,03/21/2026 01:38
3011,21,1,31-Mar-2026 00:54,2026-03-31 00:59
3012,23,28,2026-01-19 12:01,2026-01-19 12:31
3013,16,51,01/24/2026 06:02,24-Jan-2026 06:02
3014,31,31,2026-04-27 12:36,2026-04-27 12:58
3015,18,69,04/27/2026 11:17,04/27/2026 11:25
3016,21,71,2026-03-01 02:44,2026-03-01 02:49
3017,23,18,2026-02-26 21:53,2026-02-26 21:50
3018,24,79,2026-01-16 07:08,
3019,4,68,2026-04-26 21:55,2026-04-26 21:55
3020,30,40,2026-02-19 00:20,2026-02-19 00:22
3021,10,39,21-Mar-2026 19:13,2026-03-21 19:18
3022,30,16,03/06/2026 09:09,2026-03-06 21:39
3023,17,38,2026-04-20 18:41,04/20/2026 07:03
3024,2,29,2026-02-05 12:59,05-Feb-2026 12:59
3025,5,89,2026-02-06 14:21,06-Feb-2026 14:51
3026,28,5,2026-04-04 09:14,04-Apr-2026 09:14
3027,36,9,03/06/2026 04:38,2026-03-06 05:00
3028,19,72,2026-03-21 03:38,2026-03-21 03:46
3029,29,89,2026-02-25 15:45,25-Feb-2026 15:47
3030,15,62,2026-04-04 04:20,2026-04-04 04:20
3031,31,25,2026-02-23 06:06,02/23/2026 06:06
3032,29,49,01/30/2026 02:20,30-Jan-2026 14:20
3033,15,27,2026-03-14 02:23,14-Mar-2026 02:28
3034,28,34,2026-03-04 03:50,03/04/2026 04:20
3035,3,15,01/09/2026 06:41,2026-01-09 19:03
3036,2,69,12-Feb-2026 14:09,2026-02-12 14:17
3037,6,70,2026-04-19 05:11,2026-04-19 05:16
3038,19,50,02/20/2026 09:56,2026-02-20 09:53
3039,40,59,2026-04-17 02:27,17-Apr-2026 02:35
3040,32,43,04/26/2026 02:50,2026-04-26 14:47
3041,34,15,2026-04-18 19:57,04/18/2026 08:19
3042,30,69,04/21/2026 09:38,21-Apr-2026 21:38
3043,20,68,2026-04-09 09:15,09-Apr-2026 09:37
3044,30,2,03/01/2026 05:46,01-Mar-2026 17:51
3045,7,35,2026-02-07 12:30,02/07/2026 12:30
3046,26,67,2026-01-20 01:55,2026-01-20 01:55
3047,33,44,21-Mar-2026 01:59,03/21/2026 01:59
3048,40,63,2026-04-09 01:55,04/09/2026 02:03
3049,2,80,30-Apr-2026 13:07,04/30/2026 01:37
3050,11,14,2026-03-23 01:31,
3051,21,19,12-Apr-2026 23:52,2026-04-13 00:22
3052,24,12,25-Apr-2026 07:47,04/25/2026 07:44
3053,2,60,01/03/2026 03:56,2026-01-03 03:58
3054,26,3,2026-01-23 03:00,2026-01-23 03:30
3055,16,69,23-Jan-2026 20:58,2026-01-23 21:03
3056,21,45,2026-01-23 01:48,2026-01-23 02:18
3057,34,42,04/08/2026 09:30,2026-04-08 09:30
3058,21,8,2026-01-25 16:34,2026-01-25 16:36
3059,22,90,2026-04-07 15:40,2026-04-07 15:55
3060,29,11,02/09/2026 12:13,2026-02-09 12:43
3061,16,27,2026-03-06 07:17,03/06/2026 07:17
3062,35,42,2026-03-20 07:34,2026-03-20 07:39
3063,16,12,2026-04-29 10:47,2026-04-29 11:02
3064,32,73,2026-02-03 20:22,2026-02-03 20:22
3065,19,32,13-Mar-2026 12:33,13-Mar-2026 12:33
3066,16,61,2026-03-30 12:03,
3067,11,70,2026-04-19 05:24,2026-04-19 05:39
3068,22,32,2026-02-23 16:48,2026-02-23 16:53
3069,27,10,07-Jan-2026 08:45,07-Jan-2026 09:07
3070,21,82,2026-02-07 06:30,2026-02-07 06:35
3071,17,6,09-Mar-2026 22:59,
3072,36,70,2026-01-01 05:20,2026-01-01 05:20
3073,32,54,2026-02-07 23:05,07-Feb-2026 23:02
3074,17,82,02/17/2026 04:18,02/17/2026 04:15
3075,15,76,02/27/2026 04:56,2026-02-27 17:26
3076,3,54,2026-04-01 03:59,04/01/2026 04:29
3077,1,73,2026-02-01 14:54,01-Feb-2026 14:59
3078,33,59,19-Feb-2026 01:59,2026-02-19 02:07
3079,16,43,04/08/2026 08:58,2026-04-08 21:20
3080,18,26,01/04/2026 08:56,04-Jan-2026 20:53
3081,8,14,11-Mar-2026 20:37,2026-03-11 20:37
3082,14,76,04/02/2026 05:28,2026-04-02 17:25
3083,36,61,03/22/2026 04:18,2026-03-22 16:15
3084,15,28,2026-03-15 16:10,15-Mar-2026 16:10
3085,7,30,01/02/2026 12:49,02-Jan-2026 12:49
3086,23,25,04-Apr-2026 07:48,2026-04-04 07:48
3087,9,51,2026-01-25 06:08,25-Jan-2026 06:08
3088,5,84,01-Feb-2026 00:25,02/01/2026 12:25
3089,23,58,2026-03-26 01:44,2026-03-26 01:49
3090,4,89,04/01/2026 01:35,2026-04-01 01:40
3091,14,21,2026-02-19 06:48,02/19/2026 06:45
3092,4,80,03/29/2026 09:02,2026-03-29 21:02
3093,18,70,2026-03-26 18:18,2026-03-26 18:15
3094,25,33,2026-04-15 13:18,2026-04-15 13:26
3095,32,39,2026-01-27 05:48,
3096,14,23,2026-03-18 07:34,2026-03-18 08:04
3097,13,40,03/11/2026 03:28,2026-03-11 15:43
3098,31,2,01/28/2026 04:20,2026-01-28 04:20
3099,10,5,01/06/2026 06:55,2026-01-06 18:57
3100,27,18,01/13/2026 06:10,01/13/2026 06:07
3101,1,44,2026-03-26 14:56,2026-03-26 14:56
3102,16,18,02-Mar-2026 17:15,2026-03-02 17:15
3103,30,28,2026-04-23 00:26,04/23/2026 12:26
3104,11,21,2026-01-18 00:36,01/18/2026 12:51
3105,33,61,01/14/2026 06:10,2026-01-14 18:10
3106,17,41,02/20/2026 08:24,2026-02-20 20:46
3107,11,71,2026-01-13 10:51,
3108,17,40,2026-02-14 13:53,14-Feb-2026 13:53
3109,20,38,2026-01-24 23:36,2026-01-24 23:51
3110,22,24,09-Feb-2026 01:55,2026-02-09 01:55
3111,2,75,2026-02-19 10:37,19-Feb-2026 10:59
3112,25,79,2026-01-05 02:45,2026-01-05 02:53
3113,15,17,2026-03-27 14:52,27-Mar-2026 15:22
3114,36,4,2026-01-25 09:10,01/25/2026 09:18
3115,23,15,2026-03-11 14:08,03/11/2026 02:38
3116,21,69,16-Apr-2026 20:21,04/16/2026 08:36
3117,26,90,02/21/2026 11:31,2026-02-21 23:46
3118,36,55,04/04/2026 12:22,2026-04-04 12:44
3119,4,2,04/02/2026 01:24,2026-04-02 01:29
3120,15,57,04/30/2026 04:00,2026-04-30 16:30
3121,3,63,02/23/2026 01:54,2026-02-23 01:54
3122,3,7,03/15/2026 11:38,15-Mar-2026 11:35
3123,13,51,21-Apr-2026 16:05,04/21/2026 04:07
3124,15,36,2026-04-09 08:44,09-Apr-2026 09:06
3125,3,65,2026-01-29 17:05,2026-01-29 17:02
3126,18,56,2026-02-04 03:09,2026-02-04 03:09
3127,11,26,03/31/2026 12:07,2026-03-31 12:07
3128,22,1,02/07/2026 09:21,
3129,2,3,04/10/2026 08:37,04/10/2026 08:42
3130,26,59,02/13/2026 01:23,02/13/2026 01:23
3131,37,73,2026-01-17 09:08,2026-01-17 09:08
3132,6,50,04/14/2026 08:23,2026-04-14 08:25
3133,32,26,03/25/2026 03:33,25-Mar-2026 03:30
3134,37,59,2026-04-23 11:06,
3135,22,39,09-Apr-2026 21:49,2026-04-09 21:46
3136,17,50,2026-02-14 14:10,
3137,39,76,2026-04-04 18:17,2026-04-04 18:32
3138,7,32,2026-03-23 03:09,2026-03-23 03:09
3139,39,72,2026-04-28 13:22,2026-04-28 13:19
3140,37,40,28-Jan-2026 07:42,28-Jan-2026 07:47
3141,1,9,2026-03-08 02:03,2026-03-08 02:08
3142,2,58,2026-02-28 13:19,2026-02-28 13:49
3143,38,35,2026-03-15 14:56,2026-03-15 14:56
3144,36,18,18-Feb-2026 14:31,02/18/2026 02:31
3145,35,12,2026-04-03 07:05,04/03/2026 07:07
3146,39,37,2026-01-01 04:55,2026-01-01 04:55
3147,23,65,2026-01-13 17:57,2026-01-13 17:57
3148,23,82,2026-02-05 01:42,2026-02-05 01:44
3149,30,3,2026-01-02 12:47,02-Jan-2026 12:47
3150,36,18,04/11/2026 10:14,04/11/2026 10:14
3151,5,81,02/02/2026 03:58,02/02/2026 04:06
3152,19,86,2026-03-14 09:03,
3153,30,78,2026-02-01 11:22,2026-02-01 11:37
3154,6,17,2026-04-13 05:28,2026-04-13 05:28
3155,12,26,01/24/2026 03:32,2026-01-24 03:47
3156,6,17,01/06/2026 08:17,01/06/2026 08:14
3157,1,64,2026-03-20 04:00,2026-03-20 04:05
3158,3,40,2026-04-30 06:08,2026-04-30 06:30
3159,15,82,2026-02-24 14:02,02/24/2026 02:02
3160,22,31,2026-01-02 05:54,02-Jan-2026 05:56
3161,20,63,2026-01-28 02:33,2026-01-28 02:48
3162,27,69,2026-01-31 18:42,01/31/2026 06:42
3163,9,59,2026-02-03 08:43,2026-02-03 08:40
3164,27,50,05-Mar-2026 21:54,05-Mar-2026 21:54
3165,18,10,24-Apr-2026 02:56,24-Apr-2026 03:11
3166,29,66,02/19/2026 01:44,19-Feb-2026 02:06
3167,11,75,01/11/2026 10:32,2026-01-11 22:32
3168,7,66,02/25/2026 05:10,25-Feb-2026 05:15
3169,9,31,27-Feb-2026 00:25,2026-02-27 00:30
3170,27,49,2026-04-10 16:52,2026-04-10 16:52
3171,28,33,04/21/2026 01:32,2026-04-21 01:40
3172,12,3,03/14/2026 06:10,03/14/2026 06:15
3173,6,16,01/19/2026 09:36,01/19/2026 09:38
3174,6,68,2026-01-27 17:10,
3175,28,30,2026-02-25 20:05,02/25/2026 08:10
3176,33,23,01/12/2026 06:59,01/12/2026 07:14
3177,26,52,17-Feb-2026 06:31,
3178,7,13,2026-01-08 23:06,2026-01-08 23:14
3179,18,11,2026-02-03 22:46,
3180,26,7,02/26/2026 02:35,2026-02-26 14:50
3181,16,64,2026-01-26 21:37,2026-01-26 21:34
3182,4,26,2026-01-30 16:50,01/30/2026 04:50
3183,36,76,04/24/2026 09:28,2026-04-24 09:28
3184,18,5,2026-01-03 09:41,03-Jan-2026 10:03
3185,16,14,04/01/2026 08:43,04/01/2026 09:05
3186,36,54,01/09/2026 07:10,09-Jan-2026 07:25
3187,10,46,23-Apr-2026 07:00,2026-04-23 06:57
3188,38,83,21-Feb-2026 20:43,2026-02-21 20:40
3189,24,2,2026-04-25 10:46,2026-04-25 11:08
3190,22,68,01/31/2026 03:43,
3191,11,72,04/07/2026 04:59,04/07/2026 04:56
3192,31,18,03/27/2026 04:38,
3193,15,60,21-Jan-2026 09:07,01/21/2026 09:07
3194,33,15,2026-04-23 01:27,23-Apr-2026 01:27
3195,39,76,26-Apr-2026 08:51,04/26/2026 09:13
3196,35,26,2026-03-30 07:43,30-Mar-2026 08:05
3197,36,14,2026-01-02 06:28,01/02/2026 06:28
3198,36,47,2026-03-06 01:27,2026-03-06 01:27
3199,17,86,2026-02-23 08:50,23-Feb-2026 08:52
3200,12,21,2026-01-23 03:01,
3201,25,78,03/11/2026 02:50,2026-03-11 14:55
3202,31,3,12-Mar-2026 19:16,2026-03-12 19:24
3203,40,89,2026-01-22 13:16,01/22/2026 01:24
3204,10,12,2026-02-28 14:12,28-Feb-2026 14:27
3205,10,50,2026-01-14 05:37,2026-01-14 05:39
3206,3,84,04/06/2026 03:37,2026-04-06 03:37
3207,14,90,01/21/2026 11:32,2026-01-21 12:02
3208,35,38,2026-04-02 15:20,
3209,20,14,03/19/2026 09:13,2026-03-19 09:13
3210,15,6,2026-01-27 19:49,2026-01-27 20:04
3211,24,71,03/12/2026 03:47,2026-03-12 15:49
3212,40,43,2026-02-12 08:33,2026-02-12 08:33
3213,8,36,2026-04-01 18:43,2026-04-01 18:43
3214,38,55,2026-01-23 06:14,2026-01-23 06:22
3215,8,18,04/10/2026 09:32,2026-04-10 09:54
3216,7,18,02/12/2026 03:16,02/12/2026 03:38
3217,22,47,2026-02-17 06:11,02/17/2026 06:11
3218,39,60,2026-01-30 06:26,2026-01-30 06:26
3219,19,56,03/09/2026 07:43,2026-03-09 08:05
3220,3,46,2026-01-12 18:29,
3221,14,8,2026-04-02 00:42,04/02/2026 12:47
3222,31,69,04/27/2026 05:31,2026-04-27 17:31
3223,32,41,25-Feb-2026 20:50,25-Feb-2026 20:50
3224,19,10,02/24/2026 10:12,02/24/2026 10:34
3225,25,7,01/30/2026 11:46,01/30/2026 12:01
3226,26,19,2026-03-24 01:52,24-Mar-2026 01:57
3227,29,54,2026-03-20 00:37,
3228,25,88,2026-02-07 15:50,07-Feb-2026 15:52
3229,14,71,2026-03-14 23:30,03/14/2026 11:38
3230,14,68,03/20/2026 12:06,2026-03-20 12:36
3231,2,34,05-Apr-2026 02:51,04/05/2026 03:06
3232,15,23,01/11/2026 11:22,2026-01-11 11:24
3233,23,4,06-Apr-2026 13:00,2026-04-06 13:00
3234,37,54,16-Jan-2026 06:09,2026-01-16 06:31
3235,17,2,2026-02-27 05:04,2026-02-27 05:12
3236,4,61,04/02/2026 01:22,2026-04-02 01:30
3237,11,56,01/15/2026 12:18,15-Jan-2026 00:20
3238,34,34,27-Jan-2026 18:57,01/27/2026 07:12
3239,9,59,2026-02-07 13:05,07-Feb-2026 13:05
3240,10,62,2026-01-19 19:16,
3241,30,48,29-Apr-2026 13:20,29-Apr-2026 13:20
3242,7,55,2026-01-30 22:11,30-Jan-2026 22:41
3243,24,15,2026-02-22 14:26,02/22/2026 02:56
3244,3,48,01-Feb-2026 23:44,2026-02-02 00:14
3245,38,23,2026-02-04 01:48,04-Feb-2026 02:03
3246,37,71,2026-01-03 12:47,2026-01-03 12:52
3247,26,35,01-Apr-2026 04:40,
3248,35,4,2026-01-14 00:10,14-Jan-2026 00:10
3249,6,52,2026-02-05 07:40,02/05/2026 07:48
3250,3,38,2026-04-17 04:29,2026-04-17 04:51
3251,18,49,2026-04-16 03:27,2026-04-16 03:49
3252,18,57,20-Mar-2026 20:48,03/20/2026 08:48
3253,37,5,03/14/2026 09:34,2026-03-14 09:34
3254,23,79,22-Apr-2026 13:08,04/22/2026 01:08
3255,15,78,2026-02-10 22:27,2026-02-10 22:49
3256,6,21,2026-04-15 05:41,04/15/2026 05:49
3257,20,73,2026-03-20 03:22,2026-03-20 03:37
3258,22,22,24-Mar-2026 13:53,2026-03-24 13:58
3259,14,76,2026-03-31 01:34,2026-03-31 02:04
3260,29,1,03-Apr-2026 01:17,2026-04-03 01:17
3261,32,47,17-Mar-2026 03:28,
3262,3,70,01/02/2026 08:41,02-Jan-2026 21:11
3263,11,77,2026-01-09 10:58,01/09/2026 11:06
3264,20,31,2026-04-23 19:29,23-Apr-2026 19:59
3265,38,29,01-Feb-2026 13:23,2026-02-01 13:25
3266,12,1,2026-01-31 13:00,
3267,10,48,29-Apr-2026 16:31,2026-04-29 16:31
3268,15,44,2026-02-21 15:24,2026-02-21 15:24
3269,26,75,02-Apr-2026 19:17,04/02/2026 07:22
3270,14,80,02/05/2026 06:01,2026-02-05 06:01
3271,16,51,01/30/2026 05:04,2026-01-30 17:01
3272,37,69,2026-04-28 10:31,04/28/2026 10:36
3273,6,21,2026-04-16 13:07,2026-04-16 13:37
3274,40,77,2026-04-22 22:03,
3275,10,32,2026-04-01 08:51,
3276,30,40,2026-04-18 01:00,2026-04-18 01:00
3277,39,35,2026-04-27 16:12,2026-04-27 16:34
3278,7,76,2026-01-25 02:38,2026-01-25 02:40
3279,24,30,2026-03-14 23:02,2026-03-14 23:07
3280,10,86,04/03/2026 02:31,2026-04-03 14:46
3281,10,90,05-Jan-2026 14:59,05-Jan-2026 15:21
3282,15,4,01/01/2026 07:42,01-Jan-2026 19:39
3283,21,18,2026-02-19 05:45,2026-02-19 05:45
3284,15,43,2026-03-06 13:23,03/06/2026 01:25
3285,9,13,04/16/2026 10:18,04/16/2026 10:18
3286,29,63,2026-04-18 15:20,04/18/2026 03:42
3287,9,48,15-Feb-2026 18:03,02/15/2026 06:03
3288,16,33,04/25/2026 09:00,04/25/2026 08:57
3289,38,24,2026-01-02 08:26,2026-01-02 08:48
3290,32,82,11-Mar-2026 13:52,11-Mar-2026 13:54
3291,11,76,18-Apr-2026 07:51,2026-04-18 07:51
3292,40,8,2026-01-31 04:57,31-Jan-2026 05:02
3293,18,8,2026-04-05 14:53,04/05/2026 03:01
3294,34,25,2026-04-09 13:47,04/09/2026 02:02
3295,31,18,03/15/2026 03:25,
3296,33,35,2026-03-14 10:26,2026-03-14 10:26
3297,14,82,02/28/2026 01:13,2026-02-28 01:43
3298,36,21,2026-02-01 10:09,02/01/2026 10:09
3299,23,85,2026-04-26 17:06,2026-04-26 17:11
3300,36,53,02/04/2026 08:27,02/04/2026 08:27
3301,6,22,2026-01-30 14:05,01/30/2026 02:10
3302,12,77,01/03/2026 02:00,2026-01-03 02:15
3303,29,6,2026-01-25 11:06,
3304,22,7,2026-04-16 17:10,2026-04-16 17:10
3305,19,83,2026-01-08 03:52,2026-01-08 03:52
3306,6,74,2026-02-09 23:28,02/09/2026 11:25
3307,9,21,24-Feb-2026 05:27,2026-02-24 05:57
3308,1,89,2026-01-09 12:22,
3309,34,19,2026-03-25 23:54,
3310,26,36,2026-03-14 20:38,14-Mar-2026 20:53
3311,4,61,21-Mar-2026 08:35,03/21/2026 08:37
3312,23,2,01/03/2026 04:20,2026-01-03 16:20
3313,28,12,22-Mar-2026 22:53,03/22/2026 10:55
3314,14,26,2026-03-16 16:55,2026-03-16 17:25
3315,6,56,2026-02-24 13:16,2026-02-24 13:16
3316,18,37,22-Jan-2026 04:08,2026-01-22 04:08
3317,25,67,2026-03-07 21:39,2026-03-07 21:39
3318,14,33,2026-04-21 00:41,21-Apr-2026 00:41
3319,28,9,2026-03-28 04:14,03/28/2026 04:11
3320,2,12,04/01/2026 12:07,2026-04-01 00:07
3321,12,6,2026-01-31 17:03,2026-01-31 17:08
3322,18,10,2026-04-01 07:58,04/01/2026 08:13
3323,13,65,03/12/2026 06:20,2026-03-12 18:20
3324,19,69,03/09/2026 07:20,2026-03-09 07:20
3325,37,6,02/21/2026 03:09,2026-02-21 03:06
3326,18,9,2026-04-29 20:17,2026-04-29 20:47
3327,33,44,24-Apr-2026 22:15,2026-04-24 22:20
3328,26,36,2026-02-12 16:21,12-Feb-2026 16:21
3329,3,75,2026-02-10 02:49,
3330,28,7,2026-02-25 11:21,02/25/2026 11:36
3331,19,29,03/24/2026 10:35,2026-03-24 22:40
3332,30,7,03/14/2026 02:56,14-Mar-2026 03:18
3333,23,54,16-Feb-2026 16:15,02/16/2026 04:15
3334,25,30,03/15/2026 01:40,2026-03-15 13:40
3335,20,89,01/16/2026 08:40,01/16/2026 09:10
3336,4,20,2026-03-24 10:21,24-Mar-2026 10:51
3337,1,67,2026-02-26 01:57,2026-02-26 01:54
3338,19,31,2026-03-08 03:27,2026-03-08 03:27
3339,3,30,2026-02-15 03:26,02/15/2026 03:56
3340,14,4,2026-03-14 03:42,2026-03-14 03:44
3341,26,61,01/22/2026 09:20,2026-01-22 21:20
3342,31,74,2026-04-27 22:34,04/27/2026 10:34
3343,29,66,04/28/2026 06:58,04/28/2026 06:55
3344,39,6,2026-03-12 11:44,2026-03-12 11:59
3345,11,90,04/04/2026 06:13,04/04/2026 06:10
3346,26,4,02/27/2026 07:52,27-Feb-2026 07:52
3347,20,74,2026-01-26 03:09,2026-01-26 03:31
3348,36,55,01/15/2026 03:41,2026-01-15 04:03
3349,26,27,04-Feb-2026 00:13,02/04/2026 12:28
3350,37,87,2026-01-03 16:47,01/03/2026 05:17
3351,33,79,01/15/2026 01:55,15-Jan-2026 13:52
3352,32,16,2026-04-13 06:46,04/13/2026 06:48
3353,15,60,2026-01-17 11:07,01/17/2026 11:07
3354,20,79,2026-02-17 18:30,2026-02-17 18:30
3355,38,69,12-Feb-2026 16:11,12-Feb-2026 16:13
3356,20,88,04/27/2026 11:02,
3357,19,46,04/13/2026 11:03,13-Apr-2026 23:03
3358,39,23,01/12/2026 01:28,2026-01-12 13:50
3359,24,34,04/21/2026 01:09,2026-04-21 13:14
3360,33,36,04/30/2026 09:51,04/30/2026 09:51
3361,5,60,2026-04-09 01:57,2026-04-09 01:57
3362,25,83,02/19/2026 08:21,19-Feb-2026 08:29
3363,34,75,2026-01-10 10:20,10-Jan-2026 10:25
3364,38,85,26-Jan-2026 20:02,2026-01-26 20:02
3365,13,58,2026-01-09 10:38,
3366,39,20,03/17/2026 01:13,
3367,4,27,01/06/2026 03:49,01/06/2026 03:46
3368,5,59,2026-01-30 00:08,30-Jan-2026 00:38
3369,36,23,29-Apr-2026 13:29,29-Apr-2026 13:34
3370,21,4,2026-01-04 12:03,04-Jan-2026 12:33
3371,37,24,04/27/2026 07:07,2026-04-27 19:07
3372,35,1,19-Mar-2026 00:02,19-Mar-2026 00:32
3373,25,15,02/01/2026 05:15,2026-02-01 05:15
3374,3,68,25-Jan-2026 07:08,2026-01-25 07:08
3375,12,54,02/05/2026 10:18,2026-02-05 10:23
3376,21,77,03/11/2026 10:44,2026-03-11 10:49
3377,34,88,30-Mar-2026 05:02,03/30/2026 05:02
3378,19,85,2026-04-30 17:45,2026-04-30 17:53
3379,39,3,2026-04-17 14:22,2026-04-17 14:24
3380,16,2,02/03/2026 05:57,2026-02-03 06:19
3381,4,32,2026-04-22 01:19,2026-04-22 01:19
3382,19,32,2026-03-10 08:17,2026-03-10 08:22
3383,23,29,2026-03-19 08:28,19-Mar-2026 08:25
3384,24,36,03-Jan-2026 23:04,03-Jan-2026 23:09
3385,33,70,2026-01-27 17:41,2026-01-27 18:11
3386,32,32,2026-04-05 06:10,2026-04-05 06:25
3387,13,17,2026-02-12 00:28,02/12/2026 12:50
3388,40,68,2026-03-16 05:29,
3389,24,75,02/26/2026 12:12,2026-02-26 12:12
3390,4,33,02/03/2026 08:37,03-Feb-2026 20:37
3391,37,80,2026-01-24 10:46,24-Jan-2026 10:46
3392,37,75,2026-03-16 07:22,03/16/2026 07:37
3393,38,77,30-Apr-2026 15:48,04/30/2026 04:18
3394,36,32,2026-02-09 04:49,09-Feb-2026 05:11
3395,26,72,2026-04-04 17:03,2026-04-04 17:33
3396,28,2,2026-02-24 19:33,2026-02-24 19:33
3397,17,78,2026-02-14 23:14,02/14/2026 11:11
3398,39,11,29-Jan-2026 04:08,2026-01-29 04:08
3399,5,38,2026-02-24 03:45,24-Feb-2026 04:07
3400,10,79,13-Jan-2026 06:12,13-Jan-2026 06:14
3401,19,73,2026-01-13 20:58,01/13/2026 09:00
3402,37,64,2026-02-28 12:12,2026-02-28 12:09
3403,3,76,04/22/2026 01:47,2026-04-22 14:02
3404,9,38,2026-01-03 01:37,2026-01-03 01:37
3405,12,30,03-Mar-2026 07:38,
3406,32,55,03/19/2026 10:25,19-Mar-2026 22:55
3407,36,80,2026-03-14 22:35,14-Mar-2026 22:32
3408,3,84,2026-03-09 08:38,2026-03-09 08:38
3409,24,32,25-Apr-2026 07:32,2026-04-25 07:47
3410,34,56,2026-04-15 02:32,15-Apr-2026 02:37
3411,1,40,02/15/2026 03:07,2026-02-15 03:12
3412,11,41,11-Feb-2026 01:23,02/11/2026 01:45
3413,21,52,2026-01-18 15:30,2026-01-18 15:52
3414,11,10,01-Apr-2026 08:29,2026-04-01 08:31
3415,37,85,02-Feb-2026 15:32,02-Feb-2026 15:40
3416,38,77,01/13/2026 10:07,2026-01-13 22:09
3417,3,25,02/24/2026 07:09,2026-02-24 07:14
3418,29,37,04/11/2026 02:46,2026-04-11 03:08
3419,29,69,17-Mar-2026 17:27,17-Mar-2026 17:35
3420,1,89,2026-03-27 15:21,
3421,39,10,03/27/2026 06:46,27-Mar-2026 18:43
3422,23,12,03/29/2026 11:39,29-Mar-2026 23:39
3423,38,45,2026-01-15 06:47,2026-01-15 06:52
3424,5,72,03/06/2026 10:43,03/06/2026 10:40
3425,7,42,2026-03-24 06:20,2026-03-24 06:50
3426,24,32,04/20/2026 03:23,04/20/2026 03:23
3427,31,1,2026-01-10 04:58,01/10/2026 04:58
3428,21,40,01/22/2026 08:11,01/22/2026 08:13
3429,35,20,2026-02-02 10:36,02/02/2026 10:38
3430,26,21,2026-01-08 06:21,01/08/2026 06:18
3431,18,81,01/04/2026 07:55,2026-01-04 19:55
3432,21,21,04/21/2026 04:44,2026-04-21 16:59
3433,28,77,07-Feb-2026 14:51,02/07/2026 02:59
3434,9,26,11-Jan-2026 02:27,2026-01-11 02:49
3435,2,65,03-Apr-2026 08:06,2026-04-03 08:21
3436,33,78,2026-04-12 15:38,2026-04-12 16:08
3437,8,77,2026-04-22 23:33,22-Apr-2026 23:38
3438,6,12,02/06/2026 08:28,2026-02-06 08:43
3439,7,43,2026-04-08 18:41,2026-04-08 18:41
3440,26,31,02/03/2026 10:42,2026-02-03 22:57
3441,30,88,2026-01-29 22:23,29-Jan-2026 22:53
3442,1,61,28-Mar-2026 21:49,2026-03-28 21:54
3443,4,69,26-Jan-2026 01:07,2026-01-26 01:07
3444,5,38,03/13/2026 01:41,2026-03-13 02:11
3445,16,74,2026-02-19 13:41,19-Feb-2026 13:56
3446,9,53,2026-02-02 17:34,2026-02-02 18:04
3447,1,47,12-Feb-2026 06:00,2026-02-12 06:15
3448,35,39,2026-01-03 23:50,03-Jan-2026 23:47
3449,1,28,03/12/2026 04:20,
3450,4,51,2026-02-13 01:18,13-Feb-2026 01:33
3451,24,6,01/24/2026 12:46,01/24/2026 12:46
3452,28,35,01/02/2026 11:00,02-Jan-2026 11:00
3453,38,6,2026-04-18 20:04,04/18/2026 08:06
3454,10,47,2026-01-25 14:56,01/25/2026 02:56
3455,30,48,2026-04-14 11:28,14-Apr-2026 11:30
3456,37,84,03-Feb-2026 23:35,
3457,40,69,2026-03-20 08:22,2026-03-20 08:44
3458,32,38,2026-02-28 13:26,28-Feb-2026 13:56
3459,3,41,02/22/2026 12:48,02/22/2026 12:53
3460,22,29,2026-04-04 12:48,2026-04-04 12:45
3461,36,77,2026-03-12 20:49,2026-03-12 20:51
3462,19,43,14-Mar-2026 11:29,03/14/2026 11:29
3463,24,20,2026-01-23 10:54,01/23/2026 11:02
3464,25,2,12-Feb-2026 17:34,12-Feb-2026 17:49
3465,20,70,2026-03-19 00:21,
3466,29,82,01/29/2026 01:59,2026-01-29 02:14
3467,13,46,2026-01-12 10:45,2026-01-12 10:45
3468,13,88,2026-01-01 19:05,2026-01-01 19:05
3469,7,41,2026-03-19 01:11,2026-03-19 01:41
3470,9,23,2026-02-16 12:59,2026-02-16 13:29
3471,29,73,2026-02-18 07:19,02/18/2026 07:24
3472,24,28,01/18/2026 04:07,01/18/2026 04:29
3473,21,59,01/23/2026 09:52,01/23/2026 09:49
3474,35,51,21-Mar-2026 03:21,03/21/2026 03:36
3475,28,43,12-Mar-2026 16:41,12-Mar-2026 16:43
3476,39,64,02/18/2026 12:44,02/18/2026 12:59
3477,1,48,2026-03-27 07:48,27-Mar-2026 07:50
3478,31,61,01/17/2026 03:32,17-Jan-2026 03:32
3479,7,73,2026-02-03 18:56,2026-02-03 19:11
3480,14,25,01/27/2026 03:38,2026-01-27 04:00
3481,9,27,13-Apr-2026 22:48,2026-04-13 22:53
3482,36,18,2026-02-28 15:32,28-Feb-2026 15:47
3483,30,49,23-Apr-2026 09:04,2026-04-23 09:09
3484,31,31,24-Apr-2026 05:20,24-Apr-2026 05:17
3485,10,6,2026-01-25 21:04,2026-01-25 21:34
3486,1,9,03/19/2026 01:20,03/19/2026 01:20
3487,19,18,08-Feb-2026 16:04,02/08/2026 04:04
3488,34,20,2026-04-21 16:51,21-Apr-2026 16:59
3489,6,43,02/18/2026 10:05,2026-02-18 22:20
3490,29,42,03/21/2026 10:44,2026-03-21 10:44
3491,15,16,2026-01-06 08:41,06-Jan-2026 08:46
3492,14,87,2026-01-29 04:00,29-Jan-2026 04:00
3493,32,58,2026-03-27 02:16,2026-03-27 02:16
3494,33,90,07-Jan-2026 03:32,01/07/2026 03:37
3495,2,57,2026-01-01 15:04,2026-01-01 15:06
3496,3,43,2026-04-22 20:11,2026-04-22 20:16
3497,19,11,01/07/2026 08:14,01/07/2026 08:19
3498,9,64,2026-02-19 04:44,2026-02-19 04:59
3499,24,65,2026-01-31 09:39,01/31/2026 09:47
3500,1,56,2026-01-30 02:37,
3501,26,25,04/03/2026 01:02,03-Apr-2026 13:17
3502,17,53,2026-01-13 22:05,01/13/2026 10:13
3503,38,27,01/20/2026 12:30,01/20/2026 01:00
3504,37,87,03/30/2026 04:23,30-Mar-2026 04:28
3505,39,10,02/16/2026 09:51,2026-02-16 22:06
3506,40,41,2026-02-27 02:03,2026-02-27 02:05
3507,27,56,2026-02-23 23:51,23-Feb-2026 23:53
3508,17,49,2026-01-19 11:09,01/19/2026 11:06
3509,35,84,01/14/2026 02:03,01/14/2026 02:11
3510,36,44,2026-02-11 12:03,
3511,5,24,2026-03-23 23:57,2026-03-23 23:57
3512,13,76,04/07/2026 04:12,2026-04-07 16:34
3513,11,44,03/14/2026 09:32,2026-03-14 09:54
3514,33,65,2026-04-06 19:40,2026-04-06 19:42
3515,35,84,2026-03-29 22:36,2026-03-29 22:41
3516,34,7,03/11/2026 11:33,03/11/2026 11:35
3517,17,74,2026-04-27 22:50,04/27/2026 11:20
3518,18,51,01/05/2026 11:02,01/05/2026 11:17
3519,40,35,04/14/2026 06:52,2026-04-14 06:49
3520,1,80,2026-03-22 23:14,2026-03-22 23:14
3521,35,8,15-Apr-2026 11:32,2026-04-15 11:47
3522,1,13,2026-03-18 05:18,03/18/2026 05:40
3523,27,36,2026-03-02 04:10,2026-03-02 04:25
3524,23,64,2026-03-06 02:11,2026-03-06 02:16
3525,18,1,2026-01-02 05:55,01/02/2026 06:03
3526,27,68,2026-01-25 04:10,
3527,5,54,2026-03-11 15:40,2026-03-11 15:40
3528,17,39,2026-02-17 08:00,2026-02-17 08:30
3529,19,1,27-Jan-2026 03:55,01/27/2026 03:57
3530,35,55,01/04/2026 02:13,04-Jan-2026 02:21
3531,3,9,2026-03-24 09:35,2026-03-24 09:37
3532,40,39,2026-02-18 17:57,2026-02-18 18:12
3533,3,89,03/02/2026 01:57,2026-03-02 13:54
3534,39,36,2026-01-13 14:10,01/13/2026 02:10
3535,28,82,13-Jan-2026 01:17,13-Jan-2026 01:39
3536,37,63,25-Jan-2026 13:30,01/25/2026 01:30
3537,8,27,2026-03-08 00:07,2026-03-08 00:07
3538,3,60,2026-02-07 06:06,2026-02-07 06:28
3539,33,2,2026-04-15 07:38,04/15/2026 07:40
3540,2,44,17-Apr-2026 09:37,2026-04-17 09:37
3541,28,1,01/31/2026 04:33,01/31/2026 04:33
3542,3,30,2026-01-17 09:19,2026-01-17 09:19
3543,18,79,2026-01-04 04:43,2026-01-04 04:43
3544,7,73,03/22/2026 02:28,2026-03-22 02:25
3545,24,79,08-Mar-2026 12:01,2026-03-08 12:06
3546,28,35,04/06/2026 03:37,04/06/2026 03:34
3547,9,78,02/28/2026 06:06,02/28/2026 06:21
3548,18,14,2026-04-14 20:46,2026-04-14 20:48
3549,28,4,2026-04-28 00:32,04/28/2026 01:02
3550,11,59,18-Mar-2026 10:57,2026-03-18 10:54
3551,29,25,2026-01-01 10:52,2026-01-01 11:22
3552,6,48,17-Jan-2026 19:08,2026-01-17 19:08
3553,33,20,02/23/2026 04:26,23-Feb-2026 16:34
3554,37,40,03/17/2026 10:11,17-Mar-2026 10:11
3555,10,31,2026-01-25 07:20,2026-01-25 07:42
3556,40,65,2026-04-16 10:52,2026-04-16 10:52
3557,37,8,01/07/2026 12:54,2026-01-07 13:09
3558,18,70,04/25/2026 06:24,
3559,36,36,26-Mar-2026 20:03,2026-03-26 20:08
3560,29,54,2026-04-01 08:48,2026-04-01 08:45
3561,35,70,04/24/2026 03:40,2026-04-24 15:42
3562,5,46,2026-04-17 03:58,04/17/2026 03:58
3563,20,48,03-Apr-2026 19:54,2026-04-03 20:09
3564,36,27,2026-04-03 00:41,2026-04-03 00:56
3565,2,20,01/04/2026 01:48,2026-01-04 01:48
3566,26,88,2026-01-20 19:14,2026-01-20 19:44
3567,22,12,10-Apr-2026 14:40,10-Apr-2026 14:40
3568,35,67,2026-04-28 03:49,04/28/2026 03:49
3569,9,4,29-Apr-2026 02:53,
3570,26,50,2026-04-19 11:55,04/19/2026 12:17
3571,15,62,01/27/2026 05:05,01/27/2026 05:02
3572,15,29,20-Feb-2026 01:03,02/20/2026 01:18
3573,39,59,2026-01-09 09:56,2026-01-09 10:11
3574,30,66,2026-04-22 19:24,22-Apr-2026 19:26
3575,13,44,03/06/2026 12:01,
3576,32,57,02/12/2026 11:38,2026-02-12 23:40
3577,22,44,2026-04-26 01:47,2026-04-26 01:55
3578,3,46,01/24/2026 02:46,01/24/2026 03:16
3579,15,67,02/19/2026 08:27,2026-02-19 20:27
3580,33,69,2026-02-08 02:10,
3581,5,40,29-Mar-2026 23:59,03/29/2026 11:59
3582,15,83,28-Feb-2026 17:54,28-Feb-2026 17:51
3583,8,42,04/25/2026 06:50,04/25/2026 06:47
3584,3,75,2026-04-27 07:15,2026-04-27 07:45
3585,4,19,02/12/2026 06:09,2026-02-12 06:14
3586,33,38,2026-02-17 22:49,2026-02-17 22:54
3587,15,55,19-Mar-2026 18:47,2026-03-19 18:47
3588,9,79,2026-02-28 03:02,02/28/2026 02:59
3589,8,46,17-Apr-2026 00:04,04/17/2026 12:04
3590,10,85,2026-03-21 22:48,03/21/2026 10:45
3591,14,5,01/25/2026 09:16,2026-01-25 21:13
3592,20,83,30-Jan-2026 19:07,2026-01-30 19:07
3593,25,48,01/13/2026 01:20,01/13/2026 01:25
3594,38,56,2026-03-12 19:50,2026-03-12 19:52
3595,25,61,2026-02-16 08:23,02/16/2026 08:31
3596,37,46,2026-04-10 04:08,2026-04-10 04:30
3597,40,15,2026-03-19 07:31,
3598,1,21,2026-01-31 03:27,01/31/2026 03:42
3599,5,83,22-Feb-2026 04:31,22-Feb-2026 04:36
3600,31,50,01/11/2026 03:54,2026-01-11 15:51
3601,32,58,2026-02-22 09:25,22-Feb-2026 09:55
3602,9,69,2026-03-15 17:46,15-Mar-2026 17:48
3603,2,20,19-Mar-2026 07:46,03/19/2026 07:46
3604,38,50,2026-02-04 01:44,2026-02-04 01:59
3605,30,16,04/20/2026 04:29,2026-04-20 04:44
3606,5,1,26-Jan-2026 09:42,2026-01-26 09:44
3607,3,18,2026-01-24 07:15,2026-01-24 07:17
3608,38,70,2026-01-08 05:05,08-Jan-2026 05:27
3609,36,29,2026-03-18 15:16,2026-03-18 15:16
3610,29,79,2026-01-14 03:18,14-Jan-2026 03:23
3611,8,36,2026-02-23 11:28,02/23/2026 11:30
3612,23,9,2026-03-25 08:41,2026-03-25 08:49
3613,20,18,10-Mar-2026 14:40,2026-03-10 14:55
3614,9,49,2026-02-09 17:15,02/09/2026 05:23
3615,25,79,2026-04-26 08:42,04/26/2026 08:42
3616,32,88,2026-03-21 20:35,2026-03-21 20:35
3617,3,4,09-Feb-2026 09:10,2026-02-09 09:07
3618,12,43,2026-03-04 11:47,04-Mar-2026 11:49
3619,18,37,16-Feb-2026 13:41,2026-02-16 13:41
3620,35,30,2026-04-15 06:00,15-Apr-2026 06:02
3621,5,33,2026-03-07 18:05,2026-03-07 18:05
3622,31,38,16-Apr-2026 15:11,2026-04-16 15:11
3623,38,59,04/06/2026 06:03,2026-04-06 18:11
3624,9,89,2026-01-02 11:17,2026-01-02 11:22
3625,32,84,2026-03-21 06:29,03/21/2026 06:29
3626,24,65,2026-01-10 09:26,2026-01-10 09:23
3627,16,11,2026-02-26 19:14,26-Feb-2026 19:14
3628,17,30,2026-03-20 20:23,20-Mar-2026 20:23
3629,1,63,2026-04-10 20:26,04/10/2026 08:26
3630,26,81,2026-04-06 11:35,04/06/2026 11:43
3631,4,53,04/27/2026 10:18,27-Apr-2026 22:18
3632,38,85,2026-02-06 00:44,2026-02-06 00:44
3633,17,23,2026-02-05 17:06,
3634,12,25,2026-01-10 20:56,10-Jan-2026 21:04
3635,22,90,01/04/2026 10:25,2026-01-04 10:25
3636,7,13,02/22/2026 03:51,
3637,27,62,2026-01-07 16:12,
3638,21,76,2026-04-14 02:35,2026-04-14 02:50
3639,16,27,2026-04-05 12:53,2026-04-05 12:53
3640,3,41,12-Feb-2026 06:05,02/12/2026 06:05
3641,4,48,2026-03-10 18:32,
3642,40,6,2026-01-14 17:58,2026-01-14 17:55
3643,15,74,2026-01-19 09:24,2026-01-19 09:32
3644,25,15,2026-02-09 01:56,2026-02-09 02:01
3645,27,87,2026-02-21 13:47,02/21/2026 01:47
3646,20,39,2026-04-21 22:33,2026-04-21 22:33
3647,33,56,2026-03-20 04:04,03/20/2026 04:04
3648,38,46,2026-02-15 01:25,02/15/2026 01:47
3649,16,36,04/15/2026 06:48,04/15/2026 06:48
3650,15,46,15-Mar-2026 16:26,15-Mar-2026 16:26
3651,26,48,03/02/2026 12:46,
3652,32,50,2026-01-29 17:01,2026-01-29 16:58
3653,27,54,2026-02-24 15:21,2026-02-24 15:29
3654,26,75,2026-03-09 12:21,09-Mar-2026 12:26
3655,26,56,02/27/2026 08:24,02/27/2026 08:21
3656,27,17,26-Apr-2026 09:04,04/26/2026 09:12
3657,10,38,06-Feb-2026 20:56,2026-02-06 21:11
3658,38,20,2026-02-24 05:09,02/24/2026 05:09
3659,27,26,04/24/2026 07:57,2026-04-24 20:02
3660,19,53,2026-04-10 20:33,04/10/2026 08:35
3661,2,53,2026-01-19 10:26,01/19/2026 10:31
3662,38,82,02/13/2026 12:41,02/13/2026 12:38
3663,5,54,2026-01-18 12:13,2026-01-18 12:10
3664,26,66,2026-04-30 09:08,2026-04-30 09:08
3665,32,27,2026-03-28 06:52,
3666,11,1,2026-01-18 08:53,18-Jan-2026 09:15
3667,2,72,2026-01-26 11:23,2026-01-26 11:25
3668,8,37,03/14/2026 11:54,03/14/2026 11:59
3669,29,51,2026-02-03 11:39,02/03/2026 11:39
3670,11,50,2026-02-23 23:35,02/23/2026 11:37
3671,30,18,17-Apr-2026 12:15,2026-04-17 12:20
3672,26,74,02/17/2026 05:51,2026-02-17 17:51
3673,27,90,03/11/2026 06:31,03/11/2026 06:31
3674,29,87,2026-01-05 15:44,2026-01-05 15:46
3675,15,77,2026-01-21 04:41,2026-01-21 04:41
3676,37,4,2026-01-21 16:16,01/21/2026 04:46
3677,38,5,2026-01-15 19:13,2026-01-15 19:18
3678,27,62,30-Apr-2026 13:33,04/30/2026 01:38
3679,7,37,09-Jan-2026 07:11,2026-01-09 07:16
3680,4,10,2026-03-21 00:52,21-Mar-2026 00:52
3681,35,12,2026-01-19 21:12,01/19/2026 09:42
3682,38,85,2026-04-30 17:30,
3683,20,84,30-Jan-2026 09:49,
3684,34,72,17-Mar-2026 22:54,17-Mar-2026 23:09
3685,3,10,04/24/2026 12:30,2026-04-24 00:30
3686,13,34,02-Apr-2026 09:01,04/02/2026 09:06
3687,10,8,2026-02-08 03:26,
3688,4,90,03/29/2026 12:39,29-Mar-2026 01:01
3689,38,13,07-Feb-2026 09:26,2026-02-07 09:26
3690,31,13,01/16/2026 05:31,01/16/2026 05:31
3691,7,75,26-Feb-2026 07:57,2026-02-26 07:57
3692,30,86,2026-01-01 18:49,01-Jan-2026 18:46
3693,6,38,2026-01-17 18:01,17-Jan-2026 18:23
3694,20,41,25-Jan-2026 21:19,01/25/2026 09:19
3695,39,28,2026-03-21 09:31,2026-03-21 09:53
3696,28,25,2026-04-21 04:08,2026-04-21 04:08
3697,32,39,22-Apr-2026 21:31,2026-04-22 21:46
3698,37,37,2026-01-31 19:46,2026-01-31 19:54
3699,4,10,2026-02-13 05:30,2026-02-13 05:38
3700,39,85,20-Mar-2026 21:18,2026-03-20 21:18
3701,17,45,2026-03-03 08:57,03/03/2026 09:19
3702,5,1,01/26/2026 06:59,26-Jan-2026 06:59
3703,30,75,04/09/2026 07:32,04/09/2026 07:29
3704,23,55,03/13/2026 01:48,2026-03-13 02:18
3705,4,4,2026-03-09 05:15,2026-03-09 05:23
3706,23,85,2026-03-15 03:53,2026-03-15 03:50
3707,10,24,03/23/2026 02:27,2026-03-23 14:27
3708,9,84,2026-03-07 19:57,
3709,25,2,2026-03-28 17:28,
3710,19,84,2026-02-19 23:06,02/19/2026 11:21
3711,27,24,2026-02-17 10:54,02/17/2026 11:16
3712,7,1,01-Jan-2026 14:59,2026-01-01 15:14
3713,39,8,19-Feb-2026 12:08,2026-02-19 12:08
3714,35,19,2026-01-02 09:40,01/02/2026 09:37
3715,8,45,2026-01-30 08:53,2026-01-30 08:53
3716,36,20,2026-02-21 16:24,21-Feb-2026 16:32
3717,34,25,07-Mar-2026 03:45,2026-03-07 03:50
3718,18,12,01/08/2026 02:27,01/08/2026 02:49
3719,8,30,09-Mar-2026 21:46,09-Mar-2026 21:46
3720,23,86,06-Jan-2026 09:46,2026-01-06 09:54
3721,29,19,01/30/2026 11:43,30-Jan-2026 23:43
3722,1,56,2026-02-22 15:49,22-Feb-2026 15:57
3723,36,6,04/20/2026 12:10,2026-04-20 00:10
3724,35,3,2026-01-14 06:00,2026-01-14 06:30
3725,22,32,2026-02-24 20:19,02/24/2026 08:19
3726,33,13,2026-04-30 09:10,04/30/2026 09:25
3727,19,81,01/24/2026 11:08,01/24/2026 11:05
3728,40,29,2026-01-05 02:37,05-Jan-2026 02:59
3729,36,83,01/05/2026 12:57,01/05/2026 12:54
3730,8,86,2026-01-27 13:29,01/27/2026 01:59
3731,29,33,13-Feb-2026 14:36,2026-02-13 15:06
3732,22,71,28-Feb-2026 19:55,02/28/2026 08:03
3733,20,90,01/04/2026 07:07,04-Jan-2026 19:37
3734,1,54,20-Apr-2026 17:25,04/20/2026 05:25
3735,23,20,04/05/2026 03:08,2026-04-05 15:08
3736,4,50,2026-03-02 08:36,03/02/2026 08:58
3737,24,57,2026-01-08 20:52,2026-01-08 21:14
3738,15,54,2026-04-12 23:17,2026-04-12 23:14
3739,23,29,2026-04-26 14:26,04/26/2026 02:48
3740,40,79,01/30/2026 06:14,2026-01-30 06:19
3741,30,64,2026-02-02 19:57,02/02/2026 07:57
3742,12,31,26-Jan-2026 15:19,01/26/2026 03:24
3743,3,36,2026-01-15 13:35,01/15/2026 01:35
3744,22,32,03/14/2026 12:17,2026-03-14 12:25
3745,19,75,2026-01-06 05:48,06-Jan-2026 06:18
3746,1,21,2026-02-20 12:38,20-Feb-2026 12:40
3747,14,29,2026-04-30 15:10,2026-04-30 15:40
3748,12,29,2026-01-16 00:44,01/16/2026 12:44
3749,15,6,2026-02-20 21:18,2026-02-20 21:48
3750,12,89,04/23/2026 08:44,2026-04-23 08:44
3751,11,77,26-Jan-2026 06:34,
3752,6,53,03/26/2026 11:17,2026-03-26 11:17
3753,16,76,02-Feb-2026 01:21,2026-02-02 01:23
3754,1,51,10-Feb-2026 06:50,10-Feb-2026 06:50
3755,8,30,2026-04-17 17:53,
3756,35,46,2026-01-02 09:09,
3757,7,86,2026-04-17 12:04,2026-04-17 12:06
3758,40,29,03/31/2026 02:15,2026-03-31 02:15
3759,2,24,04/16/2026 09:46,2026-04-16 22:01
3760,22,49,02/21/2026 02:42,
3761,24,46,2026-04-20 04:08,20-Apr-2026 04:38
3762,10,30,2026-01-01 02:03,2026-01-01 02:05
3763,15,11,03/12/2026 02:23,03/12/2026 02:20
3764,19,43,2026-03-10 14:27,2026-03-10 14:29
3765,8,79,23-Feb-2026 19:58,02/23/2026 08:28
3766,7,11,24-Mar-2026 04:01,03/24/2026 04:16
3767,22,8,2026-03-04 17:35,2026-03-04 17:50
3768,2,74,01/30/2026 03:34,2026-01-30 03:42
3769,4,53,01/14/2026 12:05,2026-01-14 12:05
3770,5,87,2026-01-21 17:32,2026-01-21 17:54
3771,31,81,2026-03-19 20:07,2026-03-19 20:07
3772,32,16,2026-04-09 03:35,2026-04-09 03:35
3773,34,37,04/28/2026 07:19,2026-04-28 19:41
3774,19,20,2026-04-21 08:51,
3775,2,32,24-Mar-2026 13:36,03/24/2026 01:38
3776,35,73,28-Jan-2026 00:49,2026-01-28 00:49
3777,17,56,03/04/2026 05:29,2026-03-04 17:44
3778,14,17,03/29/2026 03:40,2026-03-29 03:45
3779,36,26,2026-04-01 11:07,01-Apr-2026 11:15
3780,34,18,2026-01-08 12:11,08-Jan-2026 12:11
3781,23,21,2026-03-19 21:49,19-Mar-2026 22:11
3782,15,48,12-Jan-2026 13:55,2026-01-12 14:00
3783,23,29,2026-02-15 07:29,2026-02-15 07:44
3784,25,79,27-Mar-2026 10:14,03/27/2026 10:36
3785,38,55,2026-01-30 01:55,2026-01-30 02:25
3786,24,16,2026-01-04 22:43,2026-01-04 22:51
3787,27,75,24-Jan-2026 14:17,01/24/2026 02:32
3788,22,15,27-Jan-2026 00:45,
3789,27,17,23-Mar-2026 10:19,03/23/2026 10:19
3790,15,41,01/04/2026 11:10,2026-01-04 23:12
3791,18,18,2026-01-14 06:43,14-Jan-2026 06:58
3792,24,1,2026-02-03 20:50,2026-02-03 21:12
3793,1,37,04-Mar-2026 18:50,04-Mar-2026 19:12
3794,9,48,22-Jan-2026 03:45,2026-01-22 03:45
3795,14,30,04/29/2026 06:42,2026-04-29 06:47
3796,10,32,2026-02-05 03:31,02/05/2026 03:31
3797,37,90,2026-02-19 02:27,2026-02-19 02:42
3798,29,2,2026-03-13 23:38,13-Mar-2026 23:38
3799,34,55,2026-02-06 11:49,
3800,9,20,05-Jan-2026 22:15,2026-01-05 22:12
3801,18,17,12-Mar-2026 13:52,2026-03-12 13:49
3802,14,55,03/24/2026 04:01,2026-03-24 03:58
3803,35,78,2026-03-15 19:31,03/15/2026 07:31
3804,25,2,03/03/2026 02:07,03-Mar-2026 02:12
3805,39,18,01/05/2026 08:58,2026-01-05 09:13
3806,4,15,2026-02-04 04:29,04-Feb-2026 04:29
3807,14,48,10-Jan-2026 02:05,2026-01-10 02:05
3808,22,38,2026-03-13 06:30,03/13/2026 06:27
3809,4,70,2026-01-09 21:09,01/09/2026 09:06
3810,3,37,02/16/2026 11:20,
3811,4,35,2026-02-14 01:16,2026-02-14 01:13
3812,14,43,02/04/2026 06:11,02/04/2026 06:16
3813,14,62,2026-02-26 11:41,2026-02-26 11:41
3814,40,82,2026-01-03 04:31,2026-01-03 04:39
3815,29,15,30-Mar-2026 15:59,2026-03-30 16:04
3816,39,5,29-Jan-2026 04:11,2026-01-29 04:11
3817,39,68,04/12/2026 05:14,2026-04-12 17:14
3818,7,47,04-Apr-2026 22:15,04-Apr-2026 22:12
3819,8,11,04/14/2026 12:54,2026-04-14 13:09
3820,38,67,02/06/2026 06:23,2026-02-06 18:23
3821,3,42,2026-01-06 02:42,2026-01-06 02:44
3822,17,46,04/28/2026 04:02,2026-04-28 04:17
3823,10,70,2026-03-09 06:53,03/09/2026 06:55
3824,38,66,2026-01-30 16:34,2026-01-30 16:34
3825,31,43,2026-04-12 20:44,12-Apr-2026 20:41
3826,28,55,2026-04-10 18:28,10-Apr-2026 18:28
3827,13,1,01/28/2026 02:27,28-Jan-2026 14:27
3828,30,23,03/29/2026 04:44,29-Mar-2026 04:41
3829,15,33,2026-02-27 15:29,2026-02-27 15:29
3830,9,67,09-Mar-2026 11:14,2026-03-09 11:16
3831,35,60,04-Feb-2026 16:03,
3832,37,61,23-Jan-2026 18:24,01/23/2026 06:46
3833,15,72,31-Jan-2026 09:16,2026-01-31 09:38
3834,8,16,2026-04-02 06:03,04/02/2026 06:25
3835,25,26,01/01/2026 04:47,
3836,29,11,2026-01-27 15:44,2026-01-27 15:49
3837,19,87,2026-02-22 20:11,2026-02-22 20:11
3838,31,89,23-Mar-2026 09:07,23-Mar-2026 09:37
3839,28,16,04/16/2026 12:24,2026-04-16 12:39
3840,40,56,03/05/2026 04:35,2026-03-05 16:57
3841,3,78,04/21/2026 10:30,2026-04-21 22:32
3842,18,3,01/04/2026 04:18,04-Jan-2026 04:18
3843,19,18,03/11/2026 03:38,03/11/2026 04:00
3844,12,17,01/17/2026 01:32,17-Jan-2026 01:34
3845,1,59,2026-01-04 20:50,2026-01-04 20:52
3846,8,43,03/31/2026 05:15,31-Mar-2026 17:15
3847,22,5,2026-01-18 12:13,2026-01-18 12:13
3848,2,65,2026-01-06 22:51,01/06/2026 11:21
3849,17,60,03/03/2026 05:09,2026-03-03 05:11
3850,19,65,04/02/2026 02:15,04/02/2026 02:15
3851,7,37,2026-04-14 20:21,2026-04-14 20:26
3852,33,53,2026-04-26 08:06,26-Apr-2026 08:08
3853,2,27,17-Jan-2026 16:17,17-Jan-2026 16:17
3854,27,55,2026-03-08 10:07,2026-03-08 10:12
3855,22,34,18-Apr-2026 19:33,04/18/2026 07:55
3856,19,1,08-Jan-2026 04:07,2026-01-08 04:07
3857,26,86,2026-01-10 00:50,01/10/2026 01:05
3858,21,12,2026-04-18 06:22,2026-04-18 06:27
3859,10,64,2026-01-21 20:26,21-Jan-2026 20:26
3860,13,31,28-Feb-2026 07:16,2026-02-28 07:18
3861,13,2,17-Jan-2026 06:38,
3862,3,76,01/10/2026 01:00,2026-01-10 13:02
3863,29,67,01/21/2026 05:53,21-Jan-2026 17:58
3864,35,6,02/01/2026 01:59,2026-02-01 14:01
3865,18,9,03/03/2026 12:05,03/03/2026 12:05
3866,4,80,2026-02-11 21:23,02/11/2026 09:25
3867,27,55,2026-01-17 02:45,01/17/2026 02:45
3868,2,66,2026-01-15 23:46,01/16/2026 12:01
3869,23,74,02/25/2026 04:15,02/25/2026 04:20
3870,1,45,2026-02-10 02:27,2026-02-10 02:27
3871,23,88,10-Apr-2026 20:20,2026-04-10 20:22
3872,40,56,01-Apr-2026 12:16,04/01/2026 12:46
3873,9,13,04/12/2026 12:37,2026-04-12 12:42
3874,28,78,2026-02-12 09:02,02/12/2026 09:10
3875,7,52,2026-03-30 10:35,03/30/2026 10:35
3876,31,51,01/23/2026 07:17,2026-01-23 19:19
3877,16,56,04/10/2026 04:02,2026-04-10 04:10
3878,26,82,2026-01-30 09:27,2026-01-30 09:57
3879,28,56,2026-03-21 04:27,2026-03-21 04:24
3880,13,58,2026-04-28 03:50,2026-04-28 03:58
3881,36,83,04/20/2026 03:10,2026-04-20 15:40
3882,19,75,2026-04-17 06:21,2026-04-17 06:18
3883,21,44,2026-04-24 07:41,2026-04-24 07:56
3884,39,64,2026-03-11 05:02,11-Mar-2026 05:04
3885,24,69,2026-01-05 11:38,2026-01-05 11:43
3886,29,14,2026-03-12 13:09,03/12/2026 01:11
3887,9,76,06-Mar-2026 04:00,03/06/2026 04:00
3888,29,11,2026-04-29 00:24,2026-04-29 00:21
3889,4,84,03/07/2026 05:29,
3890,39,24,2026-02-17 16:12,02/17/2026 04:12
3891,29,72,2026-03-31 10:24,03/31/2026 10:24
3892,2,19,2026-04-18 08:13,2026-04-18 08:13
3893,1,9,04/28/2026 04:34,2026-04-28 04:34
3894,11,74,2026-01-05 04:18,2026-01-05 04:26
3895,12,21,11-Feb-2026 08:02,11-Feb-2026 08:04
3896,36,3,2026-03-11 23:39,
3897,32,82,2026-02-05 14:26,02/05/2026 02:31
3898,25,84,2026-03-19 02:11,2026-03-19 02:41
3899,16,61,2026-04-26 14:36,
3900,21,64,17-Jan-2026 18:02,2026-01-17 18:07
3901,39,48,03/16/2026 06:36,2026-03-16 06:41
3902,25,70,03/31/2026 05:43,2026-03-31 17:48
3903,24,29,2026-02-16 07:25,
3904,25,84,20-Mar-2026 02:55,2026-03-20 03:10
3905,33,26,02/18/2026 05:27,02/18/2026 05:24
3906,15,85,03/06/2026 07:02,06-Mar-2026 07:02
3907,32,28,21-Mar-2026 00:56,2026-03-21 00:53
3908,10,4,2026-03-25 20:55,25-Mar-2026 20:55
3909,39,38,2026-02-14 08:45,02/14/2026 09:00
3910,40,72,02/09/2026 06:23,2026-02-09 18:28
3911,28,77,03-Mar-2026 09:19,
3912,2,40,02/28/2026 02:17,02/28/2026 02:17
3913,35,35,2026-03-14 23:31,2026-03-14 23:31
3914,13,36,01-Feb-2026 08:25,02/01/2026 08:27
3915,30,58,11-Feb-2026 08:59,11-Feb-2026 08:59
3916,38,41,02/19/2026 02:04,2026-02-19 02:04
3917,2,9,2026-03-18 18:28,2026-03-18 18:36
3918,3,87,01/25/2026 03:34,25-Jan-2026 03:39
3919,2,85,03-Feb-2026 16:14,2026-02-03 16:16
3920,5,18,03/26/2026 11:13,26-Mar-2026 11:15
3921,32,80,2026-03-02 04:27,2026-03-02 04:27
3922,16,85,03/06/2026 04:30,2026-03-06 04:30
3923,12,59,2026-02-18 02:16,18-Feb-2026 02:31
3924,23,15,01/10/2026 07:18,2026-01-10 07:15
3925,23,45,2026-02-23 06:11,23-Feb-2026 06:26
3926,39,81,01/15/2026 05:06,2026-01-15 17:06
3927,20,45,2026-03-07 01:51,03/07/2026 02:13
3928,27,18,2026-03-28 06:31,2026-03-28 06:46
3929,16,57,2026-02-15 13:03,15-Feb-2026 13:03
3930,21,61,10-Mar-2026 04:26,03/10/2026 04:26
3931,17,13,02/01/2026 03:20,
3932,17,68,01/22/2026 01:51,2026-01-22 14:13
3933,1,76,24-Apr-2026 03:05,2026-04-24 03:07
3934,28,31,01/04/2026 04:09,01/04/2026 04:39
3935,5,56,31-Mar-2026 22:37,03/31/2026 10:37
3936,40,76,2026-04-09 06:39,2026-04-09 06:54
3937,7,23,2026-02-09 04:43,09-Feb-2026 04:40
3938,34,5,02/26/2026 04:11,02/26/2026 04:11
3939,10,8,2026-01-27 10:36,2026-01-27 10:51
3940,3,87,01/27/2026 08:26,2026-01-27 08:28
3941,17,17,2026-03-27 19:29,2026-03-27 19:44
3942,39,79,2026-01-12 15:17,2026-01-12 15:47
3943,19,81,2026-02-17 02:32,02/17/2026 02:34
3944,16,56,2026-04-22 23:08,22-Apr-2026 23:08
3945,11,86,2026-04-17 13:01,2026-04-17 13:01
3946,27,19,2026-04-17 09:55,04/17/2026 10:17
3947,25,44,12-Jan-2026 16:37,01/12/2026 04:37
3948,28,19,2026-04-22 20:17,
3949,33,63,11-Feb-2026 14:42,02/11/2026 02:42
3950,16,51,14-Apr-2026 06:08,2026-04-14 06:30
3951,30,56,2026-03-30 02:49,
3952,9,73,04/04/2026 01:01,04/04/2026 01:23
3953,23,77,23-Apr-2026 15:21,2026-04-23 15:23
3954,18,41,2026-01-10 07:20,2026-01-10 07:20
3955,25,67,02/14/2026 10:12,14-Feb-2026 10:12
3956,20,82,05-Mar-2026 00:39,03/05/2026 12:47
3957,29,51,2026-01-09 14:21,2026-01-09 14:26
3958,14,35,03/16/2026 06:57,2026-03-16 07:05
3959,5,69,2026-01-27 14:44,2026-01-27 14:41
3960,5,32,04/11/2026 12:37,2026-04-11 00:37
3961,21,13,2026-02-14 08:40,02/14/2026 08:40
3962,11,20,2026-01-01 12:45,2026-01-01 12:42
3963,16,23,01/06/2026 05:44,06-Jan-2026 17:44
3964,25,67,01/23/2026 03:05,2026-01-23 03:07
3965,1,31,04/08/2026 08:14,04/08/2026 08:14
3966,31,32,03/11/2026 05:53,03/11/2026 05:50
3967,20,83,2026-03-30 11:46,2026-03-30 11:46
3968,9,11,02/16/2026 06:45,16-Feb-2026 18:45
3969,1,59,2026-01-21 18:41,21-Jan-2026 18:49
3970,2,84,08-Apr-2026 01:17,2026-04-08 01:17
3971,1,68,2026-03-09 14:17,03/09/2026 02:47
3972,40,34,2026-04-27 23:29,2026-04-27 23:37
3973,31,19,2026-04-23 06:59,04/23/2026 06:59
3974,30,55,2026-04-01 18:03,04/01/2026 06:03
3975,33,65,03/17/2026 02:21,03/17/2026 02:23
3976,26,14,01/25/2026 11:31,25-Jan-2026 11:46
3977,29,70,09-Feb-2026 19:46,2026-02-09 20:08
3978,7,26,10-Apr-2026 02:49,10-Apr-2026 02:54
3979,3,22,2026-01-26 10:45,01/26/2026 10:50
3980,5,39,02/24/2026 02:08,2026-02-24 02:08
3981,14,28,2026-01-01 03:42,01-Jan-2026 03:42
3982,27,13,2026-02-24 06:48,2026-02-24 06:56
3983,33,30,01/21/2026 12:22,2026-01-21 12:37
3984,27,34,2026-03-29 05:38,2026-03-29 05:46
3985,37,50,04/18/2026 11:32,2026-04-18 23:32
3986,36,72,2026-02-12 02:40,2026-02-12 02:42
3987,39,83,2026-02-11 11:26,02/11/2026 11:26
3988,37,24,01/27/2026 09:22,2026-01-27 09:52
3989,11,62,2026-01-11 11:52,2026-01-11 11:57
3990,17,7,03/10/2026 03:39,2026-03-10 16:09
3991,35,58,2026-02-01 00:13,2026-02-01 00:35
3992,13,3,01/16/2026 10:18,01/16/2026 10:48
3993,26,84,10-Jan-2026 17:25,01/10/2026 05:47
3994,34,84,15-Feb-2026 21:11,02/15/2026 09:16
3995,29,80,2026-04-20 06:36,2026-04-20 06:36
3996,8,15,02/20/2026 07:39,20-Feb-2026 19:47
3997,23,67,01/18/2026 06:42,18-Jan-2026 06:42
3998,1,56,2026-01-15 00:17,2026-01-15 00:25
3999,16,13,2026-03-16 06:17,2026-03-16 06:47
4000,24,46,23-Mar-2026 16:06,2026-03-23 16:21
4001,39,40,2026-04-21 19:53,04/21/2026 07:50
4002,6,74,02/08/2026 11:00,02/08/2026 11:30
4003,38,7,03/13/2026 08:30,2026-03-13 08:30
4004,14,83,2026-01-03 08:39,2026-01-03 09:01
4005,11,15,2026-03-12 19:38,2026-03-12 19:40
4006,8,31,2026-01-14 23:54,2026-01-15 00:02
4007,3,6,02/26/2026 12:28,2026-02-26 12:30
4008,11,77,03/07/2026 12:52,03/07/2026 01:00
4009,22,89,18-Mar-2026 15:48,03/18/2026 03:50
4010,38,71,2026-01-23 12:17,01/23/2026 12:19
4011,10,19,02/28/2026 03:31,2026-02-28 15:31
4012,18,9,04/20/2026 06:18,20-Apr-2026 06:15
4013,5,81,16-Feb-2026 06:00,16-Feb-2026 06:00
4014,7,24,2026-02-04 04:48,
4015,35,51,02/12/2026 11:10,2026-02-12 11:15
4016,14,72,2026-02-15 19:38,2026-02-15 19:53
4017,4,78,2026-02-14 02:53,02/14/2026 03:15
4018,34,85,03/03/2026 11:19,2026-03-03 11:49
4019,20,47,04/16/2026 10:58,16-Apr-2026 11:03
4020,3,72,04/22/2026 06:43,2026-04-22 06:43
4021,13,43,29-Apr-2026 11:36,2026-04-29 11:51
4022,5,9,2026-02-07 12:52,07-Feb-2026 12:54
4023,29,4,03/29/2026 01:22,03/29/2026 01:24
4024,1,24,2026-02-25 15:19,02/25/2026 03:19
4025,18,13,04/23/2026 06:31,23-Apr-2026 06:33
4026,4,53,2026-02-14 17:11,2026-02-14 17:19
4027,1,13,2026-04-10 01:59,2026-04-10 02:04
4028,19,71,2026-02-19 06:55,2026-02-19 06:55
4029,18,32,2026-03-08 23:11,2026-03-08 23:33
4030,6,16,2026-04-04 16:59,
4031,22,54,2026-02-19 20:58,2026-02-19 21:03
4032,32,45,02/05/2026 12:37,05-Feb-2026 00:37
4033,30,5,2026-02-28 05:44,28-Feb-2026 05:49
4034,6,88,04/26/2026 07:31,2026-04-26 07:31
4035,5,86,2026-01-13 20:27,2026-01-13 20:42
4036,18,24,04/16/2026 04:54,2026-04-16 04:54
4037,25,49,03/20/2026 06:51,03/20/2026 07:06
4038,11,73,2026-03-05 03:57,03/05/2026 03:57
4039,6,9,24-Apr-2026 19:09,04/24/2026 07:11
4040,2,80,02/11/2026 11:02,02/11/2026 11:07
4041,10,38,2026-01-01 09:36,01/01/2026 09:33
4042,18,53,2026-02-04 19:52,02/04/2026 07:49
4043,15,31,2026-02-16 20:23,2026-02-16 20:20
4044,40,33,01/07/2026 06:53,07-Jan-2026 19:01
4045,12,37,02/15/2026 08:17,15-Feb-2026 08:47
4046,36,43,2026-03-04 12:53,04-Mar-2026 13:01
4047,2,74,2026-03-05 05:47,03/05/2026 05:44
4048,34,80,03/09/2026 10:36,09-Mar-2026 22:58
4049,1,32,2026-04-14 15:23,2026-04-14 15:38
4050,14,42,2026-04-20 09:32,2026-04-20 09:47
4051,17,59,23-Jan-2026 16:23,2026-01-23 16:23
4052,38,76,2026-03-03 22:27,2026-03-03 22:49
4053,18,37,04/22/2026 03:24,22-Apr-2026 03:21
4054,28,58,04/18/2026 05:34,2026-04-18 05:56
4055,7,59,2026-04-27 23:01,04/27/2026 11:16
4056,6,34,2026-04-24 02:10,24-Apr-2026 02:10
4057,14,68,02/17/2026 11:03,2026-02-17 11:25
4058,26,62,2026-03-07 06:17,03/07/2026 06:17
4059,5,70,2026-04-02 23:10,
4060,7,50,03/31/2026 10:56,2026-03-31 10:56
4061,14,48,22-Apr-2026 04:10,04/22/2026 04:40
4062,2,36,03/01/2026 12:28,
4063,22,53,16-Mar-2026 08:53,2026-03-16 08:55
4064,20,6,25-Jan-2026 16:56,25-Jan-2026 17:01
4065,36,56,2026-01-14 03:00,2026-01-14 03:30
4066,22,58,2026-01-23 15:23,
4067,9,43,11-Jan-2026 03:20,01/11/2026 03:22
4068,32,55,02/01/2026 09:21,02/01/2026 09:26
4069,5,81,03/16/2026 08:52,03/16/2026 08:57
4070,27,72,01/10/2026 10:11,2026-01-10 10:08
4071,2,11,01/04/2026 10:57,2026-01-04 22:57
4072,37,49,2026-04-20 10:10,04/20/2026 10:40
4073,1,38,28-Apr-2026 00:00,28-Apr-2026 00:00
4074,32,59,03/05/2026 06:23,05-Mar-2026 18:23
4075,25,42,2026-03-17 12:57,2026-03-17 13:12
4076,20,88,2026-02-21 04:50,02/21/2026 05:05
4077,39,49,2026-02-14 12:41,2026-02-14 12:41
4078,24,57,2026-03-18 18:20,2026-03-18 18:20
4079,15,16,2026-03-23 06:47,2026-03-23 07:09
4080,28,23,17-Mar-2026 06:30,2026-03-17 06:45
4081,21,90,01/08/2026 11:44,08-Jan-2026 11:41
4082,39,63,2026-04-01 06:36,04/01/2026 06:44
4083,19,84,13-Feb-2026 14:04,2026-02-13 14:12
4084,23,25,03/23/2026 05:09,23-Mar-2026 05:09
4085,16,61,2026-03-12 20:50,2026-03-12 20:55
4086,10,3,2026-03-29 09:13,03/29/2026 09:18
4087,23,26,2026-02-24 06:11,02/24/2026 06:33
4088,14,8,04/24/2026 05:31,04/24/2026 05:31
4089,18,5,2026-03-16 11:07,2026-03-16 11:04
4090,19,34,2026-03-04 12:21,03/04/2026 12:29
4091,28,47,2026-02-14 18:47,14-Feb-2026 18:49
4092,9,53,20-Mar-2026 05:59,20-Mar-2026 05:59
4093,3,34,2026-03-26 21:47,2026-03-26 21:47
4094,16,40,17-Apr-2026 11:31,2026-04-17 11:46
4095,39,89,04/19/2026 08:03,19-Apr-2026 20:18
4096,6,12,2026-04-10 16:34,2026-04-10 16:31
4097,29,36,2026-03-15 03:27,2026-03-15 03:32
4098,28,12,04/03/2026 11:23,2026-04-03 23:20
4099,1,36,03/26/2026 12:34,03/26/2026 12:49
4100,10,79,01/03/2026 09:07,2026-01-03 21:15
4101,39,76,2026-03-10 06:04,2026-03-10 06:04
4102,11,90,02/12/2026 08:33,
4103,12,74,2026-02-03 20:21,2026-02-03 20:21
4104,31,88,02/14/2026 01:10,2026-02-14 01:10
4105,4,46,2026-01-13 05:44,2026-01-13 05:59
4106,20,63,2026-02-25 23:36,02/25/2026 11:33
4107,6,33,03/24/2026 02:36,2026-03-24 14:36
4108,20,39,2026-01-24 08:07,2026-01-24 08:12
4109,2,87,31-Jan-2026 07:22,2026-01-31 07:19
4110,15,46,01/15/2026 10:38,2026-01-15 22:53
4111,32,62,2026-02-25 01:24,25-Feb-2026 01:26
4112,5,65,2026-02-04 04:56,2026-02-04 05:04
4113,27,41,08-Apr-2026 07:19,08-Apr-2026 07:49
4114,35,47,2026-04-27 02:08,04/27/2026 02:05
4115,22,80,2026-04-23 20:16,04/23/2026 08:21
4116,5,22,11-Apr-2026 20:27,11-Apr-2026 20:24
4117,8,49,2026-03-25 20:53,03/25/2026 08:55
4118,7,76,2026-02-10 02:40,2026-02-10 03:10
4119,3,8,05-Feb-2026 16:40,
4120,17,50,2026-02-04 10:05,2026-02-04 10:05
4121,11,14,21-Apr-2026 17:33,21-Apr-2026 17:35
4122,4,76,2026-01-19 11:55,2026-01-19 11:55
4123,13,38,17-Jan-2026 12:10,2026-01-17 12:25
4124,16,11,02-Mar-2026 12:00,02-Mar-2026 12:02
4125,5,42,2026-02-10 16:17,
4126,20,38,2026-01-02 20:50,02-Jan-2026 20:50
4127,40,53,03/07/2026 03:19,2026-03-07 15:27
4128,27,56,02/13/2026 05:07,2026-02-13 05:12
4129,36,24,04/19/2026 07:06,19-Apr-2026 19:36
4130,39,35,2026-03-04 02:54,04-Mar-2026 02:54
4131,7,3,18-Mar-2026 08:10,18-Mar-2026 08:25
4132,25,89,2026-04-23 02:43,
4133,34,82,2026-01-25 02:31,2026-01-25 02:31
4134,10,54,02-Apr-2026 15:38,04/02/2026 03:38
4135,32,46,2026-04-27 03:37,27-Apr-2026 03:52
4136,37,49,2026-01-27 13:55,2026-01-27 14:00
4137,6,1,2026-01-03 00:35,2026-01-03 00:43
4138,9,71,2026-04-25 04:42,2026-04-25 04:42
4139,3,83,26-Mar-2026 08:11,03/26/2026 08:19
4140,9,33,02/04/2026 08:07,02/04/2026 08:07
4141,6,38,2026-03-02 22:13,2026-03-02 22:13
4142,33,83,01/05/2026 04:47,2026-01-05 04:44
4143,25,6,02/22/2026 10:26,2026-02-22 10:26
4144,27,46,24-Feb-2026 16:37,02/24/2026 04:52
4145,39,44,01/08/2026 02:00,
4146,6,82,02-Apr-2026 12:13,2026-04-02 12:21
4147,17,27,2026-01-07 10:07,2026-01-07 10:15
4148,9,29,04/04/2026 05:17,2026-04-04 17:14
4149,25,45,03/19/2026 11:20,03/19/2026 11:50
4150,16,10,2026-02-07 12:02,02/07/2026 12:17
4151,9,76,05-Jan-2026 04:37,01/05/2026 04:39
4152,1,36,29-Mar-2026 17:51,29-Mar-2026 18:13
4153,6,74,2026-04-23 00:43,2026-04-23 00:45
4154,17,67,04/17/2026 08:02,04/17/2026 08:04
4155,37,38,2026-02-26 01:50,2026-02-26 01:50
4156,37,7,2026-03-07 20:14,2026-03-07 20:11
4157,23,12,2026-03-16 10:14,2026-03-16 10:44
4158,15,17,04/30/2026 04:41,2026-04-30 16:38
4159,33,67,15-Mar-2026 13:09,15-Mar-2026 13:24
4160,22,49,01/28/2026 04:04,01/28/2026 04:01
4161,11,68,01/30/2026 11:48,01/30/2026 11:48
4162,10,32,2026-03-09 23:55,03/09/2026 11:52
4163,28,69,02/24/2026 06:05,24-Feb-2026 06:27
4164,32,65,01/04/2026 08:42,04-Jan-2026 08:50
4165,15,62,02/18/2026 10:24,2026-02-18 22:54
4166,10,11,2026-02-12 01:28,2026-02-12 01:50
4167,23,88,03/02/2026 12:42,03/02/2026 12:39
4168,32,36,04/08/2026 08:09,08-Apr-2026 20:09
4169,5,82,22-Feb-2026 23:58,2026-02-22 23:58
4170,21,16,2026-04-29 16:15,2026-04-29 16:37
4171,22,29,02/18/2026 07:52,2026-02-18 20:00
4172,23,83,2026-03-21 08:10,2026-03-21 08:25
4173,39,55,13-Feb-2026 06:00,
4174,4,73,2026-02-07 14:24,2026-02-07 14:24
4175,8,51,04-Feb-2026 21:25,02/04/2026 09:33
4176,10,23,2026-02-21 02:45,02/21/2026 02:42
4177,14,40,2026-04-20 06:19,2026-04-20 06:16
4178,34,33,03/21/2026 08:26,
4179,6,82,03-Apr-2026 03:24,2026-04-03 03:26
4180,20,71,2026-01-01 21:52,2026-01-01 21:54
4181,16,48,2026-04-06 22:25,2026-04-06 22:47
4182,23,42,2026-02-17 13:15,2026-02-17 13:23
4183,10,51,01/08/2026 10:42,08-Jan-2026 10:47
4184,26,82,2026-01-26 01:59,
4185,22,27,13-Mar-2026 22:09,03/13/2026 10:14
4186,5,14,04/20/2026 02:23,2026-04-20 02:31
4187,10,65,03/08/2026 08:13,08-Mar-2026 08:13
4188,23,42,29-Apr-2026 03:33,29-Apr-2026 03:35
4189,32,59,03-Mar-2026 22:17,03-Mar-2026 22:17
4190,25,24,2026-03-17 20:57,2026-03-17 21:05
4191,33,35,02/22/2026 12:47,
4192,36,79,05-Jan-2026 01:45,01/05/2026 01:45
4193,37,90,14-Apr-2026 16:15,2026-04-14 16:15
4194,24,48,2026-01-13 11:22,2026-01-13 11:27
4195,20,78,2026-01-31 01:49,31-Jan-2026 02:04
4196,40,70,02/02/2026 09:00,02/02/2026 09:02
4197,22,85,2026-04-14 19:57,2026-04-14 20:12
4198,21,75,2026-01-07 16:20,01/07/2026 04:25
4199,17,84,02/08/2026 06:34,02/08/2026 06:49
4200,32,14,03-Mar-2026 05:15,03-Mar-2026 05:15
4201,1,75,02/18/2026 08:33,2026-02-18 08:33
4202,16,39,2026-01-21 11:45,2026-01-21 12:07
4203,4,85,2026-01-09 16:34,2026-01-09 16:39
4204,15,37,22-Apr-2026 21:03,22-Apr-2026 21:03
4205,17,89,2026-04-08 16:15,2026-04-08 16:23
4206,33,44,2026-03-15 01:15,03/15/2026 01:20
4207,32,40,2026-01-18 08:04,2026-01-18 08:12
4208,40,86,2026-02-27 04:12,2026-02-27 04:09
4209,24,45,2026-04-11 14:43,04/11/2026 03:13
4210,23,63,2026-04-19 19:50,2026-04-19 19:47
4211,27,52,2026-01-09 01:35,01/09/2026 01:32
4212,17,81,2026-04-27 13:24,2026-04-27 13:24
4213,20,57,2026-01-01 08:13,2026-01-01 08:18
4214,38,57,04/26/2026 08:14,04/26/2026 08:36
4215,32,89,14-Feb-2026 16:51,02/14/2026 04:59
4216,37,44,01/08/2026 02:21,2026-01-08 14:26
4217,26,5,2026-01-23 07:54,2026-01-23 08:09
4218,5,59,03/05/2026 08:08,
4219,3,14,03/21/2026 07:05,03/21/2026 07:27
4220,18,74,2026-01-07 02:07,2026-01-07 02:37
4221,34,41,02/27/2026 03:04,2026-02-27 03:04
4222,24,75,02/13/2026 12:37,2026-02-13 01:07
4223,26,87,2026-02-15 12:12,2026-02-15 12:27
4224,16,48,03/06/2026 07:35,2026-03-06 19:35
4225,30,17,01/25/2026 04:23,25-Jan-2026 04:23
4226,15,45,01/20/2026 09:10,2026-01-20 09:10
4227,4,78,27-Mar-2026 05:08,03/27/2026 05:30
4228,40,30,2026-03-20 16:22,2026-03-20 16:24
4229,37,53,03/22/2026 09:30,03/22/2026 09:35
4230,2,26,01/03/2026 12:04,03-Jan-2026 00:06
4231,28,47,13-Apr-2026 01:49,04/13/2026 01:49
4232,22,24,2026-03-17 13:30,17-Mar-2026 14:00
4233,5,19,03-Apr-2026 05:16,03-Apr-2026 05:31
4234,7,12,01/23/2026 11:37,2026-01-23 23:37
4235,11,42,29-Jan-2026 22:58,01/29/2026 10:58
4236,35,73,27-Jan-2026 17:08,2026-01-27 17:13
4237,21,58,02/18/2026 01:53,02/18/2026 02:01
4238,12,48,2026-02-27 17:06,02/27/2026 05:06
4239,35,86,2026-03-04 08:52,2026-03-04 09:14
4240,2,88,2026-03-03 13:18,2026-03-03 13:15
4241,38,28,22-Mar-2026 22:18,2026-03-22 22:15
4242,7,69,20-Feb-2026 20:58,2026-02-20 21:03
4243,9,22,06-Jan-2026 01:54,2026-01-06 01:51
4244,16,42,18-Feb-2026 14:22,2026-02-18 14:22
4245,11,70,07-Feb-2026 16:39,
4246,1,66,29-Mar-2026 16:30,2026-03-29 16:35
4247,31,6,2026-04-15 07:31,2026-04-15 07:53
4248,35,31,2026-03-26 15:45,2026-03-26 15:53
4249,27,84,03/29/2026 09:17,
4250,27,24,2026-01-18 01:51,
4251,35,68,2026-04-04 23:04,
4252,20,14,2026-04-02 04:55,2026-04-02 04:55
4253,11,50,02/24/2026 03:14,02/24/2026 03:19
4254,30,39,01/20/2026 09:03,2026-01-20 21:03
4255,15,78,2026-01-04 17:16,2026-01-04 17:46
4256,37,63,2026-04-28 10:48,28-Apr-2026 10:56
4257,8,77,03/24/2026 12:49,03/24/2026 12:49
4258,24,72,2026-04-15 11:16,2026-04-15 11:13
4259,26,60,2026-01-02 23:04,02-Jan-2026 23:12
4260,5,77,02/15/2026 07:45,02/15/2026 07:45
4261,22,22,03/15/2026 02:18,2026-03-15 02:18
4262,2,71,2026-04-03 20:24,2026-04-03 20:21
4263,39,30,02/06/2026 05:23,02/06/2026 05:25
4264,20,25,04/24/2026 03:37,
4265,24,58,13-Feb-2026 13:34,2026-02-13 13:34
4266,22,33,03/10/2026 04:48,2026-03-10 16:56
4267,11,11,2026-02-25 09:19,2026-02-25 09:19
4268,35,32,2026-02-04 11:29,04-Feb-2026 11:26
4269,38,62,04/14/2026 02:02,14-Apr-2026 02:10
4270,39,59,2026-01-19 04:45,01/19/2026 05:07
4271,13,5,2026-03-04 21:04,04-Mar-2026 21:04
4272,20,10,2026-01-24 14:05,2026-01-24 14:20
4273,6,51,02/16/2026 02:59,02/16/2026 02:56
4274,14,31,2026-03-23 14:17,2026-03-23 14:14
4275,26,59,26-Mar-2026 14:41,2026-03-26 14:41
4276,18,29,2026-02-26 11:07,02/26/2026 11:37
4277,30,87,04/26/2026 02:27,04/26/2026 02:27
4278,31,31,2026-01-09 02:53,01/09/2026 03:23
4279,29,43,01-Apr-2026 23:58,2026-04-02 00:06
4280,1,39,2026-04-09 19:43,04/09/2026 07:43
4281,29,28,01/22/2026 07:28,2026-01-22 07:43
4282,22,38,2026-01-30 12:39,30-Jan-2026 13:09
4283,24,75,24-Feb-2026 09:53,2026-02-24 09:53
4284,4,62,2026-04-15 21:09,2026-04-15 21:31
4285,23,54,2026-03-04 03:41,2026-03-04 04:03
4286,25,88,2026-04-15 23:16,15-Apr-2026 23:21
4287,2,27,2026-04-16 13:55,04/16/2026 02:10
4288,23,54,03-Jan-2026 01:50,01/03/2026 02:20
4289,12,84,2026-03-16 05:22,03/16/2026 05:37
4290,31,5,04/24/2026 05:46,24-Apr-2026 18:08
4291,29,77,2026-03-10 04:35,03/10/2026 04:37
4292,27,19,2026-03-10 11:51,10-Mar-2026 11:51
4293,29,9,2026-01-16 13:06,16-Jan-2026 13:08
4294,8,17,04/11/2026 08:01,2026-04-11 20:01
4295,11,37,2026-02-06 17:18,2026-02-06 17:20
4296,10,28,04/23/2026 06:45,2026-04-23 06:50
4297,26,4,03/10/2026 06:50,03/10/2026 06:52
4298,1,52,2026-04-22 09:44,2026-04-22 09:52
4299,26,42,01/26/2026 02:10,2026-01-26 14:07
4300,31,7,01/07/2026 12:12,2026-01-07 00:17
4301,36,44,02/22/2026 07:05,2026-02-22 07:13
4302,8,75,04/26/2026 12:09,2026-04-26 00:09
4303,24,45,26-Feb-2026 14:51,2026-02-26 14:51
4304,29,53,25-Feb-2026 02:26,2026-02-25 02:26
4305,28,71,04/07/2026 11:45,2026-04-07 12:00
4306,12,6,02/11/2026 03:08,2026-02-11 15:08
4307,5,62,07-Jan-2026 05:20,01/07/2026 05:28
4308,27,27,04/18/2026 05:54,18-Apr-2026 17:51
4309,37,68,2026-03-30 02:47,2026-03-30 03:09
4310,5,33,29-Jan-2026 16:09,2026-01-29 16:24
4311,8,61,2026-04-16 02:51,2026-04-16 03:06
4312,13,24,04/09/2026 03:36,
4313,1,3,2026-03-01 00:22,
4314,34,63,2026-02-26 20:06,
4315,2,19,01/29/2026 11:36,2026-01-29 23:36
4316,32,47,2026-02-24 04:02,2026-02-24 04:17
4317,32,80,01/26/2026 12:41,26-Jan-2026 00:41
4318,18,52,2026-03-17 13:23,03/17/2026 01:23
4319,23,22,03/15/2026 08:45,2026-03-15 20:50
4320,4,30,2026-03-14 11:57,2026-03-14 12:05
4321,35,25,2026-02-06 17:04,06-Feb-2026 17:01
4322,10,31,2026-04-12 02:32,2026-04-12 02:32
4323,6,34,2026-03-03 02:08,2026-03-03 02:10
4324,32,10,02/18/2026 06:26,02/18/2026 06:23
4325,40,82,2026-03-25 19:05,03/25/2026 07:05
4326,32,78,03/29/2026 11:57,
4327,9,45,01/14/2026 09:37,
4328,36,20,04/11/2026 01:42,2026-04-11 01:44
4329,10,73,23-Mar-2026 21:55,03/23/2026 10:25
4330,13,62,2026-04-17 14:02,2026-04-17 14:02
4331,24,42,2026-01-23 17:39,01/23/2026 06:09
4332,6,37,2026-04-20 12:10,
4333,30,43,2026-03-25 15:32,25-Mar-2026 15:37
4334,20,72,27-Mar-2026 03:36,2026-03-27 03:36
4335,23,77,01/15/2026 12:20,2026-01-15 12:20
4336,37,61,2026-03-23 20:02,03/23/2026 08:17
4337,30,62,01-Feb-2026 06:49,02/01/2026 06:51
4338,13,81,04-Mar-2026 08:52,03/04/2026 09:14
4339,11,78,2026-03-10 12:28,03/10/2026 12:43
4340,20,29,05-Apr-2026 09:28,04/05/2026 09:28
4341,37,7,2026-02-11 05:07,02/11/2026 05:07
4342,9,38,03/27/2026 05:23,03/27/2026 05:23
4343,4,73,2026-02-22 06:16,
4344,23,62,2026-02-11 12:23,2026-02-11 12:23
4345,9,17,2026-03-08 14:56,2026-03-08 14:56
4346,39,30,01/10/2026 03:47,10-Jan-2026 15:52
4347,4,13,2026-03-02 10:54,03/02/2026 10:54
4348,12,24,2026-03-14 02:09,
4349,32,43,03/18/2026 03:49,03/18/2026 03:49
4350,34,35,23-Jan-2026 21:57,23-Jan-2026 21:59
4351,40,68,2026-02-19 16:18,02/19/2026 04:18
4352,16,83,02/28/2026 07:23,02/28/2026 07:45
4353,6,46,15-Feb-2026 08:45,
4354,11,22,03/20/2026 12:16,2026-03-20 12:21
4355,16,52,2026-03-01 01:31,03/01/2026 01:31
4356,2,74,01/07/2026 09:44,2026-01-07 21:59
4357,30,53,13-Jan-2026 07:08,2026-01-13 07:13
4358,33,63,15-Feb-2026 09:43,2026-02-15 09:51
4359,4,37,02/02/2026 01:06,2026-02-02 01:36
4360,10,8,2026-03-20 19:13,20-Mar-2026 19:18
4361,15,80,2026-02-05 18:18,2026-02-05 18:48
4362,2,36,28-Feb-2026 03:45,28-Feb-2026 04:15
4363,23,23,2026-04-04 11:00,2026-04-04 11:08
4364,16,66,18-Jan-2026 22:49,2026-01-18 23:11
4365,22,32,25-Apr-2026 12:27,2026-04-25 12:27
4366,15,55,2026-02-26 11:23,02/26/2026 11:28
4367,17,3,04/26/2026 07:58,2026-04-26 08:20
4368,16,30,2026-03-05 03:22,2026-03-05 03:37
4369,16,17,2026-03-01 11:10,
4370,6,47,2026-03-06 21:32,06-Mar-2026 21:32
4371,18,82,2026-01-10 12:37,10-Jan-2026 12:42
4372,26,40,2026-01-13 23:06,13-Jan-2026 23:14
4373,6,17,2026-02-28 09:20,28-Feb-2026 09:20
4374,34,10,2026-04-17 17:56,17-Apr-2026 18:04
4375,23,29,02/26/2026 10:40,02/26/2026 10:40
4376,31,15,03/02/2026 03:41,2026-03-02 15:49
4377,8,51,03/20/2026 04:29,03/20/2026 04:26
4378,9,36,2026-03-16 13:28,2026-03-16 13:43
4379,27,18,01/14/2026 01:12,14-Jan-2026 13:20
4380,28,31,2026-02-27 12:22,2026-02-27 12:22
4381,5,41,2026-01-08 13:28,
4382,39,72,03/12/2026 03:53,03/12/2026 04:08
4383,30,10,2026-02-25 17:14,2026-02-25 17:29
4384,33,6,2026-04-18 22:14,
4385,19,54,18-Jan-2026 11:38,2026-01-18 12:08
4386,33,68,04/02/2026 04:11,2026-04-02 04:13
4387,26,85,2026-01-21 20:36,2026-01-21 20:33
4388,33,61,04/08/2026 12:19,08-Apr-2026 12:27
4389,39,6,03/05/2026 07:26,2026-03-05 19:41
4390,26,72,04/08/2026 03:08,04/08/2026 03:08
4391,1,62,01/29/2026 09:56,01/29/2026 09:56
4392,36,15,2026-02-22 20:42,2026-02-22 21:04
4393,27,37,2026-01-04 05:31,04-Jan-2026 05:31
4394,15,7,03/14/2026 09:07,03/14/2026 09:04
4395,38,81,2026-04-14 17:01,14-Apr-2026 17:09
4396,39,71,2026-02-07 05:07,2026-02-07 05:12
4397,17,73,07-Jan-2026 10:18,01/07/2026 10:15
4398,29,48,13-Jan-2026 10:44,13-Jan-2026 11:06
4399,6,55,2026-02-25 09:36,
4400,39,47,2026-03-15 05:06,03/15/2026 05:06
4401,29,27,18-Apr-2026 03:30,
4402,3,18,03/05/2026 02:56,2026-03-05 15:11
4403,14,31,03/27/2026 12:15,2026-03-27 12:17
4404,13,13,2026-03-10 21:48,03/10/2026 09:48
4405,11,54,2026-01-20 14:41,2026-01-20 14:41
4406,7,19,02/17/2026 07:24,17-Feb-2026 19:32
4407,19,44,2026-02-28 11:33,
4408,22,38,18-Apr-2026 09:06,04/18/2026 09:06
4409,38,71,02/08/2026 12:10,2026-02-08 00:32
4410,33,62,2026-01-25 14:16,2026-01-25 14:18
4411,19,32,2026-04-06 18:47,2026-04-06 18:47
4412,6,38,2026-02-10 16:03,10-Feb-2026 16:33
4413,2,63,2026-02-20 14:30,20-Feb-2026 15:00
4414,27,41,2026-02-19 10:04,02/19/2026 10:01
4415,13,46,01/19/2026 03:55,2026-01-19 03:55
4416,10,58,03/01/2026 02:01,
4417,11,17,2026-02-15 11:26,2026-02-15 11:31
4418,25,60,24-Mar-2026 05:06,2026-03-24 05:06
4419,6,85,03/09/2026 04:01,2026-03-09 04:06
4420,34,81,01/31/2026 05:16,2026-01-31 05:16
4421,27,52,2026-03-20 12:37,20-Mar-2026 12:37
4422,14,75,2026-01-24 03:15,2026-01-24 03:20
4423,40,5,04/17/2026 06:14,2026-04-17 06:29
4424,9,61,03/13/2026 03:54,2026-03-13 03:59
4425,10,2,2026-01-27 08:24,2026-01-27 08:21
4426,35,70,2026-03-13 12:32,
4427,30,31,2026-03-26 02:36,26-Mar-2026 02:38
4428,8,69,01/06/2026 05:54,01/06/2026 06:09
4429,8,34,01/23/2026 02:56,2026-01-23 03:26
4430,25,11,2026-01-05 11:04,05-Jan-2026 11:04
4431,37,16,19-Jan-2026 13:21,2026-01-19 13:51
4432,21,49,04/30/2026 05:52,04/30/2026 05:57
4433,27,72,04/11/2026 12:38,11-Apr-2026 12:38
4434,15,34,2026-01-15 06:56,01/15/2026 06:56
4435,8,72,2026-04-26 07:45,
4436,22,11,2026-02-12 03:14,12-Feb-2026 03:36
4437,1,40,2026-02-26 18:21,2026-02-26 18:36
4438,18,7,2026-03-12 08:10,2026-03-12 08:07
4439,14,9,2026-01-04 23:09,01/04/2026 11:17
4440,25,35,2026-02-27 06:57,2026-02-27 06:57
4441,31,77,02/18/2026 10:22,2026-02-18 22:27
4442,14,58,2026-02-18 08:05,18-Feb-2026 08:35
4443,34,58,01/01/2026 04:12,2026-01-01 16:42
4444,15,51,2026-04-22 22:24,22-Apr-2026 22:39
4445,5,1,2026-03-12 03:26,2026-03-12 03:48
4446,5,90,04/28/2026 01:59,2026-04-28 14:14
4447,3,11,05-Jan-2026 20:55,2026-01-05 21:03
4448,7,22,2026-02-28 15:21,
4449,19,3,2026-01-12 04:24,2026-01-12 04:21
4450,39,39,2026-04-13 04:55,13-Apr-2026 05:25
4451,38,35,2026-04-03 14:49,
4452,1,84,2026-02-14 20:47,14-Feb-2026 20:47
4453,30,60,01/01/2026 05:09,01/01/2026 05:11
4454,21,74,02/26/2026 10:09,2026-02-26 10:09
4455,7,15,2026-01-14 10:48,14-Jan-2026 11:03
4456,3,36,2026-04-23 03:43,2026-04-23 03:48
4457,6,46,02-Mar-2026 20:05,2026-03-02 20:10
4458,15,86,2026-04-05 11:28,05-Apr-2026 11:43
4459,22,48,2026-01-30 10:44,01/30/2026 11:06
4460,2,28,2026-02-12 14:57,2026-02-12 14:57
4461,38,75,2026-02-02 18:55,2026-02-02 19:03
4462,25,15,2026-04-22 16:05,2026-04-22 16:07
4463,30,28,14-Apr-2026 09:18,2026-04-14 09:18
4464,32,20,02/05/2026 04:40,05-Feb-2026 16:48
4465,25,43,14-Feb-2026 08:18,02/14/2026 08:40
4466,25,71,03/24/2026 12:12,24-Mar-2026 12:12
4467,16,36,2026-04-15 22:47,15-Apr-2026 23:09
4468,25,57,2026-01-07 01:49,01/07/2026 01:46
4469,31,30,2026-02-28 03:36,2026-02-28 03:36
4470,22,4,03/13/2026 01:55,2026-03-13 14:25
4471,24,34,2026-03-13 13:40,03/13/2026 02:10
4472,39,58,2026-01-03 20:03,2026-01-03 20:11
4473,1,30,04/20/2026 02:22,2026-04-20 02:22
4474,7,70,2026-03-13 22:18,2026-03-13 22:18
4475,9,78,2026-04-29 01:06,
4476,12,50,2026-01-10 18:09,01/10/2026 06:09
4477,4,11,2026-03-01 11:23,2026-03-01 11:53
4478,36,34,15-Feb-2026 22:39,2026-02-15 22:36
4479,6,30,2026-01-01 05:16,2026-01-01 05:13
4480,13,68,02/25/2026 03:37,02/25/2026 04:07
4481,36,52,2026-03-29 00:43,2026-03-29 00:45
4482,17,86,02/17/2026 06:26,17-Feb-2026 18:48
4483,16,81,17-Mar-2026 03:04,03/17/2026 03:12
4484,5,78,2026-01-26 05:07,
4485,34,71,25-Jan-2026 19:07,
4486,14,11,04/06/2026 07:18,2026-04-06 19:23
4487,25,9,04/27/2026 03:47,27-Apr-2026 03:49
4488,10,25,2026-03-17 06:26,03/17/2026 06:41
4489,28,65,2026-02-04 10:57,2026-02-04 11:27
4490,30,56,2026-02-19 20:45,02/19/2026 08:47
4491,5,74,02/11/2026 12:39,02/11/2026 12:39
4492,35,20,26-Apr-2026 14:38,2026-04-26 14:38
4493,39,31,03/25/2026 10:33,03/25/2026 11:03
4494,11,24,2026-02-26 23:36,2026-02-26 23:41
4495,34,36,15-Feb-2026 04:53,02/15/2026 05:08
4496,35,56,2026-04-03 08:24,2026-04-03 08:24
4497,15,29,2026-01-09 10:25,
4498,34,4,02/28/2026 08:10,2026-02-28 08:18
4499,23,77,01/11/2026 03:44,01/11/2026 03:44
4500,34,62,2026-04-22 00:02,2026-04-22 00:32
4501,10,3,18-Feb-2026 12:07,2026-02-18 12:29
4502,27,23,2026-03-14 05:48,
4503,10,25,02/28/2026 11:34,
4504,1,23,2026-04-24 07:41,04/24/2026 08:11
4505,32,60,02/11/2026 09:25,2026-02-11 09:55
4506,23,63,2026-04-16 09:07,16-Apr-2026 09:37
4507,10,33,2026-03-24 04:22,2026-03-24 04:22
4508,14,51,2026-03-25 00:30,2026-03-25 00:45
4509,23,51,2026-04-29 20:43,2026-04-29 20:43
4510,36,38,2026-01-30 04:39,
4511,1,70,2026-01-08 19:42,01/08/2026 07:42
4512,33,90,01/27/2026 02:33,27-Jan-2026 14:38
4513,36,18,2026-04-04 01:48,04/04/2026 01:48
4514,3,61,04/05/2026 11:21,2026-04-05 23:43
4515,28,46,02/22/2026 09:41,2026-02-22 21:41
4516,1,9,2026-04-23 08:30,
4517,19,18,2026-04-10 04:08,2026-04-10 04:08
4518,11,63,04/22/2026 02:33,04/22/2026 02:35
4519,21,9,01/29/2026 01:59,2026-01-29 14:07
4520,2,3,08-Mar-2026 03:51,
4521,8,80,02/25/2026 06:20,2026-02-25 06:20
4522,12,27,2026-01-09 16:12,2026-01-09 16:34
4523,16,42,2026-01-07 23:16,2026-01-07 23:18
4524,13,86,02/19/2026 11:08,2026-02-19 11:13
4525,30,43,02/07/2026 06:23,2026-02-07 06:53
4526,36,4,2026-04-21 08:17,2026-04-21 08:32
4527,28,55,2026-04-22 10:48,2026-04-22 10:53
4528,14,1,2026-02-16 06:47,16-Feb-2026 06:47
4529,25,13,2026-03-21 08:27,2026-03-21 08:27
4530,35,37,02/22/2026 07:41,2026-02-22 19:41
4531,7,63,2026-03-16 03:09,16-Mar-2026 03:24
4532,11,67,01/01/2026 03:41,2026-01-01 15:41
4533,21,3,04/30/2026 02:13,04/30/2026 02:43
4534,27,13,2026-02-05 12:35,2026-02-05 12:43
4535,16,90,2026-01-30 14:36,30-Jan-2026 14:33
4536,21,65,2026-04-10 19:19,04/10/2026 07:41
4537,16,45,02/19/2026 08:04,2026-02-19 08:09
4538,26,23,03/03/2026 08:52,2026-03-03 21:22
4539,7,12,22-Jan-2026 01:59,2026-01-22 02:07
4540,28,24,2026-03-26 06:54,2026-03-26 06:51
4541,3,29,16-Jan-2026 00:15,2026-01-16 00:45
4542,16,3,16-Feb-2026 08:55,16-Feb-2026 08:52
4543,33,1,2026-04-18 22:53,2026-04-18 23:08
4544,20,17,02/02/2026 10:05,02-Feb-2026 10:13
4545,22,89,02/23/2026 04:56,2026-02-23 16:56
4546,23,73,2026-03-16 01:11,03/16/2026 01:41
4547,6,14,02/04/2026 06:59,2026-02-04 06:56
4548,20,43,2026-03-27 03:34,2026-03-27 03:39
4549,7,12,2026-03-12 19:48,12-Mar-2026 19:56
4550,37,60,01/08/2026 02:17,01/08/2026 02:25
4551,11,24,01/22/2026 04:03,01/22/2026 04:00
4552,25,8,02-Jan-2026 09:54,2026-01-02 10:16
4553,5,17,04/03/2026 09:40,04/03/2026 10:10
4554,15,1,2026-04-01 06:22,04/01/2026 06:22
4555,37,78,2026-04-27 08:03,2026-04-27 08:33
4556,7,82,03/01/2026 06:37,2026-03-01 18:39
4557,32,70,04/05/2026 11:45,04/05/2026 11:45
4558,36,79,2026-04-04 05:24,04/04/2026 05:21
4559,17,31,2026-04-15 17:52,04/15/2026 05:52
4560,37,2,2026-04-28 10:15,2026-04-28 10:45
4561,38,79,29-Apr-2026 23:04,2026-04-29 23:12
4562,17,40,2026-02-20 10:41,2026-02-20 11:03
4563,11,55,2026-01-25 15:44,2026-01-25 15:52
4564,15,39,24-Mar-2026 06:29,03/24/2026 06:29
4565,2,34,2026-02-15 10:01,2026-02-15 09:58
4566,40,67,01-Mar-2026 23:07,03/01/2026 11:37
4567,30,78,15-Apr-2026 04:25,2026-04-15 04:33
4568,15,87,2026-04-01 10:53,2026-04-01 10:50
4569,31,68,26-Feb-2026 07:55,02/26/2026 08:00
4570,32,89,2026-02-08 07:45,08-Feb-2026 07:45
4571,30,60,2026-03-12 14:53,2026-03-12 14:55
4572,2,83,2026-04-25 00:51,2026-04-25 00:53
4573,11,20,2026-02-04 17:23,2026-02-04 17:31
4574,16,25,03/16/2026 10:04,16-Mar-2026 10:04
4575,22,88,01/08/2026 08:49,08-Jan-2026 20:49
4576,26,41,2026-02-05 14:26,05-Feb-2026 14:34
4577,19,80,2026-03-24 00:13,2026-03-24 00:13
4578,9,32,2026-02-18 18:12,
4579,28,79,02-Mar-2026 00:39,2026-03-02 00:47
4580,23,89,24-Mar-2026 04:33,
4581,10,5,2026-01-08 10:55,2026-01-08 10:55
4582,20,34,03/07/2026 02:50,2026-03-07 15:05
4583,11,14,04/11/2026 07:24,2026-04-11 07:54
4584,10,62,03-Jan-2026 14:20,01/03/2026 02:42
4585,7,20,31-Jan-2026 17:45,01/31/2026 05:42
4586,2,47,2026-03-12 07:20,2026-03-12 07:28
4587,1,33,2026-03-09 12:49,03/09/2026 12:57
4588,4,17,2026-03-16 06:05,2026-03-16 06:05
4589,32,69,21-Apr-2026 06:24,2026-04-21 06:26
4590,9,63,16-Mar-2026 15:03,2026-03-16 15:33
4591,27,5,01/06/2026 07:42,2026-01-06 07:44
4592,25,85,26-Jan-2026 20:55,2026-01-26 21:25
4593,12,20,01/12/2026 07:10,01/12/2026 07:18
4594,26,14,03/25/2026 08:38,
4595,30,4,13-Jan-2026 05:19,2026-01-13 05:19
4596,14,75,2026-02-08 00:11,2026-02-08 00:33
4597,31,21,2026-01-21 20:16,01/21/2026 08:13
4598,16,88,02/12/2026 02:10,02/12/2026 02:10
4599,11,74,03/10/2026 07:10,2026-03-10 19:10
4600,22,29,2026-01-05 12:44,2026-01-05 12:59
4601,4,72,23-Jan-2026 22:10,2026-01-23 22:32
4602,18,24,03/24/2026 03:41,03/24/2026 04:11
4603,32,70,08-Apr-2026 11:24,08-Apr-2026 11:21
4604,4,52,2026-02-05 05:28,05-Feb-2026 05:25
4605,2,11,2026-01-31 11:25,31-Jan-2026 11:25
4606,17,54,2026-03-18 07:00,03/18/2026 07:00
4607,18,63,2026-03-16 08:06,03/16/2026 08:06
4608,17,57,01/29/2026 07:57,2026-01-29 08:05
4609,30,28,03/24/2026 11:23,2026-03-24 11:45
4610,35,34,2026-01-03 13:34,2026-01-03 14:04
4611,21,62,2026-03-27 05:10,2026-03-27 05:25
4612,40,66,04/02/2026 01:04,04/02/2026 01:04
4613,10,52,2026-04-06 02:37,04/06/2026 02:34
4614,10,52,01/13/2026 11:04,2026-01-13 23:09
4615,2,1,2026-03-04 04:28,04-Mar-2026 04:25
4616,3,43,03/12/2026 11:40,2026-03-12 11:37
4617,13,10,2026-04-27 17:43,27-Apr-2026 18:05
4618,37,48,2026-04-26 18:37,2026-04-26 18:34
4619,8,23,2026-02-17 18:55,17-Feb-2026 18:57
4620,18,11,03/14/2026 02:51,2026-03-14 15:21
4621,40,72,02/17/2026 03:20,17-Feb-2026 15:20
4622,8,61,01/01/2026 05:07,2026-01-01 05:22
4623,7,47,2026-02-01 01:08,02/01/2026 01:08
4624,4,61,2026-02-21 22:11,21-Feb-2026 22:26
4625,38,48,03/22/2026 01:53,03/22/2026 01:53
4626,19,53,01/16/2026 03:40,2026-01-16 03:40
4627,37,1,01/10/2026 07:52,
4628,7,64,04/12/2026 02:00,
4629,12,2,2026-03-09 18:16,03/09/2026 06:21
4630,11,88,2026-04-25 02:10,2026-04-25 02:10
4631,1,87,02/01/2026 08:07,01-Feb-2026 08:15
4632,39,61,02/18/2026 11:24,02/18/2026 11:32
4633,39,55,02/28/2026 11:44,02/28/2026 12:06
4634,17,22,2026-03-05 02:05,03/05/2026 02:35
4635,17,86,2026-04-29 01:06,2026-04-29 01:21
4636,23,28,2026-03-22 05:55,2026-03-22 06:03
4637,13,31,25-Mar-2026 11:35,25-Mar-2026 11:37
4638,28,51,04/15/2026 09:20,2026-04-15 09:42
4639,8,87,03/10/2026 01:55,
4640,34,41,2026-03-04 12:47,2026-03-04 13:09
4641,3,47,2026-04-05 20:07,04/05/2026 08:04
4642,18,35,04/18/2026 02:01,18-Apr-2026 02:03
4643,22,65,2026-03-14 22:58,2026-03-14 23:06
4644,17,43,01/05/2026 09:07,2026-01-05 21:22
4645,17,48,2026-02-14 07:48,2026-02-14 08:18
4646,8,12,11-Jan-2026 07:57,11-Jan-2026 07:57
4647,17,53,19-Mar-2026 05:45,03/19/2026 05:53
4648,11,10,2026-02-14 04:38,02/14/2026 04:38
4649,14,7,2026-04-30 23:33,04/30/2026 11:38
4650,35,2,08-Jan-2026 06:15,2026-01-08 06:30
4651,23,79,04/01/2026 04:10,01-Apr-2026 04:18
4652,19,70,30-Jan-2026 20:22,30-Jan-2026 20:44
4653,36,14,2026-04-22 00:04,
4654,19,61,02/16/2026 11:47,2026-02-16 12:09
4655,1,38,02/01/2026 06:25,2026-02-01 18:25
4656,36,33,28-Mar-2026 08:51,2026-03-28 08:51
4657,6,59,2026-02-03 08:14,2026-02-03 08:19
4658,10,80,2026-02-02 22:29,02/02/2026 10:44
4659,33,67,04/29/2026 03:45,04/29/2026 03:42
4660,31,43,2026-02-23 08:59,02/23/2026 09:21
4661,5,31,2026-02-20 13:00,02/20/2026 01:00
4662,38,89,2026-02-08 18:44,02/08/2026 06:44
4663,39,56,02/03/2026 03:08,03-Feb-2026 03:08
4664,38,27,2026-02-15 17:22,2026-02-15 17:52
4665,10,36,2026-04-07 02:48,2026-04-07 03:18
4666,23,53,22-Jan-2026 15:10,
4667,24,53,11-Apr-2026 22:08,04/11/2026 10:08
4668,16,8,2026-03-26 17:04,2026-03-26 17:34
4669,2,41,2026-02-12 05:54,
4670,9,58,26-Apr-2026 17:15,2026-04-26 17:15
4671,29,87,02-Feb-2026 02:05,2026-02-02 02:27
4672,27,82,2026-04-29 02:12,2026-04-29 02:20
4673,5,14,01/24/2026 04:14,2026-01-24 16:14
4674,12,72,03/30/2026 09:17,2026-03-30 21:32
4675,21,90,2026-02-24 09:30,02/24/2026 09:38
4676,25,30,2026-03-06 09:04,2026-03-06 09:09
4677,2,22,25-Apr-2026 09:51,2026-04-25 09:51
4678,5,22,04/06/2026 06:22,2026-04-06 06:52
4679,21,79,2026-02-19 14:36,02/19/2026 03:06
4680,20,23,04/08/2026 05:33,08-Apr-2026 17:30
4681,29,5,2026-03-01 18:31,01-Mar-2026 18:33
4682,11,79,04/09/2026 09:01,04/09/2026 09:01
4683,11,27,30-Jan-2026 00:10,30-Jan-2026 00:25
4684,34,56,2026-02-23 08:02,02/23/2026 08:24
4685,9,55,04/09/2026 02:11,2026-04-09 14:11
4686,34,60,10-Mar-2026 22:38,2026-03-10 22:38
4687,31,58,2026-04-13 03:12,13-Apr-2026 03:12
4688,1,53,02/03/2026 03:09,2026-02-03 03:11
4689,23,82,2026-03-09 01:03,2026-03-09 01:18
4690,9,58,04/01/2026 11:14,2026-04-01 23:14
4691,14,44,2026-04-07 14:50,2026-04-07 14:52
4692,9,60,02/10/2026 03:55,2026-02-10 03:55
4693,23,58,2026-01-05 02:56,2026-01-05 03:01
4694,10,43,2026-03-04 07:01,03/04/2026 06:58
4695,15,75,23-Mar-2026 21:30,2026-03-23 21:30
4696,7,54,28-Mar-2026 18:37,2026-03-28 18:37
4697,38,54,04/27/2026 01:51,2026-04-27 02:13
4698,26,44,03/11/2026 04:44,03/11/2026 04:49
4699,17,86,2026-03-20 12:05,03/20/2026 12:05
4700,40,10,2026-01-30 16:18,01/30/2026 04:26
4701,29,4,01/02/2026 10:10,2026-01-02 22:10
4702,40,34,02/26/2026 10:34,26-Feb-2026 22:39
4703,27,36,2026-01-06 18:49,
4704,36,77,2026-02-28 19:20,2026-02-28 19:20
4705,16,74,2026-04-04 03:26,2026-04-04 03:23
4706,25,19,2026-04-10 02:05,04/10/2026 02:02
4707,21,71,2026-01-14 18:43,2026-01-14 18:43
4708,14,27,2026-03-25 04:48,2026-03-25 04:56
4709,2,17,04/26/2026 06:14,04/26/2026 06:11
4710,5,41,2026-03-11 08:29,2026-03-11 08:59
4711,38,86,2026-02-23 20:26,2026-02-23 20:56
4712,37,48,2026-03-08 23:08,03/08/2026 11:10
4713,25,18,04/13/2026 12:25,2026-04-13 12:25
4714,24,37,01/14/2026 12:39,01/14/2026 12:39
4715,9,85,2026-03-08 19:19,08-Mar-2026 19:41
4716,34,83,2026-04-02 03:15,04/02/2026 03:30
4717,7,9,04/22/2026 02:15,22-Apr-2026 02:20
4718,24,63,02/23/2026 06:36,23-Feb-2026 18:36
4719,3,86,2026-01-25 16:02,25-Jan-2026 16:32
4720,30,26,01/05/2026 04:22,2026-01-05 16:22
4721,4,25,03/07/2026 11:14,03/07/2026 11:14
4722,19,37,01/02/2026 05:58,02-Jan-2026 18:00
4723,28,30,02/22/2026 05:06,02/22/2026 05:06
4724,6,23,17-Jan-2026 02:52,01/17/2026 03:00
4725,11,46,03/29/2026 01:16,03/29/2026 01:16
4726,19,62,21-Apr-2026 15:26,21-Apr-2026 15:28
4727,21,39,2026-03-16 00:37,2026-03-16 01:07
4728,8,27,02/25/2026 02:05,2026-02-25 02:07
4729,33,47,2026-03-28 02:31,2026-03-28 03:01
4730,12,60,03/19/2026 07:51,2026-03-19 20:13
4731,9,15,2026-01-22 04:59,2026-01-22 05:29
4732,14,65,16-Jan-2026 05:10,
4733,19,76,02/25/2026 01:56,25-Feb-2026 13:53
4734,4,72,04/10/2026 05:17,2026-04-10 05:47
4735,27,39,2026-03-07 14:53,2026-03-07 15:23
4736,37,76,01/07/2026 01:43,
4737,14,25,2026-02-28 10:10,2026-02-28 10:12
4738,10,30,20-Mar-2026 11:14,2026-03-20 11:36
4739,20,90,13-Jan-2026 14:21,01/13/2026 02:23
4740,37,12,2026-04-23 13:44,2026-04-23 14:06
4741,21,4,2026-01-21 09:23,2026-01-21 09:23
4742,16,35,02/17/2026 11:14,2026-02-17 23:36
4743,34,61,2026-03-13 03:36,2026-03-13 03:58
4744,10,46,2026-04-29 21:04,04/29/2026 09:19
4745,14,16,2026-03-13 19:02,13-Mar-2026 19:24
4746,33,10,01/17/2026 09:32,2026-01-17 21:32
4747,29,4,02/04/2026 05:13,04-Feb-2026 05:28
4748,14,8,2026-03-19 06:46,2026-03-19 06:46
4749,39,36,15-Mar-2026 06:57,2026-03-15 07:12
4750,39,32,25-Jan-2026 22:14,2026-01-25 22:36
4751,32,14,02/27/2026 10:34,
4752,2,75,01-Apr-2026 04:46,
4753,4,72,2026-03-18 14:44,2026-03-18 14:49
4754,2,52,03-Mar-2026 11:11,2026-03-03 11:16
4755,35,89,04/06/2026 06:42,2026-04-06 18:42
4756,22,77,01-Jan-2026 22:44,01/01/2026 10:44
4757,21,70,01/26/2026 05:40,01/26/2026 05:48
4758,23,41,2026-01-21 11:49,21-Jan-2026 12:19
4759,2,28,02/26/2026 01:58,2026-02-26 14:00
4760,35,72,02/07/2026 12:51,07-Feb-2026 13:06
4761,13,19,02/13/2026 06:51,
4762,16,53,2026-02-16 11:34,2026-02-16 11:49
4763,18,67,03/20/2026 09:52,2026-03-20 09:57
4764,15,63,2026-01-17 01:56,2026-01-17 01:56
4765,23,22,2026-04-15 16:35,2026-04-15 16:35
4766,33,39,01/01/2026 09:16,2026-01-01 21:21
4767,6,48,2026-03-21 23:49,03/21/2026 11:54
4768,25,9,2026-01-14 05:35,2026-01-14 05:35
4769,2,26,2026-03-10 06:37,2026-03-10 06:37
4770,2,43,2026-03-04 04:53,04-Mar-2026 05:08
4771,17,23,03/14/2026 11:55,03/14/2026 11:52
4772,15,64,2026-03-24 07:09,2026-03-24 07:09
4773,18,81,2026-02-27 07:12,2026-02-27 07:42
4774,27,55,2026-01-06 05:13,2026-01-06 05:13
4775,27,83,2026-01-26 01:28,26-Jan-2026 01:30
4776,25,76,27-Mar-2026 20:20,03/27/2026 08:20
4777,29,27,03/13/2026 02:27,03/13/2026 02:35
4778,4,75,01-Mar-2026 03:15,01-Mar-2026 03:15
4779,38,25,2026-02-17 02:00,2026-02-17 02:30
4780,24,5,2026-04-09 23:00,09-Apr-2026 23:05
4781,2,31,20-Feb-2026 01:54,2026-02-20 01:51
4782,31,60,2026-01-07 04:13,07-Jan-2026 04:35
4783,22,85,2026-04-15 22:20,15-Apr-2026 22:25
4784,39,46,2026-02-16 10:28,02/16/2026 10:43
4785,19,18,16-Jan-2026 09:22,16-Jan-2026 09:44
4786,23,56,2026-01-24 17:51,24-Jan-2026 17:51
4787,8,54,01/13/2026 04:00,2026-01-13 04:05
4788,38,85,02/21/2026 07:17,2026-02-21 19:17
4789,8,53,02/08/2026 05:59,2026-02-08 18:14
4790,33,78,03/30/2026 01:10,2026-03-30 13:10
4791,29,2,03/26/2026 04:09,03/26/2026 04:09
4792,40,37,04/26/2026 07:51,04/26/2026 07:51
4793,16,6,19-Feb-2026 06:11,2026-02-19 06:41
4794,19,12,2026-02-22 12:07,2026-02-22 12:09
4795,23,20,2026-04-09 15:15,04/09/2026 03:15
4796,31,46,03/15/2026 07:08,2026-03-15 19:05
4797,14,7,2026-01-26 05:12,01/26/2026 05:17
4798,31,13,2026-01-16 01:42,16-Jan-2026 01:42
4799,30,5,04/05/2026 11:31,2026-04-05 23:31
4800,37,16,22-Jan-2026 02:47,22-Jan-2026 02:52
4801,17,33,03/11/2026 12:13,11-Mar-2026 12:13
4802,33,31,01/11/2026 11:40,2026-01-11 23:45
4803,20,63,08-Feb-2026 18:06,08-Feb-2026 18:03
4804,22,24,2026-02-13 21:42,13-Feb-2026 22:04
4805,36,87,2026-04-01 05:12,
4806,36,72,01/23/2026 12:39,2026-01-23 00:39
4807,7,21,01/16/2026 06:07,16-Jan-2026 18:04
4808,36,21,2026-01-31 05:15,2026-01-31 05:45
4809,27,86,2026-03-15 21:15,
4810,35,56,07-Mar-2026 15:25,07-Mar-2026 15:22
4811,37,83,2026-03-07 17:15,03/07/2026 05:30
4812,34,18,01/20/2026 05:40,
4813,1,25,2026-03-27 23:53,28-Mar-2026 00:23
4814,2,58,09-Jan-2026 11:47,01/09/2026 11:47
4815,33,54,03/21/2026 02:59,2026-03-21 03:01
4816,32,5,14-Apr-2026 21:09,2026-04-14 21:11
4817,18,77,01/29/2026 03:14,01/29/2026 03:36
4818,35,57,16-Mar-2026 12:32,2026-03-16 12:47
4819,31,37,18-Feb-2026 23:22,2026-02-18 23:44
4820,31,51,03/07/2026 02:49,03/07/2026 03:19
4821,33,14,23-Mar-2026 07:52,03/23/2026 08:14
4822,1,6,2026-02-05 06:51,2026-02-05 06:51
4823,28,23,03/14/2026 07:24,2026-03-14 07:24
4824,25,85,2026-02-16 13:07,16-Feb-2026 13:15
4825,15,31,01/02/2026 08:10,02-Jan-2026 20:10
4826,30,34,01/08/2026 03:21,2026-01-08 03:21
4827,22,19,2026-04-28 20:04,2026-04-28 20:26
4828,9,44,2026-04-12 13:51,04/12/2026 02:21
4829,2,8,07-Mar-2026 04:49,03/07/2026 05:04
4830,27,77,2026-02-08 00:32,2026-02-08 00:34
4831,17,17,01/28/2026 04:57,2026-01-28 05:12
4832,34,30,2026-03-26 17:09,2026-03-26 17:11
4833,12,24,03/03/2026 08:27,2026-03-03 08:27
4834,15,61,2026-01-10 16:27,2026-01-10 16:32
4835,14,33,2026-01-07 04:40,2026-01-07 04:45
4836,15,26,01/23/2026 12:50,2026-01-23 12:47
4837,18,47,03/14/2026 01:36,2026-03-14 13:36
4838,32,71,24-Apr-2026 22:45,2026-04-24 22:47
4839,38,68,04/27/2026 07:42,2026-04-27 19:42
4840,27,74,2026-04-30 22:00,
4841,25,38,09-Mar-2026 06:29,03/09/2026 06:34
4842,10,13,2026-03-08 22:17,2026-03-08 22:19
4843,11,56,2026-02-22 16:15,02/22/2026 04:15
4844,29,26,28-Apr-2026 21:48,04/28/2026 10:03
4845,24,79,2026-02-07 04:04,07-Feb-2026 04:01
4846,14,82,2026-04-15 03:49,15-Apr-2026 04:19
4847,30,87,05-Apr-2026 06:39,04/05/2026 06:39
4848,2,31,2026-01-31 00:48,31-Jan-2026 01:18
4849,27,45,03/08/2026 01:07,2026-03-08 01:07
4850,1,51,2026-03-21 08:31,2026-03-21 08:28
4851,3,52,2026-04-28 15:25,2026-04-28 15:47
4852,6,39,04/14/2026 10:41,2026-04-14 10:43
4853,38,46,2026-04-23 01:45,04/23/2026 01:47
4854,12,40,27-Jan-2026 16:39,2026-01-27 16:39
4855,23,73,2026-03-14 21:33,2026-03-14 21:38
4856,27,30,04/19/2026 02:27,2026-04-19 14:57
4857,13,72,2026-04-13 11:16,2026-04-13 11:21
4858,28,85,2026-04-29 20:38,
4859,4,66,2026-03-31 07:27,
4860,6,3,01/27/2026 03:56,2026-01-27 15:58
4861,25,29,2026-01-31 12:53,2026-01-31 13:15
4862,12,22,2026-02-07 05:29,02/07/2026 05:34
4863,39,9,03/19/2026 01:35,
4864,7,75,2026-01-23 13:04,
4865,36,67,2026-03-20 10:09,03/20/2026 10:09
4866,14,20,2026-03-17 05:57,03/17/2026 06:19
4867,36,74,04/25/2026 07:33,2026-04-25 07:30
4868,24,81,2026-02-20 20:41,02/20/2026 08:41
4869,40,86,01/05/2026 05:24,2026-01-05 05:39
4870,24,82,2026-04-12 19:18,12-Apr-2026 19:40
4871,18,54,21-Mar-2026 05:58,21-Mar-2026 06:03
4872,14,89,02/12/2026 01:31,02/12/2026 01:31
4873,21,17,02-Apr-2026 05:39,
4874,22,50,2026-03-21 12:09,2026-03-21 12:06
4875,35,39,2026-03-23 19:17,03/23/2026 07:14
4876,29,36,14-Feb-2026 16:39,14-Feb-2026 17:09
4877,33,41,2026-04-23 16:19,
4878,11,42,2026-01-11 12:20,
4879,37,83,18-Apr-2026 17:08,18-Apr-2026 17:23
4880,11,34,2026-02-10 11:12,2026-02-10 11:20
4881,26,77,2026-03-02 01:41,03/02/2026 01:41
4882,25,5,02/12/2026 07:19,
4883,34,70,2026-01-09 04:38,01/09/2026 04:53
4884,25,55,01-Jan-2026 03:01,2026-01-01 03:01
4885,26,34,2026-03-22 08:03,2026-03-22 08:33
4886,6,55,2026-01-15 18:10,2026-01-15 18:18
4887,16,74,03/15/2026 05:44,03/15/2026 05:41
4888,33,90,01/13/2026 06:24,2026-01-13 18:24
4889,20,16,02/27/2026 03:15,2026-02-27 03:17
4890,35,54,2026-03-15 00:24,2026-03-15 00:21
4891,1,4,01/31/2026 11:09,2026-01-31 11:31
4892,34,2,20-Jan-2026 06:48,2026-01-20 06:48
4893,19,46,2026-03-26 18:39,03/26/2026 06:47
4894,25,84,01/17/2026 11:54,2026-01-17 12:24
4895,26,81,2026-03-10 00:37,03/10/2026 12:37
4896,38,29,2026-04-15 22:16,2026-04-15 22:13
4897,32,10,2026-03-29 22:22,
4898,20,79,01/27/2026 08:53,01/27/2026 08:53
4899,36,47,2026-01-04 03:27,01/04/2026 03:27
4900,6,20,2026-04-18 14:04,04/18/2026 02:04
4901,18,74,2026-03-06 06:20,06-Mar-2026 06:50
4902,17,6,10-Jan-2026 11:53,10-Jan-2026 12:15
4903,5,61,2026-04-01 07:10,2026-04-01 07:25
4904,29,33,2026-04-09 11:14,04/09/2026 11:14
4905,12,54,01/24/2026 09:41,24-Jan-2026 21:41
4906,38,48,2026-01-14 08:49,2026-01-14 08:49
4907,8,71,2026-03-20 13:47,2026-03-20 13:44
4908,8,86,24-Jan-2026 23:40,24-Jan-2026 23:42
4909,40,78,2026-02-10 08:24,02/10/2026 08:32
4910,33,64,04/16/2026 05:35,04/16/2026 05:50
4911,15,15,21-Feb-2026 18:57,02/21/2026 07:12
4912,33,90,21-Apr-2026 04:36,21-Apr-2026 04:36
4913,25,82,01/20/2026 02:42,2026-01-20 14:39
4914,19,46,2026-01-06 14:44,01/06/2026 02:44
4915,14,55,01/02/2026 01:42,01/02/2026 01:47
4916,36,2,2026-02-16 02:07,16-Feb-2026 02:22
4917,35,90,01/14/2026 05:19,2026-01-14 17:19
4918,36,31,2026-02-19 17:31,02/19/2026 05:36
4919,23,4,2026-03-15 12:50,15-Mar-2026 12:58
4920,33,5,17-Mar-2026 08:39,2026-03-17 09:01
4921,26,56,04/19/2026 03:45,19-Apr-2026 03:42
4922,23,74,2026-04-30 00:45,30-Apr-2026 01:15
4923,6,40,01/27/2026 01:06,01/27/2026 01:11
4924,30,84,22-Mar-2026 15:46,03/22/2026 03:48
4925,35,37,2026-03-24 16:09,24-Mar-2026 16:09
4926,23,25,2026-01-09 04:09,2026-01-09 04:14
4927,34,81,2026-03-14 23:21,14-Mar-2026 23:36
4928,21,75,2026-01-03 14:34,2026-01-03 14:49
4929,29,50,2026-01-16 10:30,01/16/2026 10:30
4930,35,52,2026-03-21 06:13,03/21/2026 06:43
4931,18,52,04/10/2026 07:57,2026-04-10 20:12
4932,3,16,2026-03-14 01:25,03/14/2026 01:47
4933,19,6,2026-01-29 18:54,29-Jan-2026 19:16
4934,14,12,2026-01-27 20:30,2026-01-27 20:32
4935,22,50,2026-01-07 03:52,07-Jan-2026 03:49
4936,20,77,13-Mar-2026 02:01,2026-03-13 02:01
4937,4,44,2026-01-28 08:13,2026-01-28 08:15
4938,6,25,01/22/2026 04:02,2026-01-22 16:17
4939,40,80,2026-02-11 20:36,2026-02-11 20:36
4940,8,1,2026-04-21 01:14,2026-04-21 01:44
4941,17,29,01/20/2026 08:14,2026-01-20 20:14
4942,2,69,03/30/2026 09:05,03/30/2026 09:07
4943,30,62,04/18/2026 05:21,2026-04-18 17:26
4944,10,13,2026-01-21 21:22,2026-01-21 21:24
4945,32,80,14-Apr-2026 00:14,2026-04-14 00:11
4946,7,84,03-Jan-2026 19:41,2026-01-03 20:11
4947,20,21,2026-03-16 08:19,03/16/2026 08:49
4948,28,28,2026-03-02 12:41,03/02/2026 12:46
4949,23,17,2026-03-17 21:57,03/17/2026 09:54
4950,35,19,02/05/2026 01:48,2026-02-05 13:48
4951,19,24,01/24/2026 08:22,2026-01-24 08:22
4952,30,68,04/12/2026 10:00,2026-04-12 10:08
4953,16,33,2026-03-03 05:47,2026-03-03 05:44
4954,31,21,02-Jan-2026 07:05,2026-01-02 07:27
4955,25,6,2026-04-07 21:33,2026-04-07 21:55
4956,33,58,01/15/2026 09:17,2026-01-15 09:39
4957,5,88,02/09/2026 03:59,02/09/2026 04:07
4958,7,48,2026-01-25 19:20,2026-01-25 19:20
4959,19,11,02/16/2026 06:31,02/16/2026 06:31
4960,8,2,2026-03-12 13:50,2026-03-12 13:58
4961,39,49,2026-02-25 16:27,25-Feb-2026 16:32
4962,14,9,04/19/2026 08:17,19-Apr-2026 08:17
4963,24,30,11-Feb-2026 08:08,11-Feb-2026 08:38
4964,11,80,20-Mar-2026 16:01,2026-03-20 16:01
4965,3,27,2026-04-26 06:24,04/26/2026 06:54
4966,24,70,06-Mar-2026 19:08,03/06/2026 07:08
4967,34,65,17-Jan-2026 19:21,2026-01-17 19:36
4968,9,15,03/08/2026 04:38,2026-03-08 17:08
4969,30,56,02/09/2026 11:24,02/09/2026 11:29
4970,3,27,2026-02-09 00:40,09-Feb-2026 00:42
4971,21,34,2026-04-12 08:28,2026-04-12 08:28
4972,14,88,22-Jan-2026 10:03,2026-01-22 10:00
4973,26,72,2026-03-26 08:17,2026-03-26 08:39
4974,30,3,2026-02-10 06:21,2026-02-10 06:29
4975,1,87,2026-03-23 18:56,23-Mar-2026 18:56
4976,36,20,22-Jan-2026 20:55,2026-01-22 20:52
4977,38,28,2026-04-02 15:35,2026-04-02 15:35
4978,17,57,2026-01-25 07:59,01/25/2026 08:01
4979,13,2,02/24/2026 11:56,24-Feb-2026 12:26
4980,28,73,01/31/2026 05:42,
4981,26,52,2026-03-14 06:55,14-Mar-2026 07:03
4982,7,24,2026-02-06 20:13,06-Feb-2026 20:15
4983,34,36,16-Apr-2026 06:32,16-Apr-2026 06:32
4984,20,56,2026-03-05 23:39,2026-03-05 23:39
4985,25,31,03/27/2026 03:20,2026-03-27 03:20
4986,15,49,02/15/2026 10:50,02/15/2026 10:50
4987,22,75,05-Mar-2026 15:28,05-Mar-2026 15:25
4988,24,74,2026-02-16 23:15,02/16/2026 11:37
4989,13,14,02/07/2026 11:16,2026-02-07 23:31
4990,32,23,2026-03-30 23:52,2026-03-31 00:14
4991,24,73,2026-02-08 03:45,2026-02-08 03:45
4992,20,12,2026-03-30 09:17,2026-03-30 09:47
4993,36,4,04/10/2026 05:03,2026-04-10 17:03
4994,32,17,2026-02-04 22:48,04-Feb-2026 23:10
4995,8,47,2026-01-06 00:26,
4996,15,79,2026-01-20 08:16,2026-01-20 08:16
4997,12,26,17-Mar-2026 03:06,03/17/2026 03:06
4998,17,75,2026-04-20 21:38,
4999,34,51,18-Jan-2026 16:53,18-Jan-2026 16:58
5000,39,3,26-Feb-2026 18:33,02/26/2026 07:03
5001,6,44,2026-03-29 14:25,2026-03-29 14:25
5002,40,74,2026-03-11 08:08,2026-03-11 08:30
5003,3,75,2026-03-13 19:10,2026-03-13 19:12
5004,28,40,02/10/2026 05:27,
5005,33,50,04/14/2026 07:56,14-Apr-2026 08:01
5006,40,61,01/19/2026 08:27,2026-01-19 20:35
5007,29,80,2026-02-05 14:01,2026-02-05 14:23
5008,8,88,2026-03-03 02:26,03/03/2026 02:48
5009,14,81,02/03/2026 07:02,03-Feb-2026 07:02
5010,38,55,2026-04-03 11:22,03-Apr-2026 11:19
5011,36,54,2026-01-12 10:32,01/12/2026 10:40
5012,31,26,03/05/2026 03:03,05-Mar-2026 03:25
5013,38,38,08-Feb-2026 16:35,2026-02-08 16:50
5014,32,7,2026-01-31 14:56,31-Jan-2026 15:11
5015,28,45,2026-04-19 05:31,04/19/2026 05:36
5016,34,57,04/30/2026 09:19,30-Apr-2026 09:24
5017,17,57,2026-01-15 06:07,2026-01-15 06:09
5018,29,33,02/28/2026 04:51,2026-02-28 04:51
5019,24,31,2026-03-22 14:06,03/22/2026 02:06
5020,18,87,04/06/2026 10:20,04/06/2026 10:22
5021,17,43,2026-01-05 21:54,2026-01-05 22:02
5022,3,62,2026-04-06 13:39,2026-04-06 13:41
5023,35,48,03/15/2026 08:21,2026-03-15 08:51
5024,27,77,2026-03-11 03:15,03/11/2026 03:15
5025,18,4,2026-03-28 10:04,2026-03-28 10:09
5026,1,50,2026-02-09 18:18,09-Feb-2026 18:23
5027,21,14,09-Jan-2026 08:29,2026-01-09 08:44
5028,15,69,03/24/2026 06:37,24-Mar-2026 06:39
5029,26,60,02/21/2026 04:17,21-Feb-2026 04:32
5030,3,32,09-Feb-2026 18:15,2026-02-09 18:37
5031,37,80,2026-03-28 09:17,03/28/2026 09:17
5032,37,37,2026-01-13 17:01,01/13/2026 05:01
5033,28,6,29-Mar-2026 21:59,2026-03-29 22:29
5034,26,39,2026-04-05 06:04,04/05/2026 06:26
5035,31,26,2026-04-05 08:47,2026-04-05 08:47
5036,17,33,09-Feb-2026 03:11,2026-02-09 03:19
5037,31,68,2026-04-18 09:55,04/18/2026 10:03
5038,12,53,2026-01-06 18:31,06-Jan-2026 18:46
5039,31,43,03/20/2026 06:33,
5040,6,82,04/09/2026 02:56,04/09/2026 02:56
5041,16,52,18-Jan-2026 06:25,2026-01-18 06:25
5042,30,33,03/08/2026 05:58,08-Mar-2026 06:03
5043,7,90,07-Feb-2026 16:50,07-Feb-2026 17:05
5044,29,2,02-Mar-2026 21:18,2026-03-02 21:18
5045,5,6,25-Apr-2026 07:38,2026-04-25 07:46
5046,2,55,2026-02-18 15:58,
5047,30,68,02/07/2026 07:35,2026-02-07 07:40
5048,18,66,05-Feb-2026 17:33,05-Feb-2026 17:30
5049,23,60,2026-02-08 18:54,02/08/2026 06:59
5050,1,38,02/17/2026 06:05,2026-02-17 18:02
5051,1,25,22-Jan-2026 10:10,2026-01-22 10:07
5052,25,33,02/14/2026 05:29,02/14/2026 05:51
5053,21,80,02-Apr-2026 11:47,02-Apr-2026 11:52
5054,36,72,04/30/2026 11:10,2026-04-30 23:40
5055,13,24,2026-04-24 21:21,2026-04-24 21:29
5056,22,20,03/19/2026 01:32,03/19/2026 01:32
5057,11,27,2026-04-29 03:24,04/29/2026 03:54
5058,26,49,2026-02-05 15:36,05-Feb-2026 15:36
5059,23,52,2026-03-06 04:38,
5060,16,4,03/22/2026 03:07,2026-03-22 03:15
5061,4,24,2026-03-26 06:29,2026-03-26 06:29
5062,39,46,2026-02-09 03:21,2026-02-09 03:29
5063,19,17,2026-02-06 11:54,02/06/2026 11:54
5064,25,67,23-Jan-2026 23:52,
5065,34,16,01/06/2026 10:08,06-Jan-2026 22:08
5066,23,39,2026-04-07 14:36,2026-04-07 14:33
5067,32,77,23-Mar-2026 09:16,23-Mar-2026 09:13
5068,10,35,03/01/2026 11:38,01-Mar-2026 23:35
5069,24,11,2026-04-08 12:52,04/08/2026 12:54
5070,9,56,19-Feb-2026 23:15,02/19/2026 11:15
5071,12,47,03/08/2026 11:16,03/08/2026 11:13
5072,6,44,03/03/2026 02:42,2026-03-03 14:39
5073,28,80,01-Mar-2026 18:33,2026-03-01 18:30
5074,7,87,2026-03-03 15:17,03/03/2026 03:22
5075,19,75,21-Jan-2026 23:00,01/21/2026 11:00
5076,9,84,2026-02-16 11:27,2026-02-16 11:27
5077,22,4,22-Mar-2026 18:12,2026-03-22 18:20
5078,23,77,2026-02-08 06:56,2026-02-08 06:53
5079,4,65,01/25/2026 09:54,2026-01-25 10:02
5080,29,81,01-Apr-2026 09:54,01-Apr-2026 10:24
5081,24,37,2026-01-22 09:14,22-Jan-2026 09:14
5082,38,32,03/29/2026 08:11,2026-03-29 20:11
5083,19,43,03/08/2026 07:09,03/08/2026 07:14
5084,27,60,18-Feb-2026 06:27,2026-02-18 06:27
5085,9,26,2026-04-13 14:34,2026-04-13 14:56
5086,22,47,2026-04-17 16:48,04/17/2026 04:48
5087,28,58,02/17/2026 11:16,2026-02-17 23:31
5088,10,20,2026-03-31 08:25,2026-03-31 08:33
5089,5,37,08-Mar-2026 23:01,2026-03-08 23:03
5090,32,82,2026-01-09 23:56,2026-01-10 00:04
5091,16,38,2026-03-06 07:07,06-Mar-2026 07:15
5092,12,16,19-Mar-2026 04:19,2026-03-19 04:21
5093,31,90,2026-03-17 11:28,
5094,40,46,2026-01-02 09:59,2026-01-02 10:29
5095,33,54,2026-01-10 06:00,
5096,6,48,03/02/2026 12:10,2026-03-02 00:10
5097,38,59,2026-04-17 03:28,17-Apr-2026 03:43
5098,40,88,14-Feb-2026 03:48,2026-02-14 04:03
5099,37,67,04/03/2026 03:32,03-Apr-2026 03:32
5100,3,48,03/09/2026 04:26,2026-03-09 16:56
5101,7,48,2026-02-07 05:57,2026-02-07 06:02
5102,40,25,02/13/2026 05:03,2026-02-13 05:18
5103,38,6,03-Feb-2026 16:01,02/03/2026 04:03
5104,29,67,31-Jan-2026 20:49,01/31/2026 08:49
5105,40,28,2026-04-07 03:47,04/07/2026 04:09
5106,27,58,2026-03-20 16:38,20-Mar-2026 16:43
5107,9,2,2026-04-09 23:21,2026-04-09 23:21
5108,12,52,2026-03-21 04:23,2026-03-21 04:38
5109,2,33,03/26/2026 07:18,03/26/2026 07:18
5110,39,56,2026-03-15 23:52,03/16/2026 12:00
5111,36,61,22-Mar-2026 18:14,03/22/2026 06:44
5112,20,50,2026-04-06 20:12,2026-04-06 20:17
5113,40,28,04/14/2026 02:09,14-Apr-2026 14:09
5114,22,56,2026-03-15 10:22,2026-03-15 10:52
5115,10,81,03/10/2026 11:14,10-Mar-2026 23:14
5116,37,49,02/18/2026 08:05,2026-02-18 20:20
5117,34,9,01/23/2026 03:52,01/23/2026 03:52
5118,10,32,04/29/2026 07:34,2026-04-29 07:34
5119,36,63,2026-01-26 00:10,
5120,30,27,2026-02-11 22:38,2026-02-11 22:43
5121,25,87,2026-01-12 17:01,01/12/2026 05:06
5122,34,42,04/01/2026 06:03,
5123,17,43,03/01/2026 04:26,03/01/2026 04:34
5124,29,85,03/14/2026 04:58,14-Mar-2026 17:06
5125,30,65,03/12/2026 03:43,
5126,23,44,13-Jan-2026 05:10,01/13/2026 05:25
5127,31,84,2026-03-19 06:00,2026-03-19 06:30
5128,27,29,2026-01-31 03:33,2026-01-31 03:33
5129,28,46,05-Feb-2026 02:43,2026-02-05 02:43
5130,19,20,16-Jan-2026 23:31,2026-01-16 23:53
5131,7,48,2026-01-25 23:49,2026-01-26 00:19
5132,34,45,2026-04-30 16:12,04/30/2026 04:20
5133,16,29,27-Feb-2026 15:14,02/27/2026 03:14
5134,17,25,03-Feb-2026 19:01,03-Feb-2026 18:58
5135,31,55,03/16/2026 06:37,03/16/2026 06:59
5136,4,36,2026-01-24 10:59,2026-01-24 10:59
5137,33,79,01/15/2026 02:15,2026-01-15 02:15
5138,9,78,01/15/2026 08:10,01/15/2026 08:15
5139,27,47,04/23/2026 12:40,2026-04-23 12:40
5140,12,45,04/23/2026 05:11,23-Apr-2026 05:11
5141,14,41,02-Apr-2026 17:08,
5142,1,81,2026-03-30 02:32,2026-03-30 02:40
5143,3,55,2026-01-14 23:35,2026-01-14 23:35
5144,36,76,2026-03-24 23:18,24-Mar-2026 23:20
5145,8,37,2026-03-23 09:01,2026-03-23 09:01
5146,6,79,2026-01-23 23:38,2026-01-23 23:38
5147,28,53,2026-03-05 23:14,
5148,15,26,2026-03-15 03:04,2026-03-15 03:12
5149,2,54,2026-01-27 11:53,2026-01-27 12:01
5150,30,18,01/10/2026 08:32,01/10/2026 08:54
5151,10,59,2026-02-27 04:15,
5152,23,88,03/21/2026 11:38,
5153,38,1,2026-02-28 02:38,
5154,5,23,01/16/2026 03:38,2026-01-16 03:53
5155,39,26,02-Feb-2026 19:25,02/02/2026 07:27
5156,15,90,2026-02-12 02:46,02/12/2026 02:51
5157,38,90,28-Feb-2026 04:40,2026-02-28 04:55
5158,4,57,2026-04-16 21:24,04/16/2026 09:24
5159,15,5,2026-01-27 22:12,2026-01-27 22:17
5160,34,43,25-Apr-2026 08:07,04/25/2026 08:07
5161,10,5,2026-02-25 10:45,2026-02-25 10:45
5162,20,70,2026-04-02 19:51,04/02/2026 07:51
5163,13,37,03/13/2026 05:50,13-Mar-2026 05:52
5164,13,31,2026-01-02 04:27,01/02/2026 04:35
5165,13,60,2026-01-10 15:16,2026-01-10 15:21
5166,17,30,24-Mar-2026 01:44,
5167,10,13,2026-03-26 04:21,2026-03-26 04:26
5168,8,24,03/04/2026 01:53,03/04/2026 01:53
5169,15,28,25-Apr-2026 05:57,2026-04-25 05:57
5170,35,48,03/11/2026 07:13,2026-03-11 07:43
5171,3,46,2026-04-21 00:15,21-Apr-2026 00:17
5172,37,31,01/06/2026 01:22,
5173,4,88,03/05/2026 04:46,2026-03-05 05:16
5174,25,78,2026-04-10 19:06,2026-04-10 19:06
5175,14,49,02/22/2026 08:12,
5176,39,33,2026-02-24 14:37,24-Feb-2026 14:42
5177,23,20,03/02/2026 07:28,2026-03-02 19:36
5178,32,49,2026-03-09 02:44,09-Mar-2026 02:44
5179,31,69,2026-04-28 23:17,2026-04-28 23:17
5180,38,85,2026-01-30 03:33,01/30/2026 03:48
5181,5,16,2026-04-13 03:32,04/13/2026 03:32
5182,2,78,2026-02-10 02:25,
5183,5,76,20-Feb-2026 16:04,
5184,36,9,2026-04-29 23:58,
5185,13,18,04/01/2026 10:45,2026-04-01 22:42
5186,34,60,26-Mar-2026 15:21,2026-03-26 15:21
5187,38,60,01/25/2026 10:01,2026-01-25 10:01
5188,22,55,04/28/2026 08:52,2026-04-28 21:07
5189,2,63,2026-03-23 20:19,2026-03-23 20:49
5190,37,88,21-Jan-2026 09:38,2026-01-21 09:38
5191,8,27,2026-03-09 01:32,09-Mar-2026 02:02
5192,30,37,04/07/2026 02:25,2026-04-07 14:33
5193,32,46,2026-01-20 06:25,2026-01-20 06:22
5194,31,25,03/08/2026 02:26,2026-03-08 02:26
5195,32,34,2026-04-03 18:26,2026-04-03 18:48
5196,16,48,22-Apr-2026 19:33,04/22/2026 07:41
5197,20,28,2026-04-08 18:23,04/08/2026 06:53
5198,8,23,2026-03-05 20:05,
5199,6,79,2026-02-06 10:27,2026-02-06 10:32
5200,37,16,2026-01-28 01:41,2026-01-28 02:11
5201,27,75,2026-04-15 17:04,2026-04-15 17:04
5202,5,32,2026-04-12 01:19,04/12/2026 01:27
5203,34,17,04/04/2026 08:41,2026-04-04 21:03
5204,16,43,2026-03-02 08:16,2026-03-02 08:16
5205,18,71,2026-03-31 09:02,2026-03-31 09:02
5206,11,52,18-Apr-2026 13:38,04/18/2026 01:43
5207,8,58,02/12/2026 12:11,2026-02-12 00:11
5208,15,11,03/22/2026 04:33,22-Mar-2026 04:41
5209,1,32,04/14/2026 08:08,2026-04-14 08:30
5210,4,41,01-Mar-2026 06:48,03/01/2026 07:10
5211,37,11,2026-03-25 12:00,
5212,9,86,2026-02-24 20:15,2026-02-24 20:17
5213,33,90,2026-01-14 22:11,2026-01-14 22:19
5214,38,19,2026-03-25 15:16,2026-03-25 15:13
5215,13,49,04/18/2026 04:24,18-Apr-2026 16:32
5216,12,79,2026-02-16 17:01,02/16/2026 05:16
5217,30,1,04/05/2026 07:38,04/05/2026 07:53
5218,18,30,04/16/2026 10:36,2026-04-16 10:36
5219,5,3,2026-02-24 14:01,2026-02-24 14:31
5220,40,25,2026-03-05 11:57,05-Mar-2026 11:57
5221,1,14,04/06/2026 11:53,2026-04-06 12:23
5222,40,83,2026-01-21 16:25,2026-01-21 16:55
5223,29,42,02/08/2026 06:06,2026-02-08 06:06
5224,21,64,07-Jan-2026 20:12,2026-01-07 20:20
5225,6,53,22-Feb-2026 02:49,2026-02-22 02:49
5226,20,43,2026-02-28 20:40,28-Feb-2026 20:40
5227,8,30,03/04/2026 04:50,03/04/2026 05:20
5228,11,19,02/15/2026 12:05,
5229,6,57,02/14/2026 07:18,2026-02-14 19:33
5230,4,80,03-Mar-2026 23:45,03/03/2026 11:45
5231,4,54,01/10/2026 05:36,01/10/2026 06:06
5232,5,7,03/22/2026 08:55,2026-03-22 08:55
5233,22,18,2026-01-14 13:45,01/14/2026 01:45
5234,1,22,2026-01-31 02:53,2026-01-31 03:01
5235,25,66,08-Jan-2026 13:46,01/08/2026 01:51
5236,6,68,2026-03-03 03:01,2026-03-03 03:03
5237,24,2,01/26/2026 01:45,26-Jan-2026 14:15
5238,5,43,03/20/2026 11:28,2026-03-20 11:25
5239,40,13,03/09/2026 10:34,2026-03-09 23:04
5240,22,23,02/25/2026 08:16,25-Feb-2026 08:46
5241,7,84,2026-02-21 13:03,2026-02-21 13:33
5242,8,38,2026-01-21 01:17,21-Jan-2026 01:19
5243,24,89,14-Mar-2026 05:31,2026-03-14 06:01
5244,11,53,2026-02-28 12:25,28-Feb-2026 12:25
5245,2,14,2026-03-23 23:03,
5246,4,80,04/03/2026 03:08,04/03/2026 03:23
5247,33,66,2026-04-05 18:24,04/05/2026 06:29
5248,35,19,2026-03-26 08:24,2026-03-26 08:24
5249,25,59,01-Mar-2026 12:27,2026-03-01 12:42
5250,18,89,04/27/2026 08:59,2026-04-27 09:07
5251,10,15,04/12/2026 09:34,2026-04-12 21:34
5252,34,41,2026-01-26 00:17,01/26/2026 12:14
5253,16,38,02/03/2026 07:40,02/03/2026 07:40
5254,10,33,2026-03-13 19:45,03/13/2026 07:45
5255,11,2,2026-01-26 09:12,2026-01-26 09:17
5256,35,55,03/22/2026 06:48,2026-03-22 07:10
5257,20,18,23-Apr-2026 16:47,04/23/2026 05:17
5258,32,82,03/19/2026 03:52,2026-03-19 15:57
5259,35,90,2026-04-01 21:04,2026-04-01 21:04
5260,22,23,23-Feb-2026 04:15,
5261,16,28,07-Jan-2026 12:23,2026-01-07 12:23
5262,39,64,2026-01-27 07:56,2026-01-27 07:56
5263,12,56,2026-03-05 01:14,
5264,35,76,02/07/2026 06:00,02/07/2026 06:15
5265,15,75,2026-04-11 06:57,04/11/2026 06:54
5266,36,22,04/04/2026 01:51,04-Apr-2026 01:53
5267,11,59,04/10/2026 11:50,11-Apr-2026 00:12
5268,3,36,02/02/2026 09:15,02/02/2026 09:37
5269,15,11,04/05/2026 08:33,2026-04-05 20:35
5270,6,55,04/16/2026 07:55,2026-04-16 07:57
5271,20,60,2026-01-11 09:09,2026-01-11 09:09
5272,24,1,04/12/2026 04:30,04/12/2026 04:35
5273,37,79,04/22/2026 09:40,2026-04-22 09:48
5274,33,54,2026-03-17 11:25,
5275,35,2,01-Mar-2026 05:29,03/01/2026 05:59
5276,17,71,02/20/2026 09:02,2026-02-20 21:02
5277,24,75,2026-03-02 14:04,03/02/2026 02:06
5278,21,79,2026-01-13 06:07,2026-01-13 06:22
5279,23,15,2026-01-19 02:43,2026-01-19 02:48
5280,15,55,2026-02-11 18:10,2026-02-11 18:40
5281,22,4,2026-02-15 20:10,2026-02-15 20:10
5282,17,18,18-Mar-2026 10:10,03/18/2026 10:07
5283,30,6,06-Feb-2026 04:13,2026-02-06 04:13
5284,35,15,01/26/2026 11:21,26-Jan-2026 11:18
5285,37,30,06-Mar-2026 07:36,03/06/2026 07:58
5286,21,18,2026-01-22 20:18,22-Jan-2026 20:26
5287,28,32,01-Apr-2026 15:59,2026-04-01 15:59
5288,14,31,20-Jan-2026 03:25,2026-01-20 03:22
5289,16,7,03/20/2026 03:22,20-Mar-2026 15:52
5290,2,4,12-Feb-2026 18:11,12-Feb-2026 18:08
5291,16,54,02/24/2026 05:17,02/24/2026 05:17
5292,3,17,01/13/2026 07:52,2026-01-13 07:57
5293,6,58,2026-01-09 06:58,2026-01-09 07:13
5294,36,61,2026-04-08 00:31,2026-04-08 00:33
5295,5,37,04/14/2026 09:04,2026-04-14 09:04
5296,9,3,2026-02-20 23:47,2026-02-21 00:09
5297,14,40,2026-02-25 14:28,
5298,24,9,09-Jan-2026 04:32,2026-01-09 04:47
5299,1,81,2026-02-23 05:03,2026-02-23 05:11
5300,30,74,2026-02-25 05:50,02/25/2026 05:50
5301,9,87,02/12/2026 05:43,2026-02-12 06:05
5302,6,63,03/10/2026 06:30,
5303,34,77,12-Apr-2026 19:37,12-Apr-2026 19:34
5304,30,63,2026-03-19 02:23,19-Mar-2026 02:31
5305,14,65,2026-03-29 10:49,
5306,14,78,2026-04-08 18:23,04/08/2026 06:25
5307,11,6,02/20/2026 01:26,2026-02-20 13:31
5308,38,33,2026-02-28 02:06,28-Feb-2026 02:03
5309,6,83,25-Mar-2026 01:21,03/25/2026 01:21
5310,2,64,04/16/2026 08:32,2026-04-16 08:32
5311,7,45,30-Mar-2026 04:38,2026-03-30 05:08
5312,37,14,04/09/2026 04:22,04/09/2026 04:37
5313,3,47,20-Feb-2026 18:39,02/20/2026 06:41
5314,29,11,2026-04-13 14:08,
5315,27,30,2026-04-05 00:53,2026-04-05 01:15
5316,4,60,2026-04-26 13:51,04/26/2026 02:13
5317,18,24,01/11/2026 01:02,01/11/2026 01:10
5318,15,87,2026-02-28 04:23,2026-02-28 04:23
5319,34,76,2026-03-17 05:12,17-Mar-2026 05:09
5320,35,76,01/30/2026 11:46,30-Jan-2026 23:46
5321,7,5,2026-01-08 01:04,08-Jan-2026 01:04
5322,2,80,2026-02-26 11:57,02/26/2026 11:57
5323,19,52,01/20/2026 05:35,01/20/2026 05:57
5324,1,36,18-Jan-2026 06:05,
5325,20,71,2026-03-19 19:52,2026-03-19 20:07
5326,18,20,2026-03-20 21:34,2026-03-20 21:56
5327,17,73,2026-04-10 20:55,10-Apr-2026 20:55
5328,33,60,03/26/2026 08:51,2026-03-26 20:51
5329,4,89,02/21/2026 10:20,2026-02-21 22:20
5330,9,40,03/10/2026 11:40,10-Mar-2026 12:10
5331,31,85,02/16/2026 04:05,02/16/2026 04:05
5332,4,34,02/11/2026 10:18,2026-02-11 10:40
5333,39,65,04/18/2026 09:15,2026-04-18 09:45
5334,30,3,21-Feb-2026 10:18,2026-02-21 10:20
5335,33,55,2026-02-22 12:05,22-Feb-2026 12:10
5336,25,48,01/18/2026 03:21,2026-01-18 15:43
5337,6,61,2026-01-11 08:27,2026-01-11 08:49
5338,10,46,11-Mar-2026 10:04,11-Mar-2026 10:04
5339,22,27,2026-03-11 03:59,2026-03-11 03:59
5340,5,44,2026-02-16 22:29,
5341,38,4,2026-04-27 12:32,2026-04-27 12:54
5342,26,84,2026-04-17 03:25,17-Apr-2026 03:33
5343,12,10,2026-02-26 07:19,02/26/2026 07:34
5344,29,84,02/14/2026 11:33,02/14/2026 11:35
5345,9,41,2026-03-19 06:19,19-Mar-2026 06:19
5346,21,86,04/24/2026 01:56,04/24/2026 02:01
5347,27,90,01/16/2026 12:33,2026-01-16 12:41
5348,29,41,08-Apr-2026 10:49,04/08/2026 10:49
5349,40,48,01/11/2026 10:15,01/11/2026 10:45
5350,20,5,02/03/2026 07:25,02/03/2026 07:33
5351,38,30,03/05/2026 07:37,05-Mar-2026 07:45
5352,11,66,2026-04-05 06:36,
5353,32,41,09-Jan-2026 07:06,2026-01-09 07:03
5354,29,28,2026-03-07 15:58,07-Mar-2026 16:03
5355,23,24,02/21/2026 01:31,2026-02-21 01:53
5356,19,36,2026-04-13 22:40,2026-04-13 22:42
5357,28,37,2026-01-10 14:59,
5358,37,69,04-Apr-2026 00:44,2026-04-04 00:41
5359,30,47,08-Mar-2026 10:44,2026-03-08 11:14
5360,36,46,29-Apr-2026 14:49,2026-04-29 15:04
5361,7,18,2026-01-23 01:53,2026-01-23 01:53
5362,24,33,03/06/2026 11:38,2026-03-06 11:38
5363,28,8,15-Apr-2026 09:40,2026-04-15 09:42
5364,17,60,2026-01-06 15:47,2026-01-06 15:47
5365,7,62,2026-02-24 00:04,2026-02-24 00:04
5366,24,8,29-Apr-2026 03:53,2026-04-29 04:23
5367,39,66,2026-04-07 16:41,2026-04-07 16:41
5368,37,46,01/29/2026 06:29,01/29/2026 06:29
5369,32,76,02/18/2026 04:02,18-Feb-2026 04:10
5370,20,78,03/06/2026 12:09,03/06/2026 12:31
5371,8,23,03/23/2026 04:04,03/23/2026 04:26
5372,19,88,30-Apr-2026 22:06,04/30/2026 10:06
5373,9,19,20-Feb-2026 22:43,20-Feb-2026 23:13
5374,26,86,2026-01-24 13:06,24-Jan-2026 13:21
5375,18,4,20-Feb-2026 09:14,2026-02-20 09:29
5376,24,13,2026-01-15 16:53,2026-01-15 16:50
5377,8,3,2026-03-05 18:06,03/05/2026 06:06
5378,39,21,2026-01-07 21:25,01/07/2026 09:33
5379,11,68,2026-01-25 13:05,2026-01-25 13:20
5380,18,24,02/07/2026 01:14,2026-02-07 13:19
5381,15,82,2026-03-25 03:49,03/25/2026 04:11
5382,14,78,03/18/2026 03:16,18-Mar-2026 03:16
5383,23,16,2026-01-08 11:24,2026-01-08 11:46
5384,11,9,2026-02-16 20:51,16-Feb-2026 20:56
5385,34,50,04/14/2026 03:05,2026-04-14 15:13
5386,32,9,07-Mar-2026 18:04,07-Mar-2026 18:04
5387,23,24,01/01/2026 06:47,01/01/2026 06:47
5388,15,4,14-Apr-2026 11:08,
5389,40,27,2026-02-12 09:43,2026-02-12 09:45
5390,9,79,28-Mar-2026 17:08,28-Mar-2026 17:13
5391,20,67,2026-03-03 20:58,03/03/2026 08:58
5392,30,86,03/09/2026 10:10,03/09/2026 10:10
5393,27,70,2026-01-04 08:59,
5394,10,23,01/06/2026 12:13,06-Jan-2026 00:13
5395,8,67,17-Apr-2026 09:02,2026-04-17 09:10
5396,39,83,02/28/2026 08:44,2026-02-28 20:44
5397,5,42,23-Apr-2026 23:47,04/23/2026 11:44
5398,23,15,2026-03-25 18:50,2026-03-25 18:50
5399,13,2,04/11/2026 06:28,
5400,28,1,2026-04-21 03:19,
5401,22,2,31-Jan-2026 19:40,31-Jan-2026 19:40
5402,2,7,03/22/2026 06:33,03/22/2026 06:55
5403,34,90,2026-03-30 05:13,30-Mar-2026 05:21
5404,1,76,03/03/2026 04:09,2026-03-03 16:17
5405,40,57,02-Feb-2026 00:50,2026-02-02 01:20
5406,26,17,2026-03-23 01:36,2026-03-23 01:44
5407,8,37,2026-01-25 10:54,01/25/2026 10:56
5408,18,85,28-Feb-2026 23:22,28-Feb-2026 23:27
5409,10,14,30-Mar-2026 15:42,30-Mar-2026 15:44
5410,39,26,15-Apr-2026 11:49,2026-04-15 12:04
5411,3,57,12-Apr-2026 04:49,04/12/2026 05:04
5412,24,69,2026-02-27 06:47,2026-02-27 06:47
5413,28,59,2026-04-27 17:02,04/27/2026 05:02
5414,40,31,04/29/2026 09:31,2026-04-29 21:39
5415,31,7,14-Jan-2026 04:40,14-Jan-2026 04:42
5416,8,56,2026-02-18 10:02,18-Feb-2026 09:59
5417,17,32,03/21/2026 08:00,2026-03-21 20:00
5418,31,81,2026-04-18 06:10,18-Apr-2026 06:07
5419,24,51,2026-04-16 13:38,2026-04-16 14:08
5420,4,29,2026-01-29 22:50,01/29/2026 10:58
5421,8,19,2026-03-08 07:14,08-Mar-2026 07:14
5422,10,32,2026-01-01 21:13,01/01/2026 09:35
5423,37,45,2026-04-17 20:32,2026-04-17 20:37
5424,25,49,2026-01-04 14:09,04-Jan-2026 14:09
5425,22,63,2026-04-08 21:12,04/08/2026 09:12
5426,14,4,06-Feb-2026 19:21,06-Feb-2026 19:23
5427,26,44,2026-04-30 02:24,2026-04-30 02:32
5428,35,35,23-Apr-2026 05:40,23-Apr-2026 06:02
5429,29,4,01-Apr-2026 17:15,2026-04-01 17:15
5430,25,13,02/20/2026 02:35,2026-02-20 14:57
5431,4,36,2026-04-18 15:13,18-Apr-2026 15:35
5432,19,26,03/12/2026 01:05,2026-03-12 13:20
5433,30,56,03-Feb-2026 22:38,02/03/2026 11:00
5434,20,1,2026-03-01 04:05,2026-03-01 04:02
5435,8,68,2026-01-28 04:02,2026-01-28 04:24
5436,18,22,03/31/2026 12:37,2026-03-31 00:37
5437,39,65,2026-04-02 03:01,04/02/2026 03:06
5438,12,11,2026-04-26 05:35,04/26/2026 05:37
5439,38,68,2026-01-29 23:37,2026-01-29 23:37
5440,8,28,01/26/2026 05:36,
5441,18,66,17-Feb-2026 01:41,17-Feb-2026 02:03
5442,31,10,08-Mar-2026 03:37,03/08/2026 03:37
5443,30,84,2026-03-11 03:40,03/11/2026 03:55
5444,15,74,16-Jan-2026 09:16,2026-01-16 09:21
5445,26,63,03/23/2026 10:36,23-Mar-2026 22:44
5446,28,50,14-Mar-2026 23:25,2026-03-14 23:40
5447,23,17,01/02/2026 12:47,02-Jan-2026 12:55
5448,9,76,2026-03-21 07:59,2026-03-21 07:59
5449,24,8,02/22/2026 08:11,02/22/2026 08:33
5450,38,72,2026-04-02 06:07,2026-04-02 06:15
5451,18,19,2026-01-31 07:56,
5452,36,47,2026-01-08 09:21,08-Jan-2026 09:51
5453,30,87,02/12/2026 06:19,2026-02-12 06:24
5454,25,62,2026-01-26 10:19,2026-01-26 10:34
5455,3,32,30-Jan-2026 12:46,2026-01-30 12:48
5456,6,70,04-Feb-2026 13:45,2026-02-04 13:47
5457,2,11,20-Jan-2026 18:01,2026-01-20 17:58
5458,2,52,2026-03-06 09:05,03/06/2026 09:13
5459,21,48,01/25/2026 06:57,2026-01-25 07:27
5460,22,10,2026-02-20 07:57,2026-02-20 08:02
5461,34,28,2026-02-27 18:39,27-Feb-2026 19:09
5462,13,84,2026-04-02 07:50,2026-04-02 07:52
5463,26,55,2026-04-23 10:27,23-Apr-2026 10:29
5464,35,74,03/06/2026 04:46,03/06/2026 05:01
5465,5,60,04/29/2026 10:25,29-Apr-2026 22:40
5466,8,77,04/22/2026 09:47,2026-04-22 22:02
5467,28,78,02/25/2026 07:12,02/25/2026 07:12
5468,26,88,2026-04-08 16:47,08-Apr-2026 16:55
5469,32,76,2026-03-25 07:10,25-Mar-2026 07:40
5470,4,12,2026-01-01 17:08,01-Jan-2026 17:30
5471,39,8,2026-04-23 21:28,23-Apr-2026 21:28
5472,13,70,2026-03-24 16:24,03/24/2026 04:24
5473,24,82,01/14/2026 04:41,01/14/2026 04:49
5474,25,22,25-Feb-2026 11:27,02/25/2026 11:42
5475,10,5,2026-01-18 02:02,01/18/2026 02:04
5476,16,78,08-Feb-2026 14:50,2026-02-08 14:47
5477,13,17,2026-03-11 18:29,2026-03-11 18:26
5478,18,2,2026-02-12 18:48,12-Feb-2026 18:56
5479,39,68,2026-02-21 16:01,2026-02-21 16:01
5480,19,68,2026-02-24 03:54,2026-02-24 03:54
5481,24,2,2026-04-20 06:31,04/20/2026 06:31
5482,38,82,04/13/2026 08:32,2026-04-13 20:32
5483,1,39,2026-02-06 19:28,2026-02-06 19:28
5484,7,86,2026-04-12 10:42,12-Apr-2026 10:44
5485,9,63,03/28/2026 10:03,2026-03-28 10:18
5486,17,57,2026-03-14 10:10,2026-03-14 10:18
5487,15,44,2026-02-28 08:14,2026-02-28 08:19
5488,7,24,2026-03-12 22:20,03/12/2026 10:22
5489,37,17,2026-04-21 12:58,21-Apr-2026 12:58
5490,5,45,11-Jan-2026 17:12,11-Jan-2026 17:17
5491,15,82,02/15/2026 10:20,02/15/2026 10:42
5492,35,79,28-Apr-2026 05:49,28-Apr-2026 05:54
5493,31,25,02/09/2026 04:18,09-Feb-2026 04:18
5494,39,78,2026-01-08 21:37,2026-01-08 22:07
5495,29,45,2026-04-20 03:03,2026-04-20 03:11
5496,6,37,2026-02-02 21:45,02-Feb-2026 22:00
5497,12,23,07-Jan-2026 02:47,01/07/2026 02:55
5498,3,1,20-Feb-2026 06:19,20-Feb-2026 06:24
5499,26,35,2026-02-22 19:28,22-Feb-2026 19:58
5500,27,76,2026-01-17 21:54,01/17/2026 09:54
5501,30,81,2026-01-28 08:26,2026-01-28 08:48
5502,33,31,2026-02-28 02:20,28-Feb-2026 02:17
5503,29,70,02/28/2026 04:23,28-Feb-2026 04:53
5504,13,70,2026-03-09 17:52,
5505,38,6,01/11/2026 10:07,2026-01-11 22:07
5506,28,83,28-Mar-2026 14:59,2026-03-28 15:04
5507,36,53,2026-01-22 22:53,22-Jan-2026 22:58
5508,2,31,2026-02-22 15:56,2026-02-22 15:58
5509,19,49,03/06/2026 09:22,06-Mar-2026 09:37
5510,34,37,2026-01-12 20:14,2026-01-12 20:16
5511,30,41,2026-04-01 03:02,01-Apr-2026 03:02
5512,33,47,01/20/2026 04:50,2026-01-20 17:12
5513,25,46,2026-04-14 02:17,04/14/2026 02:25
5514,1,6,27-Apr-2026 14:40,04/27/2026 02:42
5515,29,41,2026-01-28 22:25,01/28/2026 10:30
5516,9,12,01/02/2026 02:01,2026-01-02 14:01
5517,17,44,2026-03-06 06:50,06-Mar-2026 06:58
5518,13,59,2026-04-27 17:19,2026-04-27 17:34
5519,5,37,27-Jan-2026 04:48,2026-01-27 04:48
5520,31,6,2026-04-10 05:40,2026-04-10 05:40
5521,36,19,2026-01-23 04:24,01/23/2026 04:32
5522,10,40,02/04/2026 02:57,2026-02-04 15:05
5523,20,73,13-Mar-2026 17:56,2026-03-13 17:56
5524,28,87,04/28/2026 04:12,04/28/2026 04:14
5525,35,60,09-Apr-2026 00:43,04/09/2026 12:48
5526,26,59,2026-04-24 12:59,04/24/2026 01:21
5527,20,39,2026-03-14 16:18,2026-03-14 16:48
5528,36,29,20-Mar-2026 12:56,03/20/2026 01:26
5529,14,67,03/16/2026 08:39,16-Mar-2026 08:47
5530,2,68,2026-03-01 12:35,2026-03-01 12:50
5531,31,24,2026-03-10 15:09,2026-03-10 15:09
5532,10,42,03/23/2026 01:01,03/23/2026 01:03
5533,20,53,09-Apr-2026 08:35,2026-04-09 08:35
5534,4,88,2026-02-19 05:45,2026-02-19 05:47
5535,17,56,2026-03-17 18:21,
5536,7,39,04/20/2026 03:14,2026-04-20 03:11
5537,25,66,2026-03-14 01:31,03/14/2026 01:46
5538,34,90,05-Apr-2026 23:40,06-Apr-2026 00:10
5539,18,33,20-Apr-2026 23:13,04/20/2026 11:13
5540,40,47,01/16/2026 04:18,2026-01-16 04:26
5541,6,30,2026-02-24 13:23,2026-02-24 13:20
5542,16,13,2026-04-10 02:47,
5543,26,75,2026-02-04 16:48,04-Feb-2026 16:48
5544,14,64,03/31/2026 09:35,03/31/2026 10:05
5545,1,12,2026-01-29 17:13,2026-01-29 17:13
5546,7,65,2026-03-08 19:43,
5547,10,31,2026-04-16 13:47,16-Apr-2026 13:47
5548,16,51,04/26/2026 11:47,2026-04-26 23:47
5549,1,76,2026-04-11 17:27,2026-04-11 17:27
5550,8,71,19-Apr-2026 06:44,19-Apr-2026 06:44
5551,12,80,03/05/2026 07:03,2026-03-05 07:05
5552,30,63,2026-04-26 16:59,2026-04-26 16:59
5553,1,89,01/20/2026 03:37,20-Jan-2026 03:37
5554,25,44,08-Feb-2026 16:42,08-Feb-2026 16:47
5555,34,31,16-Feb-2026 19:37,16-Feb-2026 19:34
5556,31,15,09-Mar-2026 20:25,2026-03-09 20:47
5557,40,15,2026-01-21 16:10,2026-01-21 16:07
5558,9,62,01/26/2026 02:25,26-Jan-2026 14:25
5559,4,6,2026-04-24 10:59,2026-04-24 10:56
5560,35,26,02/21/2026 12:35,2026-02-21 12:35
5561,14,22,2026-01-21 14:49,2026-01-21 14:49
5562,39,28,2026-02-02 09:28,
5563,15,18,2026-03-05 18:29,2026-03-05 18:29
5564,3,21,2026-01-17 01:36,01/17/2026 01:58
5565,19,22,07-Apr-2026 07:48,07-Apr-2026 07:48
5566,32,87,2026-01-05 20:05,2026-01-05 20:20
5567,8,15,20-Mar-2026 19:50,2026-03-20 19:47
5568,9,77,2026-01-02 06:50,01/02/2026 06:52
5569,17,22,2026-03-20 16:47,2026-03-20 16:47
5570,40,74,2026-02-24 09:46,2026-02-24 09:54
5571,2,37,2026-01-03 04:06,01/03/2026 04:36
5572,5,8,2026-03-04 09:21,2026-03-04 09:29
5573,17,65,2026-02-28 05:42,2026-02-28 06:04
5574,15,64,2026-04-02 18:55,2026-04-02 19:17
5575,1,72,04/30/2026 05:57,2026-04-30 06:19
5576,19,6,03-Mar-2026 20:21,03/03/2026 08:29
5577,1,11,01-Apr-2026 13:49,04/01/2026 02:11
5578,29,32,01/26/2026 12:56,26-Jan-2026 00:56
5579,36,31,2026-01-24 17:53,2026-01-24 17:53
5580,13,33,2026-01-06 00:58,01/06/2026 01:13
5581,5,80,2026-04-19 14:18,
5582,20,6,2026-03-15 00:59,
5583,31,82,19-Feb-2026 17:28,02/19/2026 05:28
5584,30,7,2026-03-13 12:30,03/13/2026 12:52
5585,33,72,15-Mar-2026 19:49,2026-03-15 19:49
5586,17,8,03/23/2026 12:36,03/23/2026 12:41
5587,35,88,15-Jan-2026 14:37,2026-01-15 14:34
5588,4,16,19-Jan-2026 04:01,19-Jan-2026 04:06
5589,22,90,2026-03-16 01:39,2026-03-16 02:01
5590,5,75,2026-03-03 14:10,2026-03-03 14:10
5591,3,73,01/28/2026 09:41,2026-01-28 21:46
5592,31,60,2026-01-08 07:17,01/08/2026 07:19
5593,17,45,2026-02-11 20:53,2026-02-11 20:53
5594,9,42,02/04/2026 12:21,
5595,23,82,04/18/2026 01:15,04/18/2026 01:20
5596,36,61,2026-02-12 21:52,12-Feb-2026 21:52
5597,11,80,21-Apr-2026 15:00,04/21/2026 03:08
5598,2,21,2026-02-16 09:49,02/16/2026 09:51
5599,26,86,2026-03-19 03:07,2026-03-19 03:04
5600,25,37,2026-04-08 03:50,2026-04-08 04:12
5601,36,30,02/28/2026 02:08,2026-02-28 02:16
5602,16,78,01/15/2026 02:20,2026-01-15 02:42
5603,10,61,2026-02-15 07:35,15-Feb-2026 07:37
5604,20,1,03/13/2026 01:48,
5605,7,53,2026-03-19 05:02,2026-03-19 05:02
5606,9,12,2026-03-10 03:46,2026-03-10 03:54
5607,27,28,2026-03-15 00:39,2026-03-15 00:36
5608,14,25,2026-03-08 08:15,2026-03-08 08:20
5609,8,84,2026-02-25 19:02,2026-02-25 19:02
5610,7,60,2026-03-03 19:26,03-Mar-2026 19:31
5611,22,62,2026-04-27 18:57,04/27/2026 06:57
5612,35,39,02-Feb-2026 16:49,2026-02-02 17:04
5613,8,47,2026-01-14 13:54,2026-01-14 14:09
5614,32,83,2026-04-22 03:06,2026-04-22 03:21
5615,38,77,02-Apr-2026 05:22,04/02/2026 05:44
5616,21,28,29-Apr-2026 15:49,2026-04-29 16:11
5617,37,16,2026-03-07 13:26,
5618,30,41,2026-01-22 16:55,01/22/2026 04:55
5619,15,36,29-Mar-2026 09:37,2026-03-29 09:39
5620,30,72,2026-02-01 05:21,2026-02-01 05:21
5621,33,12,2026-01-26 13:02,01/26/2026 01:04
5622,35,82,11-Mar-2026 21:24,11-Mar-2026 21:24
5623,5,35,2026-04-26 00:49,2026-04-26 01:19
5624,2,49,04/19/2026 07:18,19-Apr-2026 07:40
5625,39,14,01/27/2026 06:24,27-Jan-2026 18:21
5626,39,90,2026-04-25 11:22,2026-04-25 11:37
5627,18,57,2026-01-16 04:55,
5628,7,22,2026-02-27 23:12,2026-02-27 23:14
5629,3,1,02/16/2026 07:08,2026-02-16 07:30
5630,40,70,03/17/2026 03:53,17-Mar-2026 15:50
5631,9,15,2026-02-01 10:19,2026-02-01 10:19
5632,40,71,2026-02-23 18:26,
5633,30,80,03/13/2026 09:54,03/13/2026 10:16
5634,17,21,06-Jan-2026 21:38,2026-01-06 21:43
5635,18,18,2026-02-16 20:32,16-Feb-2026 20:34
5636,11,32,08-Apr-2026 01:50,
5637,23,75,2026-03-09 00:45,03/09/2026 12:53
5638,39,35,25-Mar-2026 04:28,2026-03-25 04:43
5639,32,90,04/21/2026 07:54,2026-04-21 19:54
5640,32,62,2026-04-15 15:15,15-Apr-2026 15:12
5641,14,50,2026-03-22 18:01,2026-03-22 18:01
5642,38,28,2026-04-21 04:21,2026-04-21 04:21
5643,18,30,2026-04-14 17:29,04/14/2026 05:44
5644,9,68,03/06/2026 05:29,03/06/2026 05:59
5645,25,55,03-Jan-2026 17:52,2026-01-03 18:00
5646,30,51,04-Jan-2026 02:40,01/04/2026 02:40
5647,6,8,01/17/2026 03:06,01/17/2026 03:06
5648,25,40,2026-04-30 07:29,30-Apr-2026 07:29
5649,9,36,03/04/2026 08:20,
5650,23,78,2026-04-26 06:30,2026-04-26 06:32
5651,18,83,2026-02-14 10:48,2026-02-14 11:18
5652,29,54,03/07/2026 11:52,2026-03-07 23:54
5653,17,72,03/06/2026 04:37,2026-03-06 04:45
5654,11,43,11-Apr-2026 06:31,11-Apr-2026 07:01
5655,4,11,31-Mar-2026 12:35,31-Mar-2026 12:35
5656,38,82,02/01/2026 09:16,2026-02-01 21:31
5657,11,27,2026-04-24 15:03,24-Apr-2026 15:33
5658,37,79,2026-01-10 14:24,2026-01-10 14:21
5659,3,57,2026-01-01 04:01,2026-01-01 04:01
5660,6,17,2026-02-21 11:52,2026-02-21 12:00
5661,21,29,2026-04-09 21:57,04/09/2026 09:59
5662,39,62,03/10/2026 06:54,2026-03-10 07:24
5663,5,40,01/24/2026 07:39,2026-01-24 19:39
5664,33,46,2026-01-26 14:53,2026-01-26 14:55
5665,27,10,01/13/2026 01:14,2026-01-13 13:36
5666,10,67,02/02/2026 04:30,02-Feb-2026 17:00
5667,13,85,02/09/2026 06:41,
5668,7,79,2026-01-13 00:10,2026-01-13 00:25
5669,16,26,2026-02-12 03:01,2026-02-12 03:06
5670,34,84,2026-02-24 20:40,2026-02-24 20:55
5671,12,87,01/03/2026 09:26,2026-01-03 21:26
5672,36,70,01/09/2026 06:56,2026-01-09 18:56
5673,16,54,03/30/2026 09:16,2026-03-30 09:31
5674,30,60,2026-03-24 19:34,2026-03-24 19:56
5675,23,45,2026-02-24 09:27,2026-02-24 09:29
5676,33,15,2026-04-22 15:54,2026-04-22 15:59
5677,8,14,2026-01-10 04:44,2026-01-10 05:14
5678,14,31,01/09/2026 11:27,2026-01-09 23:27
5679,16,25,29-Apr-2026 20:07,04/29/2026 08:15
5680,5,40,04/30/2026 04:58,2026-04-30 04:58
5681,10,49,2026-02-15 14:00,2026-02-15 14:15
5682,29,37,2026-01-20 07:39,2026-01-20 07:44
5683,33,62,2026-03-21 13:11,21-Mar-2026 13:26
5684,36,32,02/16/2026 10:00,2026-02-16 10:30
5685,4,23,2026-04-17 03:44,17-Apr-2026 03:52
5686,11,45,01/31/2026 12:49,01/31/2026 12:57
5687,14,59,03/26/2026 02:55,2026-03-26 02:52
5688,17,68,04/12/2026 07:47,12-Apr-2026 20:17
5689,20,78,07-Mar-2026 05:09,03/07/2026 05:17
5690,5,90,2026-04-17 07:26,04/17/2026 07:41
5691,19,39,2026-03-20 17:52,20-Mar-2026 17:54
5692,1,4,2026-02-16 22:27,16-Feb-2026 22:32
5693,34,49,04/01/2026 04:56,01-Apr-2026 05:18
5694,5,65,2026-04-18 00:40,04/18/2026 12:48
5695,8,88,2026-02-24 20:13,02/24/2026 08:43
5696,15,55,2026-03-31 05:14,31-Mar-2026 05:22
5697,9,65,2026-01-06 01:43,2026-01-06 01:43
5698,3,82,2026-04-01 03:56,2026-04-01 04:11
5699,16,14,2026-03-17 07:04,03/17/2026 07:04
5700,38,80,24-Jan-2026 05:04,24-Jan-2026 05:19
5701,23,62,28-Feb-2026 21:53,02/28/2026 09:58
5702,33,86,06-Feb-2026 15:08,2026-02-06 15:23
5703,33,44,17-Jan-2026 10:34,17-Jan-2026 10:49
5704,26,67,2026-04-03 11:52,2026-04-03 12:14
5705,21,47,03/17/2026 05:00,2026-03-17 17:15
5706,38,39,01/08/2026 08:31,2026-01-08 20:33
5707,27,82,2026-01-03 13:49,2026-01-03 13:57
5708,27,15,2026-01-14 01:29,14-Jan-2026 01:44
5709,12,17,17-Feb-2026 11:26,2026-02-17 11:23
5710,26,78,2026-03-15 13:29,03/15/2026 01:29
5711,28,73,24-Mar-2026 02:39,24-Mar-2026 02:36
5712,25,75,03/30/2026 11:44,03/30/2026 12:14
5713,33,81,21-Apr-2026 09:54,04/21/2026 09:54
5714,15,8,2026-03-05 06:16,03/05/2026 06:21
5715,25,74,2026-02-03 08:25,02/03/2026 08:55
5716,28,33,2026-01-25 05:43,2026-01-25 05:43
5717,26,76,2026-01-02 19:36,01/02/2026 07:36
5718,6,74,02-Apr-2026 11:03,02-Apr-2026 11:03
5719,24,86,2026-03-04 23:15,03/04/2026 11:30
5720,12,25,2026-01-03 04:44,2026-01-03 05:06
5721,23,63,2026-03-24 18:56,2026-03-24 19:01
5722,39,67,26-Feb-2026 07:44,
5723,20,2,2026-01-07 10:22,2026-01-07 10:44
5724,14,17,02/26/2026 04:01,2026-02-26 04:23
5725,25,27,2026-03-01 03:24,01-Mar-2026 03:32
5726,6,15,04/12/2026 08:38,12-Apr-2026 08:38
5727,35,1,20-Mar-2026 03:29,2026-03-20 03:59
5728,27,18,01/13/2026 05:11,01/13/2026 05:11
5729,7,84,01/30/2026 06:41,
5730,32,78,06-Jan-2026 11:09,2026-01-06 11:24
5731,26,30,03/13/2026 09:54,2026-03-13 09:59
5732,33,10,2026-04-29 08:05,04/29/2026 08:13
5733,18,44,2026-01-02 20:26,01/02/2026 08:48
5734,12,86,2026-04-20 10:45,2026-04-20 10:47
5735,14,45,04/26/2026 05:21,04/26/2026 05:21
5736,10,33,2026-03-04 10:22,2026-03-04 10:30
5737,7,75,2026-04-25 22:27,2026-04-25 22:29
5738,26,65,03/24/2026 06:56,2026-03-24 18:56
5739,26,43,2026-01-28 15:03,01/28/2026 03:08
5740,39,10,2026-04-02 02:42,02-Apr-2026 03:12
5741,16,65,02-Apr-2026 12:42,2026-04-02 12:42
5742,18,76,2026-03-26 23:30,2026-03-27 00:00
5743,26,11,16-Mar-2026 07:29,2026-03-16 07:37
5744,11,18,2026-03-12 09:38,03/12/2026 09:46
5745,37,86,05-Jan-2026 07:32,2026-01-05 08:02
5746,17,75,2026-02-23 23:26,02/23/2026 11:31
5747,21,59,29-Mar-2026 10:16,2026-03-29 10:31
5748,16,70,08-Apr-2026 14:03,2026-04-08 14:11
5749,3,75,01/17/2026 10:58,01/17/2026 11:13
5750,33,25,26-Jan-2026 18:51,26-Jan-2026 18:59
5751,38,25,11-Mar-2026 20:04,03/11/2026 08:34
5752,6,20,2026-04-26 23:36,04/26/2026 11:36
5753,21,86,2026-02-11 19:45,02/11/2026 08:07
5754,29,18,01/01/2026 03:07,
5755,15,82,02/09/2026 01:52,2026-02-09 01:52
5756,37,80,2026-03-19 17:15,2026-03-19 17:17
5757,2,26,2026-04-28 18:12,04/28/2026 06:17
5758,25,47,2026-03-18 13:18,03/18/2026 01:18
5759,1,45,03/15/2026 08:13,15-Mar-2026 20:18
5760,13,76,2026-03-16 06:44,
5761,17,51,2026-03-24 00:39,2026-03-24 00:54
5762,39,1,18-Apr-2026 11:15,18-Apr-2026 11:20
5763,36,84,2026-04-07 23:18,04/07/2026 11:18
5764,34,65,03/20/2026 01:15,
5765,11,43,08-Feb-2026 15:45,08-Feb-2026 16:15
5766,28,54,2026-01-24 06:16,24-Jan-2026 06:13
5767,3,73,03/01/2026 04:05,03/01/2026 04:05
5768,25,16,02/27/2026 10:22,2026-02-27 10:22
5769,5,75,11-Jan-2026 02:54,2026-01-11 03:16
5770,33,41,2026-02-16 21:36,02/16/2026 09:38
5771,32,37,14-Feb-2026 10:06,14-Feb-2026 10:08
5772,3,71,2026-04-21 00:35,04/21/2026 01:05
5773,37,49,2026-04-01 14:58,2026-04-01 14:58
5774,1,45,2026-02-23 11:36,02/23/2026 11:41
5775,12,46,2026-04-25 17:38,04/25/2026 06:08
5776,13,46,2026-04-20 10:31,2026-04-20 11:01
5777,37,37,12-Jan-2026 11:29,01/12/2026 11:51
5778,38,5,02/11/2026 01:19,02/11/2026 01:16
5779,29,87,18-Mar-2026 05:29,2026-03-18 05:44
5780,25,22,04/06/2026 07:35,06-Apr-2026 07:35
5781,20,3,2026-04-28 21:41,04/28/2026 10:03
5782,35,60,2026-02-22 04:55,2026-02-22 04:57
5783,7,66,2026-02-05 18:45,02/05/2026 07:15
5784,40,88,03/23/2026 12:06,2026-03-23 12:21
5785,11,1,2026-03-27 21:51,2026-03-27 21:48
5786,21,16,2026-02-10 11:57,10-Feb-2026 11:57
5787,33,54,2026-01-11 06:45,11-Jan-2026 07:00
5788,32,10,2026-04-18 22:29,04/18/2026 10:26
5789,9,5,2026-02-11 10:42,2026-02-11 11:04
5790,29,35,2026-01-07 02:20,2026-01-07 02:20
5791,1,27,2026-03-18 00:43,2026-03-18 00:40
5792,39,83,2026-01-31 21:38,2026-01-31 21:38
5793,22,60,2026-01-12 16:15,12-Jan-2026 16:45
5794,31,34,2026-03-08 04:06,2026-03-08 04:14
5795,23,23,2026-03-06 16:57,03/06/2026 05:02
5796,34,69,27-Jan-2026 14:49,01/27/2026 03:04
5797,39,74,01/09/2026 08:02,09-Jan-2026 20:10
5798,7,15,02/27/2026 06:49,02/27/2026 06:51
5799,35,45,2026-01-14 13:47,2026-01-14 14:02
5800,3,84,2026-03-09 00:59,2026-03-09 00:56
5801,39,70,02/06/2026 07:44,06-Feb-2026 19:44
5802,15,34,2026-03-20 23:48,
5803,32,41,03-Apr-2026 16:29,
5804,20,45,2026-03-10 14:21,03/10/2026 02:23
5805,37,20,2026-02-14 10:58,2026-02-14 11:06
5806,21,58,2026-01-10 18:10,01/10/2026 06:18
5807,34,82,2026-01-25 07:10,25-Jan-2026 07:10
5808,13,22,19-Feb-2026 00:46,2026-02-19 00:46
5809,25,15,04/06/2026 03:13,04/06/2026 03:13
5810,33,81,03/10/2026 06:46,2026-03-10 18:51
5811,12,28,2026-04-26 03:51,2026-04-26 03:48
5812,18,61,04/12/2026 11:50,2026-04-12 23:50
5813,7,74,04-Feb-2026 10:40,2026-02-04 10:40
5814,37,36,01/17/2026 10:25,17-Jan-2026 10:25
5815,15,18,04/03/2026 10:05,
5816,26,24,2026-03-05 10:41,05-Mar-2026 10:41
5817,24,36,2026-03-04 05:01,
5818,35,79,2026-01-30 21:20,2026-01-30 21:22
5819,1,7,2026-02-12 06:40,12-Feb-2026 06:42
5820,11,65,2026-01-28 10:15,28-Jan-2026 10:20
5821,1,40,03/23/2026 07:59,2026-03-23 08:14
5822,7,55,04/02/2026 04:53,2026-04-02 16:53
5823,10,47,01/11/2026 08:45,2026-01-11 20:42
5824,35,41,2026-03-12 06:10,2026-03-12 06:15
5825,4,88,06-Apr-2026 08:44,2026-04-06 08:44
5826,37,22,03/07/2026 07:25,03/07/2026 07:55
5827,19,51,26-Mar-2026 23:36,2026-03-26 23:51
5828,26,26,2026-02-14 10:25,2026-02-14 10:40
5829,31,21,13-Mar-2026 17:59,2026-03-13 17:59
5830,14,90,2026-03-15 18:27,
5831,19,86,2026-04-01 22:49,2026-04-01 22:49
5832,16,33,04/29/2026 04:37,2026-04-29 16:37
5833,7,8,2026-01-18 19:49,2026-01-18 20:04
5834,10,68,2026-02-19 21:39,2026-02-19 21:39
5835,1,69,2026-04-26 17:14,2026-04-26 17:29
5836,37,46,01/14/2026 07:50,01/14/2026 07:50
5837,34,55,2026-01-15 12:38,01/15/2026 12:53
5838,4,24,12-Mar-2026 21:36,2026-03-12 22:06
5839,7,57,02/17/2026 04:01,17-Feb-2026 15:58
5840,40,14,11-Mar-2026 03:05,2026-03-11 03:10
5841,2,54,03/12/2026 06:57,2026-03-12 19:02
5842,31,29,27-Jan-2026 20:26,27-Jan-2026 20:26
5843,18,20,02/08/2026 11:52,2026-02-08 12:00
5844,17,2,2026-03-25 21:46,
5845,1,88,03/26/2026 11:29,2026-03-26 11:37
5846,16,85,2026-04-30 22:15,30-Apr-2026 22:15
5847,28,57,2026-01-18 03:56,01/18/2026 03:58
5848,8,64,2026-01-15 16:03,2026-01-15 16:11
5849,5,22,13-Apr-2026 11:22,2026-04-13 11:22
5850,38,23,2026-01-29 12:15,29-Jan-2026 12:12
5851,36,10,03/06/2026 09:44,03/06/2026 09:41
5852,23,18,21-Jan-2026 03:29,2026-01-21 03:26
5853,11,54,2026-04-21 13:14,21-Apr-2026 13:14
5854,4,62,11-Feb-2026 12:01,2026-02-11 12:31
5855,39,38,2026-02-13 10:30,2026-02-13 10:30
5856,11,63,02/15/2026 02:53,02/15/2026 02:55
5857,33,37,2026-02-23 19:52,2026-02-23 19:54
5858,26,46,2026-02-16 18:22,2026-02-16 18:27
5859,36,46,2026-04-06 11:46,04/06/2026 11:46
5860,17,13,02/22/2026 08:01,02/22/2026 08:01
5861,3,66,28-Feb-2026 03:08,02/28/2026 03:08
5862,18,86,04-Apr-2026 01:16,04/04/2026 01:24
5863,21,16,2026-04-12 09:58,2026-04-12 10:20
5864,4,79,2026-01-10 11:07,01/10/2026 11:29
5865,15,73,01/20/2026 12:27,20-Jan-2026 12:49
5866,1,4,02/06/2026 11:36,02/06/2026 11:33
5867,33,89,20-Feb-2026 10:24,02/20/2026 10:32
5868,32,27,2026-03-29 04:11,2026-03-29 04:26
5869,1,57,2026-01-25 14:15,01/25/2026 02:15
5870,31,34,2026-01-19 20:21,2026-01-19 20:18
5871,28,67,2026-04-19 04:09,19-Apr-2026 04:17
5872,9,69,04/17/2026 02:39,
5873,14,75,02/14/2026 11:27,2026-02-14 23:27
5874,39,43,29-Mar-2026 22:55,2026-03-29 23:10
5875,19,72,2026-01-10 08:13,2026-01-10 08:28
5876,31,67,2026-01-13 15:38,2026-01-13 15:35
5877,22,32,2026-03-30 17:51,30-Mar-2026 18:21
5878,33,30,2026-04-22 15:26,04/22/2026 03:56
5879,23,31,2026-04-20 02:53,2026-04-20 03:08
5880,35,45,2026-02-04 06:17,04-Feb-2026 06:39
5881,19,4,2026-01-17 22:17,2026-01-17 22:47
5882,20,59,2026-03-01 21:36,01-Mar-2026 21:58
5883,3,36,18-Apr-2026 03:02,
5884,27,59,2026-04-08 05:07,08-Apr-2026 05:22
5885,22,74,29-Mar-2026 05:59,2026-03-29 06:14
5886,3,85,02/06/2026 12:18,2026-02-06 12:26
5887,26,70,2026-04-16 16:29,
5888,2,38,01/20/2026 10:26,2026-01-20 22:34
5889,18,28,2026-01-06 18:29,06-Jan-2026 18:29
5890,33,85,2026-04-03 03:50,04/03/2026 03:50
5891,28,74,2026-04-18 01:51,2026-04-18 02:13
5892,27,32,02/26/2026 02:33,02/26/2026 02:38
5893,22,57,12-Apr-2026 04:54,12-Apr-2026 04:54
5894,25,42,03/28/2026 08:18,03/28/2026 08:18
5895,10,76,2026-01-22 10:06,01/22/2026 10:03
5896,35,66,08-Mar-2026 19:35,08-Mar-2026 20:05
5897,38,9,24-Apr-2026 16:34,
5898,34,38,01/19/2026 04:33,01/19/2026 04:30
5899,24,25,03/26/2026 04:29,
5900,18,28,24-Mar-2026 23:07,2026-03-24 23:04
5901,37,52,2026-03-31 22:24,03/31/2026 10:39
5902,17,33,04/10/2026 03:47,04/10/2026 03:52
5903,1,1,01/11/2026 06:15,2026-01-11 18:37
5904,3,20,02/13/2026 09:46,02/13/2026 09:46
5905,20,6,03/22/2026 10:11,03/22/2026 10:11
5906,34,21,02/02/2026 02:59,02/02/2026 03:07
5907,20,20,24-Mar-2026 13:09,24-Mar-2026 13:14
5908,32,74,2026-04-20 01:58,04/20/2026 01:58
5909,39,62,05-Feb-2026 11:33,05-Feb-2026 11:41
5910,29,47,03-Apr-2026 14:40,04/03/2026 02:37
5911,16,86,30-Mar-2026 04:00,2026-03-30 04:08
5912,38,90,2026-01-27 00:13,01/27/2026 12:13
5913,32,59,01/22/2026 09:54,2026-01-22 22:09
5914,7,61,22-Feb-2026 16:44,2026-02-22 16:49
5915,11,45,10-Mar-2026 15:13,
5916,19,16,06-Feb-2026 14:05,06-Feb-2026 14:20
5917,30,46,2026-01-27 21:08,2026-01-27 21:30
5918,10,58,15-Apr-2026 19:04,2026-04-15 19:26
5919,28,28,2026-03-01 07:25,2026-03-01 07:30
5920,30,21,04/14/2026 04:03,2026-04-14 16:08
5921,36,81,2026-01-19 07:55,2026-01-19 08:17
5922,11,57,2026-01-07 07:22,07-Jan-2026 07:24
5923,26,82,02/12/2026 06:12,12-Feb-2026 06:17
5924,18,62,2026-01-23 22:59,
5925,19,50,27-Mar-2026 02:04,03/27/2026 02:04
5926,28,80,2026-01-04 21:41,01/04/2026 09:49
5927,23,5,2026-02-03 15:19,
5928,17,4,24-Apr-2026 13:33,24-Apr-2026 13:33
5929,10,87,11-Jan-2026 02:08,2026-01-11 02:23
5930,26,42,02/22/2026 03:40,2026-02-22 03:40
5931,8,89,16-Mar-2026 23:30,2026-03-16 23:38
5932,11,65,21-Mar-2026 01:38,2026-03-21 01:38
5933,5,31,2026-04-05 12:49,2026-04-05 12:51
5934,15,49,22-Mar-2026 18:02,2026-03-22 17:59
5935,23,43,2026-03-09 18:33,2026-03-09 18:33
5936,1,45,08-Mar-2026 12:26,
5937,11,80,2026-03-09 23:45,10-Mar-2026 00:07
5938,18,38,2026-01-17 20:37,01/17/2026 09:07
5939,35,76,03/21/2026 12:15,03/21/2026 12:23
5940,39,20,2026-03-14 15:59,2026-03-14 15:59
5941,12,43,2026-03-04 22:59,04-Mar-2026 23:29
5942,29,89,2026-03-08 02:58,08-Mar-2026 03:20
5943,17,76,2026-03-02 21:46,2026-03-02 21:46
5944,13,35,15-Feb-2026 17:24,02/15/2026 05:24
5945,40,64,03/19/2026 12:35,2026-03-19 00:40
5946,6,51,02/20/2026 11:14,
5947,10,90,03/20/2026 01:23,2026-03-20 13:23
5948,17,58,01/08/2026 02:56,2026-01-08 02:56
5949,34,89,2026-01-20 16:28,01/20/2026 04:28
5950,35,35,01/08/2026 10:19,2026-01-08 22:24
5951,20,71,04/28/2026 10:38,28-Apr-2026 22:38
5952,26,66,2026-01-21 00:26,2026-01-21 00:28
5953,1,67,2026-01-04 07:09,01/04/2026 07:39
5954,1,43,30-Apr-2026 03:02,2026-04-30 02:59
5955,2,25,2026-02-09 10:28,09-Feb-2026 10:36
5956,36,15,2026-01-09 18:41,2026-01-09 18:43
5957,34,85,20-Mar-2026 15:56,03/20/2026 03:56
5958,7,31,2026-01-13 11:13,2026-01-13 11:43
5959,2,18,2026-04-26 20:20,26-Apr-2026 20:25
5960,29,55,2026-02-17 00:26,02/17/2026 12:34
5961,13,51,2026-01-29 21:20,01/29/2026 09:25
5962,36,34,17-Apr-2026 10:58,2026-04-17 11:28
5963,12,50,01-Jan-2026 19:39,2026-01-01 19:41
5964,17,56,2026-03-09 06:07,03/09/2026 06:29
5965,8,54,2026-03-13 03:10,03/13/2026 03:07
5966,14,3,21-Feb-2026 22:58,2026-02-21 22:58
5967,33,73,2026-03-14 02:33,2026-03-14 02:38
5968,34,50,27-Jan-2026 05:52,27-Jan-2026 06:22
5969,13,17,24-Jan-2026 03:12,
5970,10,35,11-Apr-2026 14:16,11-Apr-2026 14:16
5971,27,13,02/09/2026 02:34,2026-02-09 14:42
5972,21,70,2026-03-14 05:54,14-Mar-2026 06:02
5973,13,74,2026-02-14 16:10,2026-02-14 16:07
5974,18,82,20-Feb-2026 20:04,02/20/2026 08:26
5975,23,73,10-Apr-2026 08:18,2026-04-10 08:18
5976,40,50,2026-03-09 21:10,03/09/2026 09:18
5977,39,54,26-Jan-2026 20:43,2026-01-26 20:43
5978,27,69,2026-02-12 22:54,2026-02-12 23:02
5979,17,16,2026-04-07 22:11,07-Apr-2026 22:19
5980,31,72,2026-01-06 22:56,06-Jan-2026 22:56
5981,2,12,2026-03-24 17:05,2026-03-24 17:05
5982,37,38,08-Mar-2026 01:20,
5983,25,85,2026-04-15 00:26,04/15/2026 12:34
5984,18,13,2026-04-27 23:17,2026-04-27 23:17
5985,14,24,02/13/2026 09:17,2026-02-13 09:14
5986,28,60,04/15/2026 07:59,04/15/2026 08:14
5987,17,61,03/29/2026 06:11,03/29/2026 06:11
5988,7,11,2026-01-12 04:46,2026-01-12 04:43
5989,30,72,2026-02-01 13:40,2026-02-01 13:37
5990,31,80,03/04/2026 10:47,2026-03-04 22:52
5991,21,28,2026-04-18 16:11,2026-04-18 16:11
5992,24,64,2026-03-28 19:34,2026-03-28 19:56
5993,29,87,2026-03-03 17:26,03/03/2026 05:23
5994,23,24,2026-01-17 23:20,2026-01-17 23:17
5995,3,30,2026-03-10 21:31,03/10/2026 09:46
5996,35,63,09-Apr-2026 16:07,09-Apr-2026 16:07
5997,2,86,2026-02-21 22:45,02/21/2026 11:15
5998,16,48,04/02/2026 01:30,2026-04-02 13:52
5999,25,74,02/14/2026 11:58,2026-02-14 12:06
6000,4,20,2026-02-27 18:00,02/27/2026 06:15
5768,25,16,02/27/2026 10:22,2026-02-27 10:22
5288,14,31,20-Jan-2026 03:25,2026-01-20 03:22
3885,24,69,2026-01-05 11:38,2026-01-05 11:43
4851,3,52,2026-04-28 15:25,2026-04-28 15:47
2375,32,55,04/13/2026 04:40,13-Apr-2026 04:42
3372,35,1,19-Mar-2026 00:02,19-Mar-2026 00:32
3647,33,56,2026-03-20 04:04,03/20/2026 04:04
5283,30,6,06-Feb-2026 04:13,2026-02-06 04:13
3705,4,4,2026-03-09 05:15,2026-03-09 05:23
4304,29,53,25-Feb-2026 02:26,2026-02-25 02:26
5444,15,74,16-Jan-2026 09:16,2026-01-16 09:21
560,30,88,25-Mar-2026 20:55,2026-03-25 21:17
4259,26,60,2026-01-02 23:04,02-Jan-2026 23:12
4666,23,53,22-Jan-2026 15:10,
4234,7,12,01/23/2026 11:37,2026-01-23 23:37
3560,29,54,2026-04-01 08:48,2026-04-01 08:45
1764,5,1,01/06/2026 09:13,06-Jan-2026 21:10
5879,23,31,2026-04-20 02:53,2026-04-20 03:08
3394,36,32,2026-02-09 04:49,09-Feb-2026 05:11
643,17,39,01/17/2026 05:32,01/17/2026 05:34
1842,12,67,01/28/2026 01:23,2026-01-28 13:23
4704,36,77,2026-02-28 19:20,2026-02-28 19:20
2668,13,41,2026-02-26 07:29,26-Feb-2026 07:37
5066,23,39,2026-04-07 14:36,2026-04-07 14:33
5888,2,38,01/20/2026 10:26,2026-01-20 22:34
